Copyright 1986-2022 Xilinx, Inc. All Rights Reserved. Copyright 2022-2024 Advanced Micro Devices, Inc. All Rights Reserved.
------------------------------------------------------------------------------------------------------------------------------------------------------------------------------------------------------------------------------------------------------
| Tool Version : Vivado v.2024.2 (lin64) Build 5239630 Fri Nov 08 22:34:34 MST 2024
| Date         : Wed Sep 30 11:35:36 2026
| Host         : user13-H410M-HD3P running 64-bit Ubuntu 24.04.4 LTS
| Command      : report_timing_summary -max_paths 10 -report_unconstrained -file pitch_fft_voice_top_timing_summary_routed.rpt -pb pitch_fft_voice_top_timing_summary_routed.pb -rpx pitch_fft_voice_top_timing_summary_routed.rpx -warn_on_violation
| Design       : pitch_fft_voice_top
| Device       : 7a35t-cpg236
| Speed File   : -1  PRODUCTION 1.23 2018-06-13
| Design State : Routed
------------------------------------------------------------------------------------------------------------------------------------------------------------------------------------------------------------------------------------------------------

Timing Summary Report

------------------------------------------------------------------------------------------------
| Timer Settings
| --------------
------------------------------------------------------------------------------------------------

  Enable Multi Corner Analysis               :  Yes
  Enable Pessimism Removal                   :  Yes
  Pessimism Removal Resolution               :  Nearest Common Node
  Enable Input Delay Default Clock           :  No
  Enable Preset / Clear Arcs                 :  No
  Disable Flight Delays                      :  No
  Ignore I/O Paths                           :  No
  Timing Early Launch at Borrowing Latches   :  No
  Borrow Time for Max Delay Exceptions       :  Yes
  Merge Timing Exceptions                    :  Yes
  Inter-SLR Compensation                     :  Conservative

  Corner  Analyze    Analyze    
  Name    Max Paths  Min Paths  
  ------  ---------  ---------  
  Slow    Yes        Yes        
  Fast    Yes        Yes        


------------------------------------------------------------------------------------------------
| Report Methodology
| ------------------
------------------------------------------------------------------------------------------------

Rule       Severity  Description                                 Violations  
---------  --------  ------------------------------------------  ----------  
SYNTH-6    Warning   Timing of a RAM block might be sub-optimal  2           
TIMING-16  Warning   Large setup violation                       614         
TIMING-18  Warning   Missing input or output delay               37          

Note: This report is based on the most recent report_methodology run and may not be up-to-date. Run report_methodology on the current design for the latest report.



check_timing report

Table of Contents
-----------------
1. checking no_clock (0)
2. checking constant_clock (0)
3. checking pulse_width_clock (0)
4. checking unconstrained_internal_endpoints (0)
5. checking no_input_delay (8)
6. checking no_output_delay (29)
7. checking multiple_clock (0)
8. checking generated_clocks (0)
9. checking loops (0)
10. checking partial_input_delay (0)
11. checking partial_output_delay (0)
12. checking latch_loops (0)

1. checking no_clock (0)
------------------------
 There are 0 register/latch pins with no clock.


2. checking constant_clock (0)
------------------------------
 There are 0 register/latch pins with constant_clock.


3. checking pulse_width_clock (0)
---------------------------------
 There are 0 register/latch pins which need pulse_width check


4. checking unconstrained_internal_endpoints (0)
------------------------------------------------
 There are 0 pins that are not constrained for maximum delay.

 There are 0 pins that are not constrained for maximum delay due to constant clock.


5. checking no_input_delay (8)
------------------------------
 There are 8 input ports with no input delay specified. (HIGH)

 There are 0 input ports with no input delay but user has a false path constraint.


6. checking no_output_delay (29)
--------------------------------
 There are 29 ports with no output delay specified. (HIGH)

 There are 0 ports with no output delay but user has a false path constraint

 There are 0 ports with no output delay but with a timing clock defined on it or propagating through it


7. checking multiple_clock (0)
------------------------------
 There are 0 register/latch pins with multiple clocks.


8. checking generated_clocks (0)
--------------------------------
 There are 0 generated clocks that are not connected to a clock source.


9. checking loops (0)
---------------------
 There are 0 combinational loops in the design.


10. checking partial_input_delay (0)
------------------------------------
 There are 0 input ports with partial input delay specified.


11. checking partial_output_delay (0)
-------------------------------------
 There are 0 ports with partial output delay specified.


12. checking latch_loops (0)
----------------------------
 There are 0 combinational latch loops in the design through latch input



------------------------------------------------------------------------------------------------
| Design Timing Summary
| ---------------------
------------------------------------------------------------------------------------------------

    WNS(ns)      TNS(ns)  TNS Failing Endpoints  TNS Total Endpoints      WHS(ns)      THS(ns)  THS Failing Endpoints  THS Total Endpoints     WPWS(ns)     TPWS(ns)  TPWS Failing Endpoints  TPWS Total Endpoints  
    -------      -------  ---------------------  -------------------      -------      -------  ---------------------  -------------------     --------     --------  ----------------------  --------------------  
     -3.478    -1446.179                    651                 6292        0.015        0.000                      0                 6292        4.020        0.000                       0                  2749  


Timing constraints are not met.


------------------------------------------------------------------------------------------------
| Clock Summary
| -------------
------------------------------------------------------------------------------------------------

Clock        Waveform(ns)       Period(ns)      Frequency(MHz)
-----        ------------       ----------      --------------
sys_clk_pin  {0.000 5.000}      10.000          100.000         


------------------------------------------------------------------------------------------------
| Intra Clock Table
| -----------------
------------------------------------------------------------------------------------------------

Clock             WNS(ns)      TNS(ns)  TNS Failing Endpoints  TNS Total Endpoints      WHS(ns)      THS(ns)  THS Failing Endpoints  THS Total Endpoints     WPWS(ns)     TPWS(ns)  TPWS Failing Endpoints  TPWS Total Endpoints  
-----             -------      -------  ---------------------  -------------------      -------      -------  ---------------------  -------------------     --------     --------  ----------------------  --------------------  
sys_clk_pin        -3.478    -1446.179                    651                 6292        0.015        0.000                      0                 6292        4.020        0.000                       0                  2749  


------------------------------------------------------------------------------------------------
| Inter Clock Table
| -----------------
------------------------------------------------------------------------------------------------

From Clock    To Clock          WNS(ns)      TNS(ns)  TNS Failing Endpoints  TNS Total Endpoints      WHS(ns)      THS(ns)  THS Failing Endpoints  THS Total Endpoints  
----------    --------          -------      -------  ---------------------  -------------------      -------      -------  ---------------------  -------------------  


------------------------------------------------------------------------------------------------
| Other Path Groups Table
| -----------------------
------------------------------------------------------------------------------------------------

Path Group    From Clock    To Clock          WNS(ns)      TNS(ns)  TNS Failing Endpoints  TNS Total Endpoints      WHS(ns)      THS(ns)  THS Failing Endpoints  THS Total Endpoints  
----------    ----------    --------          -------      -------  ---------------------  -------------------      -------      -------  ---------------------  -------------------  


------------------------------------------------------------------------------------------------
| User Ignored Path Table
| -----------------------
------------------------------------------------------------------------------------------------

Path Group    From Clock    To Clock    
----------    ----------    --------    


------------------------------------------------------------------------------------------------
| Unconstrained Path Table
| ------------------------
------------------------------------------------------------------------------------------------

Path Group    From Clock    To Clock    
----------    ----------    --------    
(none)                                    
(none)        sys_clk_pin                 
(none)                      sys_clk_pin   


------------------------------------------------------------------------------------------------
| Timing Details
| --------------
------------------------------------------------------------------------------------------------


---------------------------------------------------------------------------------------------------
From Clock:  sys_clk_pin
  To Clock:  sys_clk_pin

Setup :          651  Failing Endpoints,  Worst Slack       -3.478ns,  Total Violation    -1446.179ns
Hold  :            0  Failing Endpoints,  Worst Slack        0.015ns,  Total Violation        0.000ns
PW    :            0  Failing Endpoints,  Worst Slack        4.020ns,  Total Violation        0.000ns
---------------------------------------------------------------------------------------------------


Max Delay Paths
--------------------------------------------------------------------------------------
Slack (VIOLATED) :        -3.478ns  (required time - arrival time)
  Source:                 u_detector/c4_bin34_reg[3]/C
                            (rising edge-triggered cell FDRE clocked by sys_clk_pin  {rise@0.000ns fall@5.000ns period=10.000ns})
  Destination:            u_detector/second_ok_reg/D
                            (rising edge-triggered cell FDRE clocked by sys_clk_pin  {rise@0.000ns fall@5.000ns period=10.000ns})
  Path Group:             sys_clk_pin
  Path Type:              Setup (Max at Slow Process Corner)
  Requirement:            10.000ns  (sys_clk_pin rise@10.000ns - sys_clk_pin rise@0.000ns)
  Data Path Delay:        13.355ns  (logic 5.247ns (39.289%)  route 8.108ns (60.711%))
  Logic Levels:           24  (CARRY4=12 LUT3=2 LUT4=1 LUT5=2 LUT6=7)
  Clock Path Skew:        -0.119ns (DCD - SCD + CPR)
    Destination Clock Delay (DCD):    4.760ns = ( 14.760 - 10.000 ) 
    Source Clock Delay      (SCD):    5.066ns
    Clock Pessimism Removal (CPR):    0.187ns
  Clock Uncertainty:      0.035ns  ((TSJ^2 + TIJ^2)^1/2 + DJ) / 2 + PE
    Total System Jitter     (TSJ):    0.071ns
    Total Input Jitter      (TIJ):    0.000ns
    Discrete Jitter          (DJ):    0.000ns
    Phase Error              (PE):    0.000ns

    Location             Delay type                Incr(ns)  Path(ns)    Netlist Resource(s)
  -------------------------------------------------------------------    -------------------
                         (clock sys_clk_pin rise edge)
                                                      0.000     0.000 r  
    W5                                                0.000     0.000 r  clk (IN)
                         net (fo=0)                   0.000     0.000    clk
    W5                   IBUF (Prop_ibuf_I_O)         1.458     1.458 r  clk_IBUF_inst/O
                         net (fo=1, routed)           1.967     3.425    clk_IBUF
    BUFGCTRL_X0Y0        BUFG (Prop_bufg_I_O)         0.096     3.521 r  clk_IBUF_BUFG_inst/O
                         net (fo=2748, routed)        1.545     5.066    u_detector/CLK
    SLICE_X39Y66         FDRE                                         r  u_detector/c4_bin34_reg[3]/C
  -------------------------------------------------------------------    -------------------
    SLICE_X39Y66         FDRE (Prop_fdre_C_Q)         0.456     5.522 r  u_detector/c4_bin34_reg[3]/Q
                         net (fo=8, routed)           0.846     6.367    u_detector/c4_bin34_reg_n_0_[3]
    SLICE_X37Y66         LUT4 (Prop_lut4_I1_O)        0.124     6.491 r  u_detector/best_score[28]_i_65/O
                         net (fo=1, routed)           0.000     6.491    u_detector/best_score[28]_i_65_n_0
    SLICE_X37Y66         CARRY4 (Prop_carry4_S[1]_CO[3])
                                                      0.550     7.041 r  u_detector/best_score_reg[28]_i_41/CO[3]
                         net (fo=1, routed)           0.000     7.041    u_detector/best_score_reg[28]_i_41_n_0
    SLICE_X37Y67         CARRY4 (Prop_carry4_CI_CO[3])
                                                      0.114     7.155 r  u_detector/best_score_reg[28]_i_23/CO[3]
                         net (fo=1, routed)           0.000     7.155    u_detector/best_score_reg[28]_i_23_n_0
    SLICE_X37Y68         CARRY4 (Prop_carry4_CI_CO[3])
                                                      0.114     7.269 r  u_detector/best_score_reg[28]_i_13/CO[3]
                         net (fo=1, routed)           0.000     7.269    u_detector/best_score_reg[28]_i_13_n_0
    SLICE_X37Y69         CARRY4 (Prop_carry4_CI_CO[1])
                                                      0.157     7.426 r  u_detector/best_score_reg[28]_i_11/CO[1]
                         net (fo=78, routed)          0.853     8.279    u_detector/c4_pair_max1
    SLICE_X39Y67         LUT3 (Prop_lut3_I1_O)        0.329     8.608 r  u_detector/best_score[7]_i_13/O
                         net (fo=4, routed)           0.655     9.264    u_detector/p_0_in0_in[2]
    SLICE_X36Y66         CARRY4 (Prop_carry4_DI[2]_CO[3])
                                                      0.398     9.662 r  u_detector/best_score_reg[7]_i_11/CO[3]
                         net (fo=1, routed)           0.000     9.662    u_detector/best_score_reg[7]_i_11_n_0
    SLICE_X36Y67         CARRY4 (Prop_carry4_CI_CO[3])
                                                      0.114     9.776 r  u_detector/best_score_reg[11]_i_11/CO[3]
                         net (fo=1, routed)           0.000     9.776    u_detector/best_score_reg[11]_i_11_n_0
    SLICE_X36Y68         CARRY4 (Prop_carry4_CI_CO[3])
                                                      0.114     9.890 r  u_detector/best_score_reg[15]_i_11/CO[3]
                         net (fo=1, routed)           0.000     9.890    u_detector/best_score_reg[15]_i_11_n_0
    SLICE_X36Y69         CARRY4 (Prop_carry4_CI_O[0])
                                                      0.222    10.112 f  u_detector/best_score_reg[19]_i_11/O[0]
                         net (fo=4, routed)           0.995    11.106    u_detector/c4_f_eff[12]
    SLICE_X39Y70         LUT5 (Prop_lut5_I1_O)        0.299    11.405 f  u_detector/fund_bin[6]_i_98/O
                         net (fo=2, routed)           0.668    12.073    u_detector/fund_bin[6]_i_98_n_0
    SLICE_X38Y70         LUT6 (Prop_lut6_I0_O)        0.124    12.197 r  u_detector/fund_bin[6]_i_31/O
                         net (fo=9, routed)           0.803    13.000    u_detector/fund_bin[6]_i_31_n_0
    SLICE_X38Y70         LUT6 (Prop_lut6_I5_O)        0.124    13.124 r  u_detector/fund_bin[6]_i_8/O
                         net (fo=142, routed)         0.661    13.786    u_detector/fund_bin[6]_i_8_n_0
    SLICE_X34Y71         LUT3 (Prop_lut3_I1_O)        0.124    13.910 r  u_detector/second_ok_i_57/O
                         net (fo=5, routed)           0.464    14.374    u_detector/second_ok_i_57_n_0
    SLICE_X34Y71         LUT6 (Prop_lut6_I3_O)        0.124    14.498 r  u_detector/second_ok_i_63/O
                         net (fo=1, routed)           0.425    14.922    u_detector/second_ok_i_63_n_0
    SLICE_X34Y72         LUT6 (Prop_lut6_I0_O)        0.124    15.046 r  u_detector/second_ok_i_50/O
                         net (fo=16, routed)          0.612    15.658    u_detector/second_ok_i_50_n_0
    SLICE_X32Y72         LUT5 (Prop_lut5_I4_O)        0.124    15.782 r  u_detector/third_ok_i_38/O
                         net (fo=1, routed)           0.000    15.782    u_detector/third_ok_i_38_n_0
    SLICE_X32Y72         CARRY4 (Prop_carry4_S[1]_CO[3])
                                                      0.550    16.332 r  u_detector/third_ok_reg_i_17/CO[3]
                         net (fo=1, routed)           0.000    16.332    u_detector/third_ok_reg_i_17_n_0
    SLICE_X32Y73         CARRY4 (Prop_carry4_CI_CO[3])
                                                      0.114    16.446 r  u_detector/third_ok_reg_i_8/CO[3]
                         net (fo=1, routed)           0.000    16.446    u_detector/third_ok_reg_i_8_n_0
    SLICE_X32Y74         CARRY4 (Prop_carry4_CI_CO[3])
                                                      0.114    16.560 r  u_detector/third_ok_reg_i_3/CO[3]
                         net (fo=1, routed)           0.009    16.569    u_detector/third_ok_reg_i_3_n_0
    SLICE_X32Y75         CARRY4 (Prop_carry4_CI_CO[1])
                                                      0.157    16.726 r  u_detector/third_ok_reg_i_2/CO[1]
                         net (fo=3, routed)           0.446    17.172    u_detector/report_h3_ok
    SLICE_X33Y75         LUT6 (Prop_lut6_I3_O)        0.329    17.501 f  u_detector/fund_bin[6]_i_22_comp_1/O
                         net (fo=1, routed)           0.154    17.655    u_detector/fund_bin[6]_i_22_n_0
    SLICE_X33Y75         LUT6 (Prop_lut6_I0_O)        0.124    17.779 f  u_detector/fund_bin[6]_i_6/O
                         net (fo=10, routed)          0.518    18.297    u_detector/fund_bin[6]_i_6_n_0
    SLICE_X35Y76         LUT6 (Prop_lut6_I4_O)        0.124    18.421 r  u_detector/second_ok_i_1/O
                         net (fo=1, routed)           0.000    18.421    u_detector/second_ok_i_1_n_0
    SLICE_X35Y76         FDRE                                         r  u_detector/second_ok_reg/D
  -------------------------------------------------------------------    -------------------

                         (clock sys_clk_pin rise edge)
                                                     10.000    10.000 r  
    W5                                                0.000    10.000 r  clk (IN)
                         net (fo=0)                   0.000    10.000    clk
    W5                   IBUF (Prop_ibuf_I_O)         1.388    11.388 r  clk_IBUF_inst/O
                         net (fo=1, routed)           1.862    13.250    clk_IBUF
    BUFGCTRL_X0Y0        BUFG (Prop_bufg_I_O)         0.091    13.341 r  clk_IBUF_BUFG_inst/O
                         net (fo=2748, routed)        1.419    14.760    u_detector/CLK
    SLICE_X35Y76         FDRE                                         r  u_detector/second_ok_reg/C
                         clock pessimism              0.187    14.947    
                         clock uncertainty           -0.035    14.911    
    SLICE_X35Y76         FDRE (Setup_fdre_C_D)        0.031    14.942    u_detector/second_ok_reg
  -------------------------------------------------------------------
                         required time                         14.942    
                         arrival time                         -18.421    
  -------------------------------------------------------------------
                         slack                                 -3.478    

Slack (VIOLATED) :        -3.474ns  (required time - arrival time)
  Source:                 u_detector/c4_bin34_reg[3]/C
                            (rising edge-triggered cell FDRE clocked by sys_clk_pin  {rise@0.000ns fall@5.000ns period=10.000ns})
  Destination:            u_detector/fund_bin_reg[2]/D
                            (rising edge-triggered cell FDRE clocked by sys_clk_pin  {rise@0.000ns fall@5.000ns period=10.000ns})
  Path Group:             sys_clk_pin
  Path Type:              Setup (Max at Slow Process Corner)
  Requirement:            10.000ns  (sys_clk_pin rise@10.000ns - sys_clk_pin rise@0.000ns)
  Data Path Delay:        13.352ns  (logic 5.247ns (39.298%)  route 8.105ns (60.702%))
  Logic Levels:           24  (CARRY4=12 LUT3=2 LUT4=1 LUT5=2 LUT6=7)
  Clock Path Skew:        -0.117ns (DCD - SCD + CPR)
    Destination Clock Delay (DCD):    4.762ns = ( 14.762 - 10.000 ) 
    Source Clock Delay      (SCD):    5.066ns
    Clock Pessimism Removal (CPR):    0.187ns
  Clock Uncertainty:      0.035ns  ((TSJ^2 + TIJ^2)^1/2 + DJ) / 2 + PE
    Total System Jitter     (TSJ):    0.071ns
    Total Input Jitter      (TIJ):    0.000ns
    Discrete Jitter          (DJ):    0.000ns
    Phase Error              (PE):    0.000ns

    Location             Delay type                Incr(ns)  Path(ns)    Netlist Resource(s)
  -------------------------------------------------------------------    -------------------
                         (clock sys_clk_pin rise edge)
                                                      0.000     0.000 r  
    W5                                                0.000     0.000 r  clk (IN)
                         net (fo=0)                   0.000     0.000    clk
    W5                   IBUF (Prop_ibuf_I_O)         1.458     1.458 r  clk_IBUF_inst/O
                         net (fo=1, routed)           1.967     3.425    clk_IBUF
    BUFGCTRL_X0Y0        BUFG (Prop_bufg_I_O)         0.096     3.521 r  clk_IBUF_BUFG_inst/O
                         net (fo=2748, routed)        1.545     5.066    u_detector/CLK
    SLICE_X39Y66         FDRE                                         r  u_detector/c4_bin34_reg[3]/C
  -------------------------------------------------------------------    -------------------
    SLICE_X39Y66         FDRE (Prop_fdre_C_Q)         0.456     5.522 r  u_detector/c4_bin34_reg[3]/Q
                         net (fo=8, routed)           0.846     6.367    u_detector/c4_bin34_reg_n_0_[3]
    SLICE_X37Y66         LUT4 (Prop_lut4_I1_O)        0.124     6.491 r  u_detector/best_score[28]_i_65/O
                         net (fo=1, routed)           0.000     6.491    u_detector/best_score[28]_i_65_n_0
    SLICE_X37Y66         CARRY4 (Prop_carry4_S[1]_CO[3])
                                                      0.550     7.041 r  u_detector/best_score_reg[28]_i_41/CO[3]
                         net (fo=1, routed)           0.000     7.041    u_detector/best_score_reg[28]_i_41_n_0
    SLICE_X37Y67         CARRY4 (Prop_carry4_CI_CO[3])
                                                      0.114     7.155 r  u_detector/best_score_reg[28]_i_23/CO[3]
                         net (fo=1, routed)           0.000     7.155    u_detector/best_score_reg[28]_i_23_n_0
    SLICE_X37Y68         CARRY4 (Prop_carry4_CI_CO[3])
                                                      0.114     7.269 r  u_detector/best_score_reg[28]_i_13/CO[3]
                         net (fo=1, routed)           0.000     7.269    u_detector/best_score_reg[28]_i_13_n_0
    SLICE_X37Y69         CARRY4 (Prop_carry4_CI_CO[1])
                                                      0.157     7.426 r  u_detector/best_score_reg[28]_i_11/CO[1]
                         net (fo=78, routed)          0.853     8.279    u_detector/c4_pair_max1
    SLICE_X39Y67         LUT3 (Prop_lut3_I1_O)        0.329     8.608 r  u_detector/best_score[7]_i_13/O
                         net (fo=4, routed)           0.655     9.264    u_detector/p_0_in0_in[2]
    SLICE_X36Y66         CARRY4 (Prop_carry4_DI[2]_CO[3])
                                                      0.398     9.662 r  u_detector/best_score_reg[7]_i_11/CO[3]
                         net (fo=1, routed)           0.000     9.662    u_detector/best_score_reg[7]_i_11_n_0
    SLICE_X36Y67         CARRY4 (Prop_carry4_CI_CO[3])
                                                      0.114     9.776 r  u_detector/best_score_reg[11]_i_11/CO[3]
                         net (fo=1, routed)           0.000     9.776    u_detector/best_score_reg[11]_i_11_n_0
    SLICE_X36Y68         CARRY4 (Prop_carry4_CI_CO[3])
                                                      0.114     9.890 r  u_detector/best_score_reg[15]_i_11/CO[3]
                         net (fo=1, routed)           0.000     9.890    u_detector/best_score_reg[15]_i_11_n_0
    SLICE_X36Y69         CARRY4 (Prop_carry4_CI_O[0])
                                                      0.222    10.112 f  u_detector/best_score_reg[19]_i_11/O[0]
                         net (fo=4, routed)           0.995    11.106    u_detector/c4_f_eff[12]
    SLICE_X39Y70         LUT5 (Prop_lut5_I1_O)        0.299    11.405 f  u_detector/fund_bin[6]_i_98/O
                         net (fo=2, routed)           0.668    12.073    u_detector/fund_bin[6]_i_98_n_0
    SLICE_X38Y70         LUT6 (Prop_lut6_I0_O)        0.124    12.197 r  u_detector/fund_bin[6]_i_31/O
                         net (fo=9, routed)           0.803    13.000    u_detector/fund_bin[6]_i_31_n_0
    SLICE_X38Y70         LUT6 (Prop_lut6_I5_O)        0.124    13.124 r  u_detector/fund_bin[6]_i_8/O
                         net (fo=142, routed)         0.661    13.786    u_detector/fund_bin[6]_i_8_n_0
    SLICE_X34Y71         LUT3 (Prop_lut3_I1_O)        0.124    13.910 r  u_detector/second_ok_i_57/O
                         net (fo=5, routed)           0.464    14.374    u_detector/second_ok_i_57_n_0
    SLICE_X34Y71         LUT6 (Prop_lut6_I3_O)        0.124    14.498 r  u_detector/second_ok_i_63/O
                         net (fo=1, routed)           0.425    14.922    u_detector/second_ok_i_63_n_0
    SLICE_X34Y72         LUT6 (Prop_lut6_I0_O)        0.124    15.046 r  u_detector/second_ok_i_50/O
                         net (fo=16, routed)          0.612    15.658    u_detector/second_ok_i_50_n_0
    SLICE_X32Y72         LUT5 (Prop_lut5_I4_O)        0.124    15.782 r  u_detector/third_ok_i_38/O
                         net (fo=1, routed)           0.000    15.782    u_detector/third_ok_i_38_n_0
    SLICE_X32Y72         CARRY4 (Prop_carry4_S[1]_CO[3])
                                                      0.550    16.332 r  u_detector/third_ok_reg_i_17/CO[3]
                         net (fo=1, routed)           0.000    16.332    u_detector/third_ok_reg_i_17_n_0
    SLICE_X32Y73         CARRY4 (Prop_carry4_CI_CO[3])
                                                      0.114    16.446 r  u_detector/third_ok_reg_i_8/CO[3]
                         net (fo=1, routed)           0.000    16.446    u_detector/third_ok_reg_i_8_n_0
    SLICE_X32Y74         CARRY4 (Prop_carry4_CI_CO[3])
                                                      0.114    16.560 r  u_detector/third_ok_reg_i_3/CO[3]
                         net (fo=1, routed)           0.009    16.569    u_detector/third_ok_reg_i_3_n_0
    SLICE_X32Y75         CARRY4 (Prop_carry4_CI_CO[1])
                                                      0.157    16.726 r  u_detector/third_ok_reg_i_2/CO[1]
                         net (fo=3, routed)           0.446    17.172    u_detector/report_h3_ok
    SLICE_X33Y75         LUT6 (Prop_lut6_I3_O)        0.329    17.501 f  u_detector/fund_bin[6]_i_22_comp_1/O
                         net (fo=1, routed)           0.154    17.655    u_detector/fund_bin[6]_i_22_n_0
    SLICE_X33Y75         LUT6 (Prop_lut6_I0_O)        0.124    17.779 f  u_detector/fund_bin[6]_i_6/O
                         net (fo=10, routed)          0.515    18.294    u_detector/fund_bin[6]_i_6_n_0
    SLICE_X33Y77         LUT6 (Prop_lut6_I4_O)        0.124    18.418 r  u_detector/fund_bin[2]_i_1/O
                         net (fo=1, routed)           0.000    18.418    u_detector/fund_bin[2]_i_1_n_0
    SLICE_X33Y77         FDRE                                         r  u_detector/fund_bin_reg[2]/D
  -------------------------------------------------------------------    -------------------

                         (clock sys_clk_pin rise edge)
                                                     10.000    10.000 r  
    W5                                                0.000    10.000 r  clk (IN)
                         net (fo=0)                   0.000    10.000    clk
    W5                   IBUF (Prop_ibuf_I_O)         1.388    11.388 r  clk_IBUF_inst/O
                         net (fo=1, routed)           1.862    13.250    clk_IBUF
    BUFGCTRL_X0Y0        BUFG (Prop_bufg_I_O)         0.091    13.341 r  clk_IBUF_BUFG_inst/O
                         net (fo=2748, routed)        1.421    14.762    u_detector/CLK
    SLICE_X33Y77         FDRE                                         r  u_detector/fund_bin_reg[2]/C
                         clock pessimism              0.187    14.949    
                         clock uncertainty           -0.035    14.913    
    SLICE_X33Y77         FDRE (Setup_fdre_C_D)        0.031    14.944    u_detector/fund_bin_reg[2]
  -------------------------------------------------------------------
                         required time                         14.944    
                         arrival time                         -18.418    
  -------------------------------------------------------------------
                         slack                                 -3.474    

Slack (VIOLATED) :        -3.471ns  (required time - arrival time)
  Source:                 u_detector/c4_bin34_reg[3]/C
                            (rising edge-triggered cell FDRE clocked by sys_clk_pin  {rise@0.000ns fall@5.000ns period=10.000ns})
  Destination:            u_detector/fund_bin_reg[6]/D
                            (rising edge-triggered cell FDRE clocked by sys_clk_pin  {rise@0.000ns fall@5.000ns period=10.000ns})
  Path Group:             sys_clk_pin
  Path Type:              Setup (Max at Slow Process Corner)
  Requirement:            10.000ns  (sys_clk_pin rise@10.000ns - sys_clk_pin rise@0.000ns)
  Data Path Delay:        13.349ns  (logic 5.247ns (39.307%)  route 8.102ns (60.693%))
  Logic Levels:           24  (CARRY4=12 LUT3=2 LUT4=1 LUT5=2 LUT6=7)
  Clock Path Skew:        -0.117ns (DCD - SCD + CPR)
    Destination Clock Delay (DCD):    4.762ns = ( 14.762 - 10.000 ) 
    Source Clock Delay      (SCD):    5.066ns
    Clock Pessimism Removal (CPR):    0.187ns
  Clock Uncertainty:      0.035ns  ((TSJ^2 + TIJ^2)^1/2 + DJ) / 2 + PE
    Total System Jitter     (TSJ):    0.071ns
    Total Input Jitter      (TIJ):    0.000ns
    Discrete Jitter          (DJ):    0.000ns
    Phase Error              (PE):    0.000ns

    Location             Delay type                Incr(ns)  Path(ns)    Netlist Resource(s)
  -------------------------------------------------------------------    -------------------
                         (clock sys_clk_pin rise edge)
                                                      0.000     0.000 r  
    W5                                                0.000     0.000 r  clk (IN)
                         net (fo=0)                   0.000     0.000    clk
    W5                   IBUF (Prop_ibuf_I_O)         1.458     1.458 r  clk_IBUF_inst/O
                         net (fo=1, routed)           1.967     3.425    clk_IBUF
    BUFGCTRL_X0Y0        BUFG (Prop_bufg_I_O)         0.096     3.521 r  clk_IBUF_BUFG_inst/O
                         net (fo=2748, routed)        1.545     5.066    u_detector/CLK
    SLICE_X39Y66         FDRE                                         r  u_detector/c4_bin34_reg[3]/C
  -------------------------------------------------------------------    -------------------
    SLICE_X39Y66         FDRE (Prop_fdre_C_Q)         0.456     5.522 r  u_detector/c4_bin34_reg[3]/Q
                         net (fo=8, routed)           0.846     6.367    u_detector/c4_bin34_reg_n_0_[3]
    SLICE_X37Y66         LUT4 (Prop_lut4_I1_O)        0.124     6.491 r  u_detector/best_score[28]_i_65/O
                         net (fo=1, routed)           0.000     6.491    u_detector/best_score[28]_i_65_n_0
    SLICE_X37Y66         CARRY4 (Prop_carry4_S[1]_CO[3])
                                                      0.550     7.041 r  u_detector/best_score_reg[28]_i_41/CO[3]
                         net (fo=1, routed)           0.000     7.041    u_detector/best_score_reg[28]_i_41_n_0
    SLICE_X37Y67         CARRY4 (Prop_carry4_CI_CO[3])
                                                      0.114     7.155 r  u_detector/best_score_reg[28]_i_23/CO[3]
                         net (fo=1, routed)           0.000     7.155    u_detector/best_score_reg[28]_i_23_n_0
    SLICE_X37Y68         CARRY4 (Prop_carry4_CI_CO[3])
                                                      0.114     7.269 r  u_detector/best_score_reg[28]_i_13/CO[3]
                         net (fo=1, routed)           0.000     7.269    u_detector/best_score_reg[28]_i_13_n_0
    SLICE_X37Y69         CARRY4 (Prop_carry4_CI_CO[1])
                                                      0.157     7.426 r  u_detector/best_score_reg[28]_i_11/CO[1]
                         net (fo=78, routed)          0.853     8.279    u_detector/c4_pair_max1
    SLICE_X39Y67         LUT3 (Prop_lut3_I1_O)        0.329     8.608 r  u_detector/best_score[7]_i_13/O
                         net (fo=4, routed)           0.655     9.264    u_detector/p_0_in0_in[2]
    SLICE_X36Y66         CARRY4 (Prop_carry4_DI[2]_CO[3])
                                                      0.398     9.662 r  u_detector/best_score_reg[7]_i_11/CO[3]
                         net (fo=1, routed)           0.000     9.662    u_detector/best_score_reg[7]_i_11_n_0
    SLICE_X36Y67         CARRY4 (Prop_carry4_CI_CO[3])
                                                      0.114     9.776 r  u_detector/best_score_reg[11]_i_11/CO[3]
                         net (fo=1, routed)           0.000     9.776    u_detector/best_score_reg[11]_i_11_n_0
    SLICE_X36Y68         CARRY4 (Prop_carry4_CI_CO[3])
                                                      0.114     9.890 r  u_detector/best_score_reg[15]_i_11/CO[3]
                         net (fo=1, routed)           0.000     9.890    u_detector/best_score_reg[15]_i_11_n_0
    SLICE_X36Y69         CARRY4 (Prop_carry4_CI_O[0])
                                                      0.222    10.112 f  u_detector/best_score_reg[19]_i_11/O[0]
                         net (fo=4, routed)           0.995    11.106    u_detector/c4_f_eff[12]
    SLICE_X39Y70         LUT5 (Prop_lut5_I1_O)        0.299    11.405 f  u_detector/fund_bin[6]_i_98/O
                         net (fo=2, routed)           0.668    12.073    u_detector/fund_bin[6]_i_98_n_0
    SLICE_X38Y70         LUT6 (Prop_lut6_I0_O)        0.124    12.197 r  u_detector/fund_bin[6]_i_31/O
                         net (fo=9, routed)           0.803    13.000    u_detector/fund_bin[6]_i_31_n_0
    SLICE_X38Y70         LUT6 (Prop_lut6_I5_O)        0.124    13.124 r  u_detector/fund_bin[6]_i_8/O
                         net (fo=142, routed)         0.661    13.786    u_detector/fund_bin[6]_i_8_n_0
    SLICE_X34Y71         LUT3 (Prop_lut3_I1_O)        0.124    13.910 r  u_detector/second_ok_i_57/O
                         net (fo=5, routed)           0.464    14.374    u_detector/second_ok_i_57_n_0
    SLICE_X34Y71         LUT6 (Prop_lut6_I3_O)        0.124    14.498 r  u_detector/second_ok_i_63/O
                         net (fo=1, routed)           0.425    14.922    u_detector/second_ok_i_63_n_0
    SLICE_X34Y72         LUT6 (Prop_lut6_I0_O)        0.124    15.046 r  u_detector/second_ok_i_50/O
                         net (fo=16, routed)          0.612    15.658    u_detector/second_ok_i_50_n_0
    SLICE_X32Y72         LUT5 (Prop_lut5_I4_O)        0.124    15.782 r  u_detector/third_ok_i_38/O
                         net (fo=1, routed)           0.000    15.782    u_detector/third_ok_i_38_n_0
    SLICE_X32Y72         CARRY4 (Prop_carry4_S[1]_CO[3])
                                                      0.550    16.332 r  u_detector/third_ok_reg_i_17/CO[3]
                         net (fo=1, routed)           0.000    16.332    u_detector/third_ok_reg_i_17_n_0
    SLICE_X32Y73         CARRY4 (Prop_carry4_CI_CO[3])
                                                      0.114    16.446 r  u_detector/third_ok_reg_i_8/CO[3]
                         net (fo=1, routed)           0.000    16.446    u_detector/third_ok_reg_i_8_n_0
    SLICE_X32Y74         CARRY4 (Prop_carry4_CI_CO[3])
                                                      0.114    16.560 r  u_detector/third_ok_reg_i_3/CO[3]
                         net (fo=1, routed)           0.009    16.569    u_detector/third_ok_reg_i_3_n_0
    SLICE_X32Y75         CARRY4 (Prop_carry4_CI_CO[1])
                                                      0.157    16.726 r  u_detector/third_ok_reg_i_2/CO[1]
                         net (fo=3, routed)           0.446    17.172    u_detector/report_h3_ok
    SLICE_X33Y75         LUT6 (Prop_lut6_I3_O)        0.329    17.501 f  u_detector/fund_bin[6]_i_22_comp_1/O
                         net (fo=1, routed)           0.154    17.655    u_detector/fund_bin[6]_i_22_n_0
    SLICE_X33Y75         LUT6 (Prop_lut6_I0_O)        0.124    17.779 f  u_detector/fund_bin[6]_i_6/O
                         net (fo=10, routed)          0.512    18.291    u_detector/fund_bin[6]_i_6_n_0
    SLICE_X33Y77         LUT6 (Prop_lut6_I4_O)        0.124    18.415 r  u_detector/fund_bin[6]_i_1/O
                         net (fo=1, routed)           0.000    18.415    u_detector/fund_bin[6]_i_1_n_0
    SLICE_X33Y77         FDRE                                         r  u_detector/fund_bin_reg[6]/D
  -------------------------------------------------------------------    -------------------

                         (clock sys_clk_pin rise edge)
                                                     10.000    10.000 r  
    W5                                                0.000    10.000 r  clk (IN)
                         net (fo=0)                   0.000    10.000    clk
    W5                   IBUF (Prop_ibuf_I_O)         1.388    11.388 r  clk_IBUF_inst/O
                         net (fo=1, routed)           1.862    13.250    clk_IBUF
    BUFGCTRL_X0Y0        BUFG (Prop_bufg_I_O)         0.091    13.341 r  clk_IBUF_BUFG_inst/O
                         net (fo=2748, routed)        1.421    14.762    u_detector/CLK
    SLICE_X33Y77         FDRE                                         r  u_detector/fund_bin_reg[6]/C
                         clock pessimism              0.187    14.949    
                         clock uncertainty           -0.035    14.913    
    SLICE_X33Y77         FDRE (Setup_fdre_C_D)        0.031    14.944    u_detector/fund_bin_reg[6]
  -------------------------------------------------------------------
                         required time                         14.944    
                         arrival time                         -18.415    
  -------------------------------------------------------------------
                         slack                                 -3.471    

Slack (VIOLATED) :        -3.439ns  (required time - arrival time)
  Source:                 u_detector/c4_bin34_reg[3]/C
                            (rising edge-triggered cell FDRE clocked by sys_clk_pin  {rise@0.000ns fall@5.000ns period=10.000ns})
  Destination:            u_detector/third_ok_reg/D
                            (rising edge-triggered cell FDRE clocked by sys_clk_pin  {rise@0.000ns fall@5.000ns period=10.000ns})
  Path Group:             sys_clk_pin
  Path Type:              Setup (Max at Slow Process Corner)
  Requirement:            10.000ns  (sys_clk_pin rise@10.000ns - sys_clk_pin rise@0.000ns)
  Data Path Delay:        13.318ns  (logic 5.123ns (38.467%)  route 8.195ns (61.533%))
  Logic Levels:           23  (CARRY4=12 LUT3=2 LUT4=1 LUT5=2 LUT6=6)
  Clock Path Skew:        -0.118ns (DCD - SCD + CPR)
    Destination Clock Delay (DCD):    4.761ns = ( 14.761 - 10.000 ) 
    Source Clock Delay      (SCD):    5.066ns
    Clock Pessimism Removal (CPR):    0.187ns
  Clock Uncertainty:      0.035ns  ((TSJ^2 + TIJ^2)^1/2 + DJ) / 2 + PE
    Total System Jitter     (TSJ):    0.071ns
    Total Input Jitter      (TIJ):    0.000ns
    Discrete Jitter          (DJ):    0.000ns
    Phase Error              (PE):    0.000ns

    Location             Delay type                Incr(ns)  Path(ns)    Netlist Resource(s)
  -------------------------------------------------------------------    -------------------
                         (clock sys_clk_pin rise edge)
                                                      0.000     0.000 r  
    W5                                                0.000     0.000 r  clk (IN)
                         net (fo=0)                   0.000     0.000    clk
    W5                   IBUF (Prop_ibuf_I_O)         1.458     1.458 r  clk_IBUF_inst/O
                         net (fo=1, routed)           1.967     3.425    clk_IBUF
    BUFGCTRL_X0Y0        BUFG (Prop_bufg_I_O)         0.096     3.521 r  clk_IBUF_BUFG_inst/O
                         net (fo=2748, routed)        1.545     5.066    u_detector/CLK
    SLICE_X39Y66         FDRE                                         r  u_detector/c4_bin34_reg[3]/C
  -------------------------------------------------------------------    -------------------
    SLICE_X39Y66         FDRE (Prop_fdre_C_Q)         0.456     5.522 r  u_detector/c4_bin34_reg[3]/Q
                         net (fo=8, routed)           0.846     6.367    u_detector/c4_bin34_reg_n_0_[3]
    SLICE_X37Y66         LUT4 (Prop_lut4_I1_O)        0.124     6.491 r  u_detector/best_score[28]_i_65/O
                         net (fo=1, routed)           0.000     6.491    u_detector/best_score[28]_i_65_n_0
    SLICE_X37Y66         CARRY4 (Prop_carry4_S[1]_CO[3])
                                                      0.550     7.041 r  u_detector/best_score_reg[28]_i_41/CO[3]
                         net (fo=1, routed)           0.000     7.041    u_detector/best_score_reg[28]_i_41_n_0
    SLICE_X37Y67         CARRY4 (Prop_carry4_CI_CO[3])
                                                      0.114     7.155 r  u_detector/best_score_reg[28]_i_23/CO[3]
                         net (fo=1, routed)           0.000     7.155    u_detector/best_score_reg[28]_i_23_n_0
    SLICE_X37Y68         CARRY4 (Prop_carry4_CI_CO[3])
                                                      0.114     7.269 r  u_detector/best_score_reg[28]_i_13/CO[3]
                         net (fo=1, routed)           0.000     7.269    u_detector/best_score_reg[28]_i_13_n_0
    SLICE_X37Y69         CARRY4 (Prop_carry4_CI_CO[1])
                                                      0.157     7.426 r  u_detector/best_score_reg[28]_i_11/CO[1]
                         net (fo=78, routed)          0.853     8.279    u_detector/c4_pair_max1
    SLICE_X39Y67         LUT3 (Prop_lut3_I1_O)        0.329     8.608 r  u_detector/best_score[7]_i_13/O
                         net (fo=4, routed)           0.655     9.264    u_detector/p_0_in0_in[2]
    SLICE_X36Y66         CARRY4 (Prop_carry4_DI[2]_CO[3])
                                                      0.398     9.662 r  u_detector/best_score_reg[7]_i_11/CO[3]
                         net (fo=1, routed)           0.000     9.662    u_detector/best_score_reg[7]_i_11_n_0
    SLICE_X36Y67         CARRY4 (Prop_carry4_CI_CO[3])
                                                      0.114     9.776 r  u_detector/best_score_reg[11]_i_11/CO[3]
                         net (fo=1, routed)           0.000     9.776    u_detector/best_score_reg[11]_i_11_n_0
    SLICE_X36Y68         CARRY4 (Prop_carry4_CI_CO[3])
                                                      0.114     9.890 r  u_detector/best_score_reg[15]_i_11/CO[3]
                         net (fo=1, routed)           0.000     9.890    u_detector/best_score_reg[15]_i_11_n_0
    SLICE_X36Y69         CARRY4 (Prop_carry4_CI_O[0])
                                                      0.222    10.112 f  u_detector/best_score_reg[19]_i_11/O[0]
                         net (fo=4, routed)           0.995    11.106    u_detector/c4_f_eff[12]
    SLICE_X39Y70         LUT5 (Prop_lut5_I1_O)        0.299    11.405 f  u_detector/fund_bin[6]_i_98/O
                         net (fo=2, routed)           0.668    12.073    u_detector/fund_bin[6]_i_98_n_0
    SLICE_X38Y70         LUT6 (Prop_lut6_I0_O)        0.124    12.197 r  u_detector/fund_bin[6]_i_31/O
                         net (fo=9, routed)           0.803    13.000    u_detector/fund_bin[6]_i_31_n_0
    SLICE_X38Y70         LUT6 (Prop_lut6_I5_O)        0.124    13.124 r  u_detector/fund_bin[6]_i_8/O
                         net (fo=142, routed)         0.661    13.786    u_detector/fund_bin[6]_i_8_n_0
    SLICE_X34Y71         LUT3 (Prop_lut3_I1_O)        0.124    13.910 r  u_detector/second_ok_i_57/O
                         net (fo=5, routed)           0.464    14.374    u_detector/second_ok_i_57_n_0
    SLICE_X34Y71         LUT6 (Prop_lut6_I3_O)        0.124    14.498 r  u_detector/second_ok_i_63/O
                         net (fo=1, routed)           0.425    14.922    u_detector/second_ok_i_63_n_0
    SLICE_X34Y72         LUT6 (Prop_lut6_I0_O)        0.124    15.046 r  u_detector/second_ok_i_50/O
                         net (fo=16, routed)          0.589    15.635    u_detector/second_ok_i_50_n_0
    SLICE_X31Y72         LUT5 (Prop_lut5_I4_O)        0.124    15.759 r  u_detector/second_ok_i_39/O
                         net (fo=1, routed)           0.000    15.759    u_detector/second_ok_i_39_n_0
    SLICE_X31Y72         CARRY4 (Prop_carry4_S[1]_CO[3])
                                                      0.550    16.309 r  u_detector/second_ok_reg_i_17/CO[3]
                         net (fo=1, routed)           0.000    16.309    u_detector/second_ok_reg_i_17_n_0
    SLICE_X31Y73         CARRY4 (Prop_carry4_CI_CO[3])
                                                      0.114    16.423 r  u_detector/second_ok_reg_i_8/CO[3]
                         net (fo=1, routed)           0.000    16.423    u_detector/second_ok_reg_i_8_n_0
    SLICE_X31Y74         CARRY4 (Prop_carry4_CI_CO[3])
                                                      0.114    16.537 r  u_detector/second_ok_reg_i_3/CO[3]
                         net (fo=1, routed)           0.009    16.546    u_detector/second_ok_reg_i_3_n_0
    SLICE_X31Y75         CARRY4 (Prop_carry4_CI_CO[1])
                                                      0.157    16.703 r  u_detector/second_ok_reg_i_2/CO[1]
                         net (fo=3, routed)           0.528    17.232    u_detector/report_h2_ok
    SLICE_X33Y77         LUT6 (Prop_lut6_I3_O)        0.329    17.561 r  u_detector/fund_bin[6]_i_5_comp/O
                         net (fo=10, routed)          0.699    18.260    u_detector/fund_bin[6]_i_5_n_0
    SLICE_X33Y76         LUT6 (Prop_lut6_I3_O)        0.124    18.384 r  u_detector/third_ok_i_1/O
                         net (fo=1, routed)           0.000    18.384    u_detector/third_ok_i_1_n_0
    SLICE_X33Y76         FDRE                                         r  u_detector/third_ok_reg/D
  -------------------------------------------------------------------    -------------------

                         (clock sys_clk_pin rise edge)
                                                     10.000    10.000 r  
    W5                                                0.000    10.000 r  clk (IN)
                         net (fo=0)                   0.000    10.000    clk
    W5                   IBUF (Prop_ibuf_I_O)         1.388    11.388 r  clk_IBUF_inst/O
                         net (fo=1, routed)           1.862    13.250    clk_IBUF
    BUFGCTRL_X0Y0        BUFG (Prop_bufg_I_O)         0.091    13.341 r  clk_IBUF_BUFG_inst/O
                         net (fo=2748, routed)        1.420    14.761    u_detector/CLK
    SLICE_X33Y76         FDRE                                         r  u_detector/third_ok_reg/C
                         clock pessimism              0.187    14.948    
                         clock uncertainty           -0.035    14.912    
    SLICE_X33Y76         FDRE (Setup_fdre_C_D)        0.032    14.944    u_detector/third_ok_reg
  -------------------------------------------------------------------
                         required time                         14.944    
                         arrival time                         -18.384    
  -------------------------------------------------------------------
                         slack                                 -3.439    

Slack (VIOLATED) :        -3.409ns  (required time - arrival time)
  Source:                 u_detector/c4_bin34_reg[3]/C
                            (rising edge-triggered cell FDRE clocked by sys_clk_pin  {rise@0.000ns fall@5.000ns period=10.000ns})
  Destination:            u_detector/fund_bin_reg[3]/D
                            (rising edge-triggered cell FDRE clocked by sys_clk_pin  {rise@0.000ns fall@5.000ns period=10.000ns})
  Path Group:             sys_clk_pin
  Path Type:              Setup (Max at Slow Process Corner)
  Requirement:            10.000ns  (sys_clk_pin rise@10.000ns - sys_clk_pin rise@0.000ns)
  Data Path Delay:        13.286ns  (logic 5.247ns (39.493%)  route 8.039ns (60.507%))
  Logic Levels:           24  (CARRY4=12 LUT3=2 LUT4=1 LUT5=2 LUT6=7)
  Clock Path Skew:        -0.119ns (DCD - SCD + CPR)
    Destination Clock Delay (DCD):    4.760ns = ( 14.760 - 10.000 ) 
    Source Clock Delay      (SCD):    5.066ns
    Clock Pessimism Removal (CPR):    0.187ns
  Clock Uncertainty:      0.035ns  ((TSJ^2 + TIJ^2)^1/2 + DJ) / 2 + PE
    Total System Jitter     (TSJ):    0.071ns
    Total Input Jitter      (TIJ):    0.000ns
    Discrete Jitter          (DJ):    0.000ns
    Phase Error              (PE):    0.000ns

    Location             Delay type                Incr(ns)  Path(ns)    Netlist Resource(s)
  -------------------------------------------------------------------    -------------------
                         (clock sys_clk_pin rise edge)
                                                      0.000     0.000 r  
    W5                                                0.000     0.000 r  clk (IN)
                         net (fo=0)                   0.000     0.000    clk
    W5                   IBUF (Prop_ibuf_I_O)         1.458     1.458 r  clk_IBUF_inst/O
                         net (fo=1, routed)           1.967     3.425    clk_IBUF
    BUFGCTRL_X0Y0        BUFG (Prop_bufg_I_O)         0.096     3.521 r  clk_IBUF_BUFG_inst/O
                         net (fo=2748, routed)        1.545     5.066    u_detector/CLK
    SLICE_X39Y66         FDRE                                         r  u_detector/c4_bin34_reg[3]/C
  -------------------------------------------------------------------    -------------------
    SLICE_X39Y66         FDRE (Prop_fdre_C_Q)         0.456     5.522 r  u_detector/c4_bin34_reg[3]/Q
                         net (fo=8, routed)           0.846     6.367    u_detector/c4_bin34_reg_n_0_[3]
    SLICE_X37Y66         LUT4 (Prop_lut4_I1_O)        0.124     6.491 r  u_detector/best_score[28]_i_65/O
                         net (fo=1, routed)           0.000     6.491    u_detector/best_score[28]_i_65_n_0
    SLICE_X37Y66         CARRY4 (Prop_carry4_S[1]_CO[3])
                                                      0.550     7.041 r  u_detector/best_score_reg[28]_i_41/CO[3]
                         net (fo=1, routed)           0.000     7.041    u_detector/best_score_reg[28]_i_41_n_0
    SLICE_X37Y67         CARRY4 (Prop_carry4_CI_CO[3])
                                                      0.114     7.155 r  u_detector/best_score_reg[28]_i_23/CO[3]
                         net (fo=1, routed)           0.000     7.155    u_detector/best_score_reg[28]_i_23_n_0
    SLICE_X37Y68         CARRY4 (Prop_carry4_CI_CO[3])
                                                      0.114     7.269 r  u_detector/best_score_reg[28]_i_13/CO[3]
                         net (fo=1, routed)           0.000     7.269    u_detector/best_score_reg[28]_i_13_n_0
    SLICE_X37Y69         CARRY4 (Prop_carry4_CI_CO[1])
                                                      0.157     7.426 r  u_detector/best_score_reg[28]_i_11/CO[1]
                         net (fo=78, routed)          0.853     8.279    u_detector/c4_pair_max1
    SLICE_X39Y67         LUT3 (Prop_lut3_I1_O)        0.329     8.608 r  u_detector/best_score[7]_i_13/O
                         net (fo=4, routed)           0.655     9.264    u_detector/p_0_in0_in[2]
    SLICE_X36Y66         CARRY4 (Prop_carry4_DI[2]_CO[3])
                                                      0.398     9.662 r  u_detector/best_score_reg[7]_i_11/CO[3]
                         net (fo=1, routed)           0.000     9.662    u_detector/best_score_reg[7]_i_11_n_0
    SLICE_X36Y67         CARRY4 (Prop_carry4_CI_CO[3])
                                                      0.114     9.776 r  u_detector/best_score_reg[11]_i_11/CO[3]
                         net (fo=1, routed)           0.000     9.776    u_detector/best_score_reg[11]_i_11_n_0
    SLICE_X36Y68         CARRY4 (Prop_carry4_CI_CO[3])
                                                      0.114     9.890 r  u_detector/best_score_reg[15]_i_11/CO[3]
                         net (fo=1, routed)           0.000     9.890    u_detector/best_score_reg[15]_i_11_n_0
    SLICE_X36Y69         CARRY4 (Prop_carry4_CI_O[0])
                                                      0.222    10.112 f  u_detector/best_score_reg[19]_i_11/O[0]
                         net (fo=4, routed)           0.995    11.106    u_detector/c4_f_eff[12]
    SLICE_X39Y70         LUT5 (Prop_lut5_I1_O)        0.299    11.405 f  u_detector/fund_bin[6]_i_98/O
                         net (fo=2, routed)           0.668    12.073    u_detector/fund_bin[6]_i_98_n_0
    SLICE_X38Y70         LUT6 (Prop_lut6_I0_O)        0.124    12.197 r  u_detector/fund_bin[6]_i_31/O
                         net (fo=9, routed)           0.803    13.000    u_detector/fund_bin[6]_i_31_n_0
    SLICE_X38Y70         LUT6 (Prop_lut6_I5_O)        0.124    13.124 r  u_detector/fund_bin[6]_i_8/O
                         net (fo=142, routed)         0.661    13.786    u_detector/fund_bin[6]_i_8_n_0
    SLICE_X34Y71         LUT3 (Prop_lut3_I1_O)        0.124    13.910 r  u_detector/second_ok_i_57/O
                         net (fo=5, routed)           0.464    14.374    u_detector/second_ok_i_57_n_0
    SLICE_X34Y71         LUT6 (Prop_lut6_I3_O)        0.124    14.498 r  u_detector/second_ok_i_63/O
                         net (fo=1, routed)           0.425    14.922    u_detector/second_ok_i_63_n_0
    SLICE_X34Y72         LUT6 (Prop_lut6_I0_O)        0.124    15.046 r  u_detector/second_ok_i_50/O
                         net (fo=16, routed)          0.612    15.658    u_detector/second_ok_i_50_n_0
    SLICE_X32Y72         LUT5 (Prop_lut5_I4_O)        0.124    15.782 r  u_detector/third_ok_i_38/O
                         net (fo=1, routed)           0.000    15.782    u_detector/third_ok_i_38_n_0
    SLICE_X32Y72         CARRY4 (Prop_carry4_S[1]_CO[3])
                                                      0.550    16.332 r  u_detector/third_ok_reg_i_17/CO[3]
                         net (fo=1, routed)           0.000    16.332    u_detector/third_ok_reg_i_17_n_0
    SLICE_X32Y73         CARRY4 (Prop_carry4_CI_CO[3])
                                                      0.114    16.446 r  u_detector/third_ok_reg_i_8/CO[3]
                         net (fo=1, routed)           0.000    16.446    u_detector/third_ok_reg_i_8_n_0
    SLICE_X32Y74         CARRY4 (Prop_carry4_CI_CO[3])
                                                      0.114    16.560 r  u_detector/third_ok_reg_i_3/CO[3]
                         net (fo=1, routed)           0.009    16.569    u_detector/third_ok_reg_i_3_n_0
    SLICE_X32Y75         CARRY4 (Prop_carry4_CI_CO[1])
                                                      0.157    16.726 r  u_detector/third_ok_reg_i_2/CO[1]
                         net (fo=3, routed)           0.446    17.172    u_detector/report_h3_ok
    SLICE_X33Y75         LUT6 (Prop_lut6_I3_O)        0.329    17.501 f  u_detector/fund_bin[6]_i_22_comp_1/O
                         net (fo=1, routed)           0.154    17.655    u_detector/fund_bin[6]_i_22_n_0
    SLICE_X33Y75         LUT6 (Prop_lut6_I0_O)        0.124    17.779 f  u_detector/fund_bin[6]_i_6/O
                         net (fo=10, routed)          0.449    18.228    u_detector/fund_bin[6]_i_6_n_0
    SLICE_X35Y76         LUT6 (Prop_lut6_I4_O)        0.124    18.352 r  u_detector/fund_bin[3]_i_1/O
                         net (fo=1, routed)           0.000    18.352    u_detector/fund_bin[3]_i_1_n_0
    SLICE_X35Y76         FDRE                                         r  u_detector/fund_bin_reg[3]/D
  -------------------------------------------------------------------    -------------------

                         (clock sys_clk_pin rise edge)
                                                     10.000    10.000 r  
    W5                                                0.000    10.000 r  clk (IN)
                         net (fo=0)                   0.000    10.000    clk
    W5                   IBUF (Prop_ibuf_I_O)         1.388    11.388 r  clk_IBUF_inst/O
                         net (fo=1, routed)           1.862    13.250    clk_IBUF
    BUFGCTRL_X0Y0        BUFG (Prop_bufg_I_O)         0.091    13.341 r  clk_IBUF_BUFG_inst/O
                         net (fo=2748, routed)        1.419    14.760    u_detector/CLK
    SLICE_X35Y76         FDRE                                         r  u_detector/fund_bin_reg[3]/C
                         clock pessimism              0.187    14.947    
                         clock uncertainty           -0.035    14.911    
    SLICE_X35Y76         FDRE (Setup_fdre_C_D)        0.031    14.942    u_detector/fund_bin_reg[3]
  -------------------------------------------------------------------
                         required time                         14.942    
                         arrival time                         -18.352    
  -------------------------------------------------------------------
                         slack                                 -3.409    

Slack (VIOLATED) :        -3.408ns  (required time - arrival time)
  Source:                 u_detector/c4_bin34_reg[3]/C
                            (rising edge-triggered cell FDRE clocked by sys_clk_pin  {rise@0.000ns fall@5.000ns period=10.000ns})
  Destination:            u_detector/fund_bin_reg[5]/D
                            (rising edge-triggered cell FDRE clocked by sys_clk_pin  {rise@0.000ns fall@5.000ns period=10.000ns})
  Path Group:             sys_clk_pin
  Path Type:              Setup (Max at Slow Process Corner)
  Requirement:            10.000ns  (sys_clk_pin rise@10.000ns - sys_clk_pin rise@0.000ns)
  Data Path Delay:        13.285ns  (logic 5.247ns (39.495%)  route 8.038ns (60.505%))
  Logic Levels:           24  (CARRY4=12 LUT3=2 LUT4=1 LUT5=2 LUT6=7)
  Clock Path Skew:        -0.118ns (DCD - SCD + CPR)
    Destination Clock Delay (DCD):    4.761ns = ( 14.761 - 10.000 ) 
    Source Clock Delay      (SCD):    5.066ns
    Clock Pessimism Removal (CPR):    0.187ns
  Clock Uncertainty:      0.035ns  ((TSJ^2 + TIJ^2)^1/2 + DJ) / 2 + PE
    Total System Jitter     (TSJ):    0.071ns
    Total Input Jitter      (TIJ):    0.000ns
    Discrete Jitter          (DJ):    0.000ns
    Phase Error              (PE):    0.000ns

    Location             Delay type                Incr(ns)  Path(ns)    Netlist Resource(s)
  -------------------------------------------------------------------    -------------------
                         (clock sys_clk_pin rise edge)
                                                      0.000     0.000 r  
    W5                                                0.000     0.000 r  clk (IN)
                         net (fo=0)                   0.000     0.000    clk
    W5                   IBUF (Prop_ibuf_I_O)         1.458     1.458 r  clk_IBUF_inst/O
                         net (fo=1, routed)           1.967     3.425    clk_IBUF
    BUFGCTRL_X0Y0        BUFG (Prop_bufg_I_O)         0.096     3.521 r  clk_IBUF_BUFG_inst/O
                         net (fo=2748, routed)        1.545     5.066    u_detector/CLK
    SLICE_X39Y66         FDRE                                         r  u_detector/c4_bin34_reg[3]/C
  -------------------------------------------------------------------    -------------------
    SLICE_X39Y66         FDRE (Prop_fdre_C_Q)         0.456     5.522 r  u_detector/c4_bin34_reg[3]/Q
                         net (fo=8, routed)           0.846     6.367    u_detector/c4_bin34_reg_n_0_[3]
    SLICE_X37Y66         LUT4 (Prop_lut4_I1_O)        0.124     6.491 r  u_detector/best_score[28]_i_65/O
                         net (fo=1, routed)           0.000     6.491    u_detector/best_score[28]_i_65_n_0
    SLICE_X37Y66         CARRY4 (Prop_carry4_S[1]_CO[3])
                                                      0.550     7.041 r  u_detector/best_score_reg[28]_i_41/CO[3]
                         net (fo=1, routed)           0.000     7.041    u_detector/best_score_reg[28]_i_41_n_0
    SLICE_X37Y67         CARRY4 (Prop_carry4_CI_CO[3])
                                                      0.114     7.155 r  u_detector/best_score_reg[28]_i_23/CO[3]
                         net (fo=1, routed)           0.000     7.155    u_detector/best_score_reg[28]_i_23_n_0
    SLICE_X37Y68         CARRY4 (Prop_carry4_CI_CO[3])
                                                      0.114     7.269 r  u_detector/best_score_reg[28]_i_13/CO[3]
                         net (fo=1, routed)           0.000     7.269    u_detector/best_score_reg[28]_i_13_n_0
    SLICE_X37Y69         CARRY4 (Prop_carry4_CI_CO[1])
                                                      0.157     7.426 r  u_detector/best_score_reg[28]_i_11/CO[1]
                         net (fo=78, routed)          0.853     8.279    u_detector/c4_pair_max1
    SLICE_X39Y67         LUT3 (Prop_lut3_I1_O)        0.329     8.608 r  u_detector/best_score[7]_i_13/O
                         net (fo=4, routed)           0.655     9.264    u_detector/p_0_in0_in[2]
    SLICE_X36Y66         CARRY4 (Prop_carry4_DI[2]_CO[3])
                                                      0.398     9.662 r  u_detector/best_score_reg[7]_i_11/CO[3]
                         net (fo=1, routed)           0.000     9.662    u_detector/best_score_reg[7]_i_11_n_0
    SLICE_X36Y67         CARRY4 (Prop_carry4_CI_CO[3])
                                                      0.114     9.776 r  u_detector/best_score_reg[11]_i_11/CO[3]
                         net (fo=1, routed)           0.000     9.776    u_detector/best_score_reg[11]_i_11_n_0
    SLICE_X36Y68         CARRY4 (Prop_carry4_CI_CO[3])
                                                      0.114     9.890 r  u_detector/best_score_reg[15]_i_11/CO[3]
                         net (fo=1, routed)           0.000     9.890    u_detector/best_score_reg[15]_i_11_n_0
    SLICE_X36Y69         CARRY4 (Prop_carry4_CI_O[0])
                                                      0.222    10.112 f  u_detector/best_score_reg[19]_i_11/O[0]
                         net (fo=4, routed)           0.995    11.106    u_detector/c4_f_eff[12]
    SLICE_X39Y70         LUT5 (Prop_lut5_I1_O)        0.299    11.405 f  u_detector/fund_bin[6]_i_98/O
                         net (fo=2, routed)           0.668    12.073    u_detector/fund_bin[6]_i_98_n_0
    SLICE_X38Y70         LUT6 (Prop_lut6_I0_O)        0.124    12.197 r  u_detector/fund_bin[6]_i_31/O
                         net (fo=9, routed)           0.803    13.000    u_detector/fund_bin[6]_i_31_n_0
    SLICE_X38Y70         LUT6 (Prop_lut6_I5_O)        0.124    13.124 r  u_detector/fund_bin[6]_i_8/O
                         net (fo=142, routed)         0.661    13.786    u_detector/fund_bin[6]_i_8_n_0
    SLICE_X34Y71         LUT3 (Prop_lut3_I1_O)        0.124    13.910 r  u_detector/second_ok_i_57/O
                         net (fo=5, routed)           0.464    14.374    u_detector/second_ok_i_57_n_0
    SLICE_X34Y71         LUT6 (Prop_lut6_I3_O)        0.124    14.498 r  u_detector/second_ok_i_63/O
                         net (fo=1, routed)           0.425    14.922    u_detector/second_ok_i_63_n_0
    SLICE_X34Y72         LUT6 (Prop_lut6_I0_O)        0.124    15.046 r  u_detector/second_ok_i_50/O
                         net (fo=16, routed)          0.612    15.658    u_detector/second_ok_i_50_n_0
    SLICE_X32Y72         LUT5 (Prop_lut5_I4_O)        0.124    15.782 r  u_detector/third_ok_i_38/O
                         net (fo=1, routed)           0.000    15.782    u_detector/third_ok_i_38_n_0
    SLICE_X32Y72         CARRY4 (Prop_carry4_S[1]_CO[3])
                                                      0.550    16.332 r  u_detector/third_ok_reg_i_17/CO[3]
                         net (fo=1, routed)           0.000    16.332    u_detector/third_ok_reg_i_17_n_0
    SLICE_X32Y73         CARRY4 (Prop_carry4_CI_CO[3])
                                                      0.114    16.446 r  u_detector/third_ok_reg_i_8/CO[3]
                         net (fo=1, routed)           0.000    16.446    u_detector/third_ok_reg_i_8_n_0
    SLICE_X32Y74         CARRY4 (Prop_carry4_CI_CO[3])
                                                      0.114    16.560 r  u_detector/third_ok_reg_i_3/CO[3]
                         net (fo=1, routed)           0.009    16.569    u_detector/third_ok_reg_i_3_n_0
    SLICE_X32Y75         CARRY4 (Prop_carry4_CI_CO[1])
                                                      0.157    16.726 r  u_detector/third_ok_reg_i_2/CO[1]
                         net (fo=3, routed)           0.446    17.172    u_detector/report_h3_ok
    SLICE_X33Y75         LUT6 (Prop_lut6_I3_O)        0.329    17.501 f  u_detector/fund_bin[6]_i_22_comp_1/O
                         net (fo=1, routed)           0.154    17.655    u_detector/fund_bin[6]_i_22_n_0
    SLICE_X33Y75         LUT6 (Prop_lut6_I0_O)        0.124    17.779 f  u_detector/fund_bin[6]_i_6/O
                         net (fo=10, routed)          0.448    18.227    u_detector/fund_bin[6]_i_6_n_0
    SLICE_X33Y76         LUT6 (Prop_lut6_I4_O)        0.124    18.351 r  u_detector/fund_bin[5]_i_1/O
                         net (fo=1, routed)           0.000    18.351    u_detector/fund_bin[5]_i_1_n_0
    SLICE_X33Y76         FDRE                                         r  u_detector/fund_bin_reg[5]/D
  -------------------------------------------------------------------    -------------------

                         (clock sys_clk_pin rise edge)
                                                     10.000    10.000 r  
    W5                                                0.000    10.000 r  clk (IN)
                         net (fo=0)                   0.000    10.000    clk
    W5                   IBUF (Prop_ibuf_I_O)         1.388    11.388 r  clk_IBUF_inst/O
                         net (fo=1, routed)           1.862    13.250    clk_IBUF
    BUFGCTRL_X0Y0        BUFG (Prop_bufg_I_O)         0.091    13.341 r  clk_IBUF_BUFG_inst/O
                         net (fo=2748, routed)        1.420    14.761    u_detector/CLK
    SLICE_X33Y76         FDRE                                         r  u_detector/fund_bin_reg[5]/C
                         clock pessimism              0.187    14.948    
                         clock uncertainty           -0.035    14.912    
    SLICE_X33Y76         FDRE (Setup_fdre_C_D)        0.031    14.943    u_detector/fund_bin_reg[5]
  -------------------------------------------------------------------
                         required time                         14.943    
                         arrival time                         -18.351    
  -------------------------------------------------------------------
                         slack                                 -3.408    

Slack (VIOLATED) :        -3.348ns  (required time - arrival time)
  Source:                 u_detector/c4_bin34_reg[3]/C
                            (rising edge-triggered cell FDRE clocked by sys_clk_pin  {rise@0.000ns fall@5.000ns period=10.000ns})
  Destination:            u_detector/pitch_valid_reg/D
                            (rising edge-triggered cell FDRE clocked by sys_clk_pin  {rise@0.000ns fall@5.000ns period=10.000ns})
  Path Group:             sys_clk_pin
  Path Type:              Setup (Max at Slow Process Corner)
  Requirement:            10.000ns  (sys_clk_pin rise@10.000ns - sys_clk_pin rise@0.000ns)
  Data Path Delay:        13.225ns  (logic 5.123ns (38.736%)  route 8.102ns (61.264%))
  Logic Levels:           23  (CARRY4=12 LUT3=2 LUT4=1 LUT5=2 LUT6=6)
  Clock Path Skew:        -0.118ns (DCD - SCD + CPR)
    Destination Clock Delay (DCD):    4.761ns = ( 14.761 - 10.000 ) 
    Source Clock Delay      (SCD):    5.066ns
    Clock Pessimism Removal (CPR):    0.187ns
  Clock Uncertainty:      0.035ns  ((TSJ^2 + TIJ^2)^1/2 + DJ) / 2 + PE
    Total System Jitter     (TSJ):    0.071ns
    Total Input Jitter      (TIJ):    0.000ns
    Discrete Jitter          (DJ):    0.000ns
    Phase Error              (PE):    0.000ns

    Location             Delay type                Incr(ns)  Path(ns)    Netlist Resource(s)
  -------------------------------------------------------------------    -------------------
                         (clock sys_clk_pin rise edge)
                                                      0.000     0.000 r  
    W5                                                0.000     0.000 r  clk (IN)
                         net (fo=0)                   0.000     0.000    clk
    W5                   IBUF (Prop_ibuf_I_O)         1.458     1.458 r  clk_IBUF_inst/O
                         net (fo=1, routed)           1.967     3.425    clk_IBUF
    BUFGCTRL_X0Y0        BUFG (Prop_bufg_I_O)         0.096     3.521 r  clk_IBUF_BUFG_inst/O
                         net (fo=2748, routed)        1.545     5.066    u_detector/CLK
    SLICE_X39Y66         FDRE                                         r  u_detector/c4_bin34_reg[3]/C
  -------------------------------------------------------------------    -------------------
    SLICE_X39Y66         FDRE (Prop_fdre_C_Q)         0.456     5.522 r  u_detector/c4_bin34_reg[3]/Q
                         net (fo=8, routed)           0.846     6.367    u_detector/c4_bin34_reg_n_0_[3]
    SLICE_X37Y66         LUT4 (Prop_lut4_I1_O)        0.124     6.491 r  u_detector/best_score[28]_i_65/O
                         net (fo=1, routed)           0.000     6.491    u_detector/best_score[28]_i_65_n_0
    SLICE_X37Y66         CARRY4 (Prop_carry4_S[1]_CO[3])
                                                      0.550     7.041 r  u_detector/best_score_reg[28]_i_41/CO[3]
                         net (fo=1, routed)           0.000     7.041    u_detector/best_score_reg[28]_i_41_n_0
    SLICE_X37Y67         CARRY4 (Prop_carry4_CI_CO[3])
                                                      0.114     7.155 r  u_detector/best_score_reg[28]_i_23/CO[3]
                         net (fo=1, routed)           0.000     7.155    u_detector/best_score_reg[28]_i_23_n_0
    SLICE_X37Y68         CARRY4 (Prop_carry4_CI_CO[3])
                                                      0.114     7.269 r  u_detector/best_score_reg[28]_i_13/CO[3]
                         net (fo=1, routed)           0.000     7.269    u_detector/best_score_reg[28]_i_13_n_0
    SLICE_X37Y69         CARRY4 (Prop_carry4_CI_CO[1])
                                                      0.157     7.426 r  u_detector/best_score_reg[28]_i_11/CO[1]
                         net (fo=78, routed)          0.853     8.279    u_detector/c4_pair_max1
    SLICE_X39Y67         LUT3 (Prop_lut3_I1_O)        0.329     8.608 r  u_detector/best_score[7]_i_13/O
                         net (fo=4, routed)           0.655     9.264    u_detector/p_0_in0_in[2]
    SLICE_X36Y66         CARRY4 (Prop_carry4_DI[2]_CO[3])
                                                      0.398     9.662 r  u_detector/best_score_reg[7]_i_11/CO[3]
                         net (fo=1, routed)           0.000     9.662    u_detector/best_score_reg[7]_i_11_n_0
    SLICE_X36Y67         CARRY4 (Prop_carry4_CI_CO[3])
                                                      0.114     9.776 r  u_detector/best_score_reg[11]_i_11/CO[3]
                         net (fo=1, routed)           0.000     9.776    u_detector/best_score_reg[11]_i_11_n_0
    SLICE_X36Y68         CARRY4 (Prop_carry4_CI_CO[3])
                                                      0.114     9.890 r  u_detector/best_score_reg[15]_i_11/CO[3]
                         net (fo=1, routed)           0.000     9.890    u_detector/best_score_reg[15]_i_11_n_0
    SLICE_X36Y69         CARRY4 (Prop_carry4_CI_O[0])
                                                      0.222    10.112 f  u_detector/best_score_reg[19]_i_11/O[0]
                         net (fo=4, routed)           0.995    11.106    u_detector/c4_f_eff[12]
    SLICE_X39Y70         LUT5 (Prop_lut5_I1_O)        0.299    11.405 f  u_detector/fund_bin[6]_i_98/O
                         net (fo=2, routed)           0.668    12.073    u_detector/fund_bin[6]_i_98_n_0
    SLICE_X38Y70         LUT6 (Prop_lut6_I0_O)        0.124    12.197 r  u_detector/fund_bin[6]_i_31/O
                         net (fo=9, routed)           0.803    13.000    u_detector/fund_bin[6]_i_31_n_0
    SLICE_X38Y70         LUT6 (Prop_lut6_I5_O)        0.124    13.124 r  u_detector/fund_bin[6]_i_8/O
                         net (fo=142, routed)         0.661    13.786    u_detector/fund_bin[6]_i_8_n_0
    SLICE_X34Y71         LUT3 (Prop_lut3_I1_O)        0.124    13.910 r  u_detector/second_ok_i_57/O
                         net (fo=5, routed)           0.464    14.374    u_detector/second_ok_i_57_n_0
    SLICE_X34Y71         LUT6 (Prop_lut6_I3_O)        0.124    14.498 r  u_detector/second_ok_i_63/O
                         net (fo=1, routed)           0.425    14.922    u_detector/second_ok_i_63_n_0
    SLICE_X34Y72         LUT6 (Prop_lut6_I0_O)        0.124    15.046 r  u_detector/second_ok_i_50/O
                         net (fo=16, routed)          0.589    15.635    u_detector/second_ok_i_50_n_0
    SLICE_X31Y72         LUT5 (Prop_lut5_I4_O)        0.124    15.759 r  u_detector/second_ok_i_39/O
                         net (fo=1, routed)           0.000    15.759    u_detector/second_ok_i_39_n_0
    SLICE_X31Y72         CARRY4 (Prop_carry4_S[1]_CO[3])
                                                      0.550    16.309 r  u_detector/second_ok_reg_i_17/CO[3]
                         net (fo=1, routed)           0.000    16.309    u_detector/second_ok_reg_i_17_n_0
    SLICE_X31Y73         CARRY4 (Prop_carry4_CI_CO[3])
                                                      0.114    16.423 r  u_detector/second_ok_reg_i_8/CO[3]
                         net (fo=1, routed)           0.000    16.423    u_detector/second_ok_reg_i_8_n_0
    SLICE_X31Y74         CARRY4 (Prop_carry4_CI_CO[3])
                                                      0.114    16.537 r  u_detector/second_ok_reg_i_3/CO[3]
                         net (fo=1, routed)           0.009    16.546    u_detector/second_ok_reg_i_3_n_0
    SLICE_X31Y75         CARRY4 (Prop_carry4_CI_CO[1])
                                                      0.157    16.703 r  u_detector/second_ok_reg_i_2/CO[1]
                         net (fo=3, routed)           0.528    17.232    u_detector/report_h2_ok
    SLICE_X33Y77         LUT6 (Prop_lut6_I3_O)        0.329    17.561 r  u_detector/fund_bin[6]_i_5_comp/O
                         net (fo=10, routed)          0.607    18.167    u_detector/fund_bin[6]_i_5_n_0
    SLICE_X32Y76         LUT6 (Prop_lut6_I3_O)        0.124    18.291 r  u_detector/pitch_valid_i_1/O
                         net (fo=1, routed)           0.000    18.291    u_detector/report_energy_ok
    SLICE_X32Y76         FDRE                                         r  u_detector/pitch_valid_reg/D
  -------------------------------------------------------------------    -------------------

                         (clock sys_clk_pin rise edge)
                                                     10.000    10.000 r  
    W5                                                0.000    10.000 r  clk (IN)
                         net (fo=0)                   0.000    10.000    clk
    W5                   IBUF (Prop_ibuf_I_O)         1.388    11.388 r  clk_IBUF_inst/O
                         net (fo=1, routed)           1.862    13.250    clk_IBUF
    BUFGCTRL_X0Y0        BUFG (Prop_bufg_I_O)         0.091    13.341 r  clk_IBUF_BUFG_inst/O
                         net (fo=2748, routed)        1.420    14.761    u_detector/CLK
    SLICE_X32Y76         FDRE                                         r  u_detector/pitch_valid_reg/C
                         clock pessimism              0.187    14.948    
                         clock uncertainty           -0.035    14.912    
    SLICE_X32Y76         FDRE (Setup_fdre_C_D)        0.031    14.943    u_detector/pitch_valid_reg
  -------------------------------------------------------------------
                         required time                         14.943    
                         arrival time                         -18.291    
  -------------------------------------------------------------------
                         slack                                 -3.348    

Slack (VIOLATED) :        -3.344ns  (required time - arrival time)
  Source:                 u_detector/c4_bin34_reg[3]/C
                            (rising edge-triggered cell FDRE clocked by sys_clk_pin  {rise@0.000ns fall@5.000ns period=10.000ns})
  Destination:            u_detector/fund_bin_reg[1]/D
                            (rising edge-triggered cell FDRE clocked by sys_clk_pin  {rise@0.000ns fall@5.000ns period=10.000ns})
  Path Group:             sys_clk_pin
  Path Type:              Setup (Max at Slow Process Corner)
  Requirement:            10.000ns  (sys_clk_pin rise@10.000ns - sys_clk_pin rise@0.000ns)
  Data Path Delay:        13.222ns  (logic 5.247ns (39.683%)  route 7.975ns (60.317%))
  Logic Levels:           24  (CARRY4=12 LUT3=2 LUT4=1 LUT5=2 LUT6=7)
  Clock Path Skew:        -0.118ns (DCD - SCD + CPR)
    Destination Clock Delay (DCD):    4.761ns = ( 14.761 - 10.000 ) 
    Source Clock Delay      (SCD):    5.066ns
    Clock Pessimism Removal (CPR):    0.187ns
  Clock Uncertainty:      0.035ns  ((TSJ^2 + TIJ^2)^1/2 + DJ) / 2 + PE
    Total System Jitter     (TSJ):    0.071ns
    Total Input Jitter      (TIJ):    0.000ns
    Discrete Jitter          (DJ):    0.000ns
    Phase Error              (PE):    0.000ns

    Location             Delay type                Incr(ns)  Path(ns)    Netlist Resource(s)
  -------------------------------------------------------------------    -------------------
                         (clock sys_clk_pin rise edge)
                                                      0.000     0.000 r  
    W5                                                0.000     0.000 r  clk (IN)
                         net (fo=0)                   0.000     0.000    clk
    W5                   IBUF (Prop_ibuf_I_O)         1.458     1.458 r  clk_IBUF_inst/O
                         net (fo=1, routed)           1.967     3.425    clk_IBUF
    BUFGCTRL_X0Y0        BUFG (Prop_bufg_I_O)         0.096     3.521 r  clk_IBUF_BUFG_inst/O
                         net (fo=2748, routed)        1.545     5.066    u_detector/CLK
    SLICE_X39Y66         FDRE                                         r  u_detector/c4_bin34_reg[3]/C
  -------------------------------------------------------------------    -------------------
    SLICE_X39Y66         FDRE (Prop_fdre_C_Q)         0.456     5.522 r  u_detector/c4_bin34_reg[3]/Q
                         net (fo=8, routed)           0.846     6.367    u_detector/c4_bin34_reg_n_0_[3]
    SLICE_X37Y66         LUT4 (Prop_lut4_I1_O)        0.124     6.491 r  u_detector/best_score[28]_i_65/O
                         net (fo=1, routed)           0.000     6.491    u_detector/best_score[28]_i_65_n_0
    SLICE_X37Y66         CARRY4 (Prop_carry4_S[1]_CO[3])
                                                      0.550     7.041 r  u_detector/best_score_reg[28]_i_41/CO[3]
                         net (fo=1, routed)           0.000     7.041    u_detector/best_score_reg[28]_i_41_n_0
    SLICE_X37Y67         CARRY4 (Prop_carry4_CI_CO[3])
                                                      0.114     7.155 r  u_detector/best_score_reg[28]_i_23/CO[3]
                         net (fo=1, routed)           0.000     7.155    u_detector/best_score_reg[28]_i_23_n_0
    SLICE_X37Y68         CARRY4 (Prop_carry4_CI_CO[3])
                                                      0.114     7.269 r  u_detector/best_score_reg[28]_i_13/CO[3]
                         net (fo=1, routed)           0.000     7.269    u_detector/best_score_reg[28]_i_13_n_0
    SLICE_X37Y69         CARRY4 (Prop_carry4_CI_CO[1])
                                                      0.157     7.426 r  u_detector/best_score_reg[28]_i_11/CO[1]
                         net (fo=78, routed)          0.853     8.279    u_detector/c4_pair_max1
    SLICE_X39Y67         LUT3 (Prop_lut3_I1_O)        0.329     8.608 r  u_detector/best_score[7]_i_13/O
                         net (fo=4, routed)           0.655     9.264    u_detector/p_0_in0_in[2]
    SLICE_X36Y66         CARRY4 (Prop_carry4_DI[2]_CO[3])
                                                      0.398     9.662 r  u_detector/best_score_reg[7]_i_11/CO[3]
                         net (fo=1, routed)           0.000     9.662    u_detector/best_score_reg[7]_i_11_n_0
    SLICE_X36Y67         CARRY4 (Prop_carry4_CI_CO[3])
                                                      0.114     9.776 r  u_detector/best_score_reg[11]_i_11/CO[3]
                         net (fo=1, routed)           0.000     9.776    u_detector/best_score_reg[11]_i_11_n_0
    SLICE_X36Y68         CARRY4 (Prop_carry4_CI_CO[3])
                                                      0.114     9.890 r  u_detector/best_score_reg[15]_i_11/CO[3]
                         net (fo=1, routed)           0.000     9.890    u_detector/best_score_reg[15]_i_11_n_0
    SLICE_X36Y69         CARRY4 (Prop_carry4_CI_O[0])
                                                      0.222    10.112 f  u_detector/best_score_reg[19]_i_11/O[0]
                         net (fo=4, routed)           0.995    11.106    u_detector/c4_f_eff[12]
    SLICE_X39Y70         LUT5 (Prop_lut5_I1_O)        0.299    11.405 f  u_detector/fund_bin[6]_i_98/O
                         net (fo=2, routed)           0.668    12.073    u_detector/fund_bin[6]_i_98_n_0
    SLICE_X38Y70         LUT6 (Prop_lut6_I0_O)        0.124    12.197 r  u_detector/fund_bin[6]_i_31/O
                         net (fo=9, routed)           0.803    13.000    u_detector/fund_bin[6]_i_31_n_0
    SLICE_X38Y70         LUT6 (Prop_lut6_I5_O)        0.124    13.124 r  u_detector/fund_bin[6]_i_8/O
                         net (fo=142, routed)         0.661    13.786    u_detector/fund_bin[6]_i_8_n_0
    SLICE_X34Y71         LUT3 (Prop_lut3_I1_O)        0.124    13.910 r  u_detector/second_ok_i_57/O
                         net (fo=5, routed)           0.464    14.374    u_detector/second_ok_i_57_n_0
    SLICE_X34Y71         LUT6 (Prop_lut6_I3_O)        0.124    14.498 r  u_detector/second_ok_i_63/O
                         net (fo=1, routed)           0.425    14.922    u_detector/second_ok_i_63_n_0
    SLICE_X34Y72         LUT6 (Prop_lut6_I0_O)        0.124    15.046 r  u_detector/second_ok_i_50/O
                         net (fo=16, routed)          0.612    15.658    u_detector/second_ok_i_50_n_0
    SLICE_X32Y72         LUT5 (Prop_lut5_I4_O)        0.124    15.782 r  u_detector/third_ok_i_38/O
                         net (fo=1, routed)           0.000    15.782    u_detector/third_ok_i_38_n_0
    SLICE_X32Y72         CARRY4 (Prop_carry4_S[1]_CO[3])
                                                      0.550    16.332 r  u_detector/third_ok_reg_i_17/CO[3]
                         net (fo=1, routed)           0.000    16.332    u_detector/third_ok_reg_i_17_n_0
    SLICE_X32Y73         CARRY4 (Prop_carry4_CI_CO[3])
                                                      0.114    16.446 r  u_detector/third_ok_reg_i_8/CO[3]
                         net (fo=1, routed)           0.000    16.446    u_detector/third_ok_reg_i_8_n_0
    SLICE_X32Y74         CARRY4 (Prop_carry4_CI_CO[3])
                                                      0.114    16.560 r  u_detector/third_ok_reg_i_3/CO[3]
                         net (fo=1, routed)           0.009    16.569    u_detector/third_ok_reg_i_3_n_0
    SLICE_X32Y75         CARRY4 (Prop_carry4_CI_CO[1])
                                                      0.157    16.726 r  u_detector/third_ok_reg_i_2/CO[1]
                         net (fo=3, routed)           0.446    17.172    u_detector/report_h3_ok
    SLICE_X33Y75         LUT6 (Prop_lut6_I3_O)        0.329    17.501 f  u_detector/fund_bin[6]_i_22_comp_1/O
                         net (fo=1, routed)           0.154    17.655    u_detector/fund_bin[6]_i_22_n_0
    SLICE_X33Y75         LUT6 (Prop_lut6_I0_O)        0.124    17.779 f  u_detector/fund_bin[6]_i_6/O
                         net (fo=10, routed)          0.385    18.164    u_detector/fund_bin[6]_i_6_n_0
    SLICE_X32Y76         LUT6 (Prop_lut6_I4_O)        0.124    18.288 r  u_detector/fund_bin[1]_i_1/O
                         net (fo=1, routed)           0.000    18.288    u_detector/fund_bin[1]_i_1_n_0
    SLICE_X32Y76         FDRE                                         r  u_detector/fund_bin_reg[1]/D
  -------------------------------------------------------------------    -------------------

                         (clock sys_clk_pin rise edge)
                                                     10.000    10.000 r  
    W5                                                0.000    10.000 r  clk (IN)
                         net (fo=0)                   0.000    10.000    clk
    W5                   IBUF (Prop_ibuf_I_O)         1.388    11.388 r  clk_IBUF_inst/O
                         net (fo=1, routed)           1.862    13.250    clk_IBUF
    BUFGCTRL_X0Y0        BUFG (Prop_bufg_I_O)         0.091    13.341 r  clk_IBUF_BUFG_inst/O
                         net (fo=2748, routed)        1.420    14.761    u_detector/CLK
    SLICE_X32Y76         FDRE                                         r  u_detector/fund_bin_reg[1]/C
                         clock pessimism              0.187    14.948    
                         clock uncertainty           -0.035    14.912    
    SLICE_X32Y76         FDRE (Setup_fdre_C_D)        0.032    14.944    u_detector/fund_bin_reg[1]
  -------------------------------------------------------------------
                         required time                         14.944    
                         arrival time                         -18.288    
  -------------------------------------------------------------------
                         slack                                 -3.344    

Slack (VIOLATED) :        -3.342ns  (required time - arrival time)
  Source:                 u_detector/c4_bin34_reg[3]/C
                            (rising edge-triggered cell FDRE clocked by sys_clk_pin  {rise@0.000ns fall@5.000ns period=10.000ns})
  Destination:            u_detector/fund_bin_reg[4]/D
                            (rising edge-triggered cell FDRE clocked by sys_clk_pin  {rise@0.000ns fall@5.000ns period=10.000ns})
  Path Group:             sys_clk_pin
  Path Type:              Setup (Max at Slow Process Corner)
  Requirement:            10.000ns  (sys_clk_pin rise@10.000ns - sys_clk_pin rise@0.000ns)
  Data Path Delay:        13.219ns  (logic 5.247ns (39.693%)  route 7.972ns (60.307%))
  Logic Levels:           24  (CARRY4=12 LUT3=2 LUT4=1 LUT5=2 LUT6=7)
  Clock Path Skew:        -0.118ns (DCD - SCD + CPR)
    Destination Clock Delay (DCD):    4.761ns = ( 14.761 - 10.000 ) 
    Source Clock Delay      (SCD):    5.066ns
    Clock Pessimism Removal (CPR):    0.187ns
  Clock Uncertainty:      0.035ns  ((TSJ^2 + TIJ^2)^1/2 + DJ) / 2 + PE
    Total System Jitter     (TSJ):    0.071ns
    Total Input Jitter      (TIJ):    0.000ns
    Discrete Jitter          (DJ):    0.000ns
    Phase Error              (PE):    0.000ns

    Location             Delay type                Incr(ns)  Path(ns)    Netlist Resource(s)
  -------------------------------------------------------------------    -------------------
                         (clock sys_clk_pin rise edge)
                                                      0.000     0.000 r  
    W5                                                0.000     0.000 r  clk (IN)
                         net (fo=0)                   0.000     0.000    clk
    W5                   IBUF (Prop_ibuf_I_O)         1.458     1.458 r  clk_IBUF_inst/O
                         net (fo=1, routed)           1.967     3.425    clk_IBUF
    BUFGCTRL_X0Y0        BUFG (Prop_bufg_I_O)         0.096     3.521 r  clk_IBUF_BUFG_inst/O
                         net (fo=2748, routed)        1.545     5.066    u_detector/CLK
    SLICE_X39Y66         FDRE                                         r  u_detector/c4_bin34_reg[3]/C
  -------------------------------------------------------------------    -------------------
    SLICE_X39Y66         FDRE (Prop_fdre_C_Q)         0.456     5.522 r  u_detector/c4_bin34_reg[3]/Q
                         net (fo=8, routed)           0.846     6.367    u_detector/c4_bin34_reg_n_0_[3]
    SLICE_X37Y66         LUT4 (Prop_lut4_I1_O)        0.124     6.491 r  u_detector/best_score[28]_i_65/O
                         net (fo=1, routed)           0.000     6.491    u_detector/best_score[28]_i_65_n_0
    SLICE_X37Y66         CARRY4 (Prop_carry4_S[1]_CO[3])
                                                      0.550     7.041 r  u_detector/best_score_reg[28]_i_41/CO[3]
                         net (fo=1, routed)           0.000     7.041    u_detector/best_score_reg[28]_i_41_n_0
    SLICE_X37Y67         CARRY4 (Prop_carry4_CI_CO[3])
                                                      0.114     7.155 r  u_detector/best_score_reg[28]_i_23/CO[3]
                         net (fo=1, routed)           0.000     7.155    u_detector/best_score_reg[28]_i_23_n_0
    SLICE_X37Y68         CARRY4 (Prop_carry4_CI_CO[3])
                                                      0.114     7.269 r  u_detector/best_score_reg[28]_i_13/CO[3]
                         net (fo=1, routed)           0.000     7.269    u_detector/best_score_reg[28]_i_13_n_0
    SLICE_X37Y69         CARRY4 (Prop_carry4_CI_CO[1])
                                                      0.157     7.426 r  u_detector/best_score_reg[28]_i_11/CO[1]
                         net (fo=78, routed)          0.853     8.279    u_detector/c4_pair_max1
    SLICE_X39Y67         LUT3 (Prop_lut3_I1_O)        0.329     8.608 r  u_detector/best_score[7]_i_13/O
                         net (fo=4, routed)           0.655     9.264    u_detector/p_0_in0_in[2]
    SLICE_X36Y66         CARRY4 (Prop_carry4_DI[2]_CO[3])
                                                      0.398     9.662 r  u_detector/best_score_reg[7]_i_11/CO[3]
                         net (fo=1, routed)           0.000     9.662    u_detector/best_score_reg[7]_i_11_n_0
    SLICE_X36Y67         CARRY4 (Prop_carry4_CI_CO[3])
                                                      0.114     9.776 r  u_detector/best_score_reg[11]_i_11/CO[3]
                         net (fo=1, routed)           0.000     9.776    u_detector/best_score_reg[11]_i_11_n_0
    SLICE_X36Y68         CARRY4 (Prop_carry4_CI_CO[3])
                                                      0.114     9.890 r  u_detector/best_score_reg[15]_i_11/CO[3]
                         net (fo=1, routed)           0.000     9.890    u_detector/best_score_reg[15]_i_11_n_0
    SLICE_X36Y69         CARRY4 (Prop_carry4_CI_O[0])
                                                      0.222    10.112 f  u_detector/best_score_reg[19]_i_11/O[0]
                         net (fo=4, routed)           0.995    11.106    u_detector/c4_f_eff[12]
    SLICE_X39Y70         LUT5 (Prop_lut5_I1_O)        0.299    11.405 f  u_detector/fund_bin[6]_i_98/O
                         net (fo=2, routed)           0.668    12.073    u_detector/fund_bin[6]_i_98_n_0
    SLICE_X38Y70         LUT6 (Prop_lut6_I0_O)        0.124    12.197 r  u_detector/fund_bin[6]_i_31/O
                         net (fo=9, routed)           0.803    13.000    u_detector/fund_bin[6]_i_31_n_0
    SLICE_X38Y70         LUT6 (Prop_lut6_I5_O)        0.124    13.124 r  u_detector/fund_bin[6]_i_8/O
                         net (fo=142, routed)         0.661    13.786    u_detector/fund_bin[6]_i_8_n_0
    SLICE_X34Y71         LUT3 (Prop_lut3_I1_O)        0.124    13.910 r  u_detector/second_ok_i_57/O
                         net (fo=5, routed)           0.464    14.374    u_detector/second_ok_i_57_n_0
    SLICE_X34Y71         LUT6 (Prop_lut6_I3_O)        0.124    14.498 r  u_detector/second_ok_i_63/O
                         net (fo=1, routed)           0.425    14.922    u_detector/second_ok_i_63_n_0
    SLICE_X34Y72         LUT6 (Prop_lut6_I0_O)        0.124    15.046 r  u_detector/second_ok_i_50/O
                         net (fo=16, routed)          0.612    15.658    u_detector/second_ok_i_50_n_0
    SLICE_X32Y72         LUT5 (Prop_lut5_I4_O)        0.124    15.782 r  u_detector/third_ok_i_38/O
                         net (fo=1, routed)           0.000    15.782    u_detector/third_ok_i_38_n_0
    SLICE_X32Y72         CARRY4 (Prop_carry4_S[1]_CO[3])
                                                      0.550    16.332 r  u_detector/third_ok_reg_i_17/CO[3]
                         net (fo=1, routed)           0.000    16.332    u_detector/third_ok_reg_i_17_n_0
    SLICE_X32Y73         CARRY4 (Prop_carry4_CI_CO[3])
                                                      0.114    16.446 r  u_detector/third_ok_reg_i_8/CO[3]
                         net (fo=1, routed)           0.000    16.446    u_detector/third_ok_reg_i_8_n_0
    SLICE_X32Y74         CARRY4 (Prop_carry4_CI_CO[3])
                                                      0.114    16.560 r  u_detector/third_ok_reg_i_3/CO[3]
                         net (fo=1, routed)           0.009    16.569    u_detector/third_ok_reg_i_3_n_0
    SLICE_X32Y75         CARRY4 (Prop_carry4_CI_CO[1])
                                                      0.157    16.726 r  u_detector/third_ok_reg_i_2/CO[1]
                         net (fo=3, routed)           0.446    17.172    u_detector/report_h3_ok
    SLICE_X33Y75         LUT6 (Prop_lut6_I3_O)        0.329    17.501 f  u_detector/fund_bin[6]_i_22_comp_1/O
                         net (fo=1, routed)           0.154    17.655    u_detector/fund_bin[6]_i_22_n_0
    SLICE_X33Y75         LUT6 (Prop_lut6_I0_O)        0.124    17.779 f  u_detector/fund_bin[6]_i_6/O
                         net (fo=10, routed)          0.382    18.161    u_detector/fund_bin[6]_i_6_n_0
    SLICE_X32Y76         LUT6 (Prop_lut6_I4_O)        0.124    18.285 r  u_detector/fund_bin[4]_i_1/O
                         net (fo=1, routed)           0.000    18.285    u_detector/fund_bin[4]_i_1_n_0
    SLICE_X32Y76         FDRE                                         r  u_detector/fund_bin_reg[4]/D
  -------------------------------------------------------------------    -------------------

                         (clock sys_clk_pin rise edge)
                                                     10.000    10.000 r  
    W5                                                0.000    10.000 r  clk (IN)
                         net (fo=0)                   0.000    10.000    clk
    W5                   IBUF (Prop_ibuf_I_O)         1.388    11.388 r  clk_IBUF_inst/O
                         net (fo=1, routed)           1.862    13.250    clk_IBUF
    BUFGCTRL_X0Y0        BUFG (Prop_bufg_I_O)         0.091    13.341 r  clk_IBUF_BUFG_inst/O
                         net (fo=2748, routed)        1.420    14.761    u_detector/CLK
    SLICE_X32Y76         FDRE                                         r  u_detector/fund_bin_reg[4]/C
                         clock pessimism              0.187    14.948    
                         clock uncertainty           -0.035    14.912    
    SLICE_X32Y76         FDRE (Setup_fdre_C_D)        0.031    14.943    u_detector/fund_bin_reg[4]
  -------------------------------------------------------------------
                         required time                         14.943    
                         arrival time                         -18.285    
  -------------------------------------------------------------------
                         slack                                 -3.342    

Slack (VIOLATED) :        -3.298ns  (required time - arrival time)
  Source:                 u_detector/c4_bin34_reg[3]/C
                            (rising edge-triggered cell FDRE clocked by sys_clk_pin  {rise@0.000ns fall@5.000ns period=10.000ns})
  Destination:            u_detector/fund_bin_reg[0]/D
                            (rising edge-triggered cell FDRE clocked by sys_clk_pin  {rise@0.000ns fall@5.000ns period=10.000ns})
  Path Group:             sys_clk_pin
  Path Type:              Setup (Max at Slow Process Corner)
  Requirement:            10.000ns  (sys_clk_pin rise@10.000ns - sys_clk_pin rise@0.000ns)
  Data Path Delay:        13.174ns  (logic 5.123ns (38.888%)  route 8.051ns (61.112%))
  Logic Levels:           23  (CARRY4=12 LUT3=2 LUT4=1 LUT5=2 LUT6=6)
  Clock Path Skew:        -0.120ns (DCD - SCD + CPR)
    Destination Clock Delay (DCD):    4.759ns = ( 14.759 - 10.000 ) 
    Source Clock Delay      (SCD):    5.066ns
    Clock Pessimism Removal (CPR):    0.187ns
  Clock Uncertainty:      0.035ns  ((TSJ^2 + TIJ^2)^1/2 + DJ) / 2 + PE
    Total System Jitter     (TSJ):    0.071ns
    Total Input Jitter      (TIJ):    0.000ns
    Discrete Jitter          (DJ):    0.000ns
    Phase Error              (PE):    0.000ns

    Location             Delay type                Incr(ns)  Path(ns)    Netlist Resource(s)
  -------------------------------------------------------------------    -------------------
                         (clock sys_clk_pin rise edge)
                                                      0.000     0.000 r  
    W5                                                0.000     0.000 r  clk (IN)
                         net (fo=0)                   0.000     0.000    clk
    W5                   IBUF (Prop_ibuf_I_O)         1.458     1.458 r  clk_IBUF_inst/O
                         net (fo=1, routed)           1.967     3.425    clk_IBUF
    BUFGCTRL_X0Y0        BUFG (Prop_bufg_I_O)         0.096     3.521 r  clk_IBUF_BUFG_inst/O
                         net (fo=2748, routed)        1.545     5.066    u_detector/CLK
    SLICE_X39Y66         FDRE                                         r  u_detector/c4_bin34_reg[3]/C
  -------------------------------------------------------------------    -------------------
    SLICE_X39Y66         FDRE (Prop_fdre_C_Q)         0.456     5.522 r  u_detector/c4_bin34_reg[3]/Q
                         net (fo=8, routed)           0.846     6.367    u_detector/c4_bin34_reg_n_0_[3]
    SLICE_X37Y66         LUT4 (Prop_lut4_I1_O)        0.124     6.491 r  u_detector/best_score[28]_i_65/O
                         net (fo=1, routed)           0.000     6.491    u_detector/best_score[28]_i_65_n_0
    SLICE_X37Y66         CARRY4 (Prop_carry4_S[1]_CO[3])
                                                      0.550     7.041 r  u_detector/best_score_reg[28]_i_41/CO[3]
                         net (fo=1, routed)           0.000     7.041    u_detector/best_score_reg[28]_i_41_n_0
    SLICE_X37Y67         CARRY4 (Prop_carry4_CI_CO[3])
                                                      0.114     7.155 r  u_detector/best_score_reg[28]_i_23/CO[3]
                         net (fo=1, routed)           0.000     7.155    u_detector/best_score_reg[28]_i_23_n_0
    SLICE_X37Y68         CARRY4 (Prop_carry4_CI_CO[3])
                                                      0.114     7.269 r  u_detector/best_score_reg[28]_i_13/CO[3]
                         net (fo=1, routed)           0.000     7.269    u_detector/best_score_reg[28]_i_13_n_0
    SLICE_X37Y69         CARRY4 (Prop_carry4_CI_CO[1])
                                                      0.157     7.426 r  u_detector/best_score_reg[28]_i_11/CO[1]
                         net (fo=78, routed)          0.853     8.279    u_detector/c4_pair_max1
    SLICE_X39Y67         LUT3 (Prop_lut3_I1_O)        0.329     8.608 r  u_detector/best_score[7]_i_13/O
                         net (fo=4, routed)           0.655     9.264    u_detector/p_0_in0_in[2]
    SLICE_X36Y66         CARRY4 (Prop_carry4_DI[2]_CO[3])
                                                      0.398     9.662 r  u_detector/best_score_reg[7]_i_11/CO[3]
                         net (fo=1, routed)           0.000     9.662    u_detector/best_score_reg[7]_i_11_n_0
    SLICE_X36Y67         CARRY4 (Prop_carry4_CI_CO[3])
                                                      0.114     9.776 r  u_detector/best_score_reg[11]_i_11/CO[3]
                         net (fo=1, routed)           0.000     9.776    u_detector/best_score_reg[11]_i_11_n_0
    SLICE_X36Y68         CARRY4 (Prop_carry4_CI_CO[3])
                                                      0.114     9.890 r  u_detector/best_score_reg[15]_i_11/CO[3]
                         net (fo=1, routed)           0.000     9.890    u_detector/best_score_reg[15]_i_11_n_0
    SLICE_X36Y69         CARRY4 (Prop_carry4_CI_O[0])
                                                      0.222    10.112 f  u_detector/best_score_reg[19]_i_11/O[0]
                         net (fo=4, routed)           0.995    11.106    u_detector/c4_f_eff[12]
    SLICE_X39Y70         LUT5 (Prop_lut5_I1_O)        0.299    11.405 f  u_detector/fund_bin[6]_i_98/O
                         net (fo=2, routed)           0.668    12.073    u_detector/fund_bin[6]_i_98_n_0
    SLICE_X38Y70         LUT6 (Prop_lut6_I0_O)        0.124    12.197 r  u_detector/fund_bin[6]_i_31/O
                         net (fo=9, routed)           0.803    13.000    u_detector/fund_bin[6]_i_31_n_0
    SLICE_X38Y70         LUT6 (Prop_lut6_I5_O)        0.124    13.124 r  u_detector/fund_bin[6]_i_8/O
                         net (fo=142, routed)         0.661    13.786    u_detector/fund_bin[6]_i_8_n_0
    SLICE_X34Y71         LUT3 (Prop_lut3_I1_O)        0.124    13.910 r  u_detector/second_ok_i_57/O
                         net (fo=5, routed)           0.464    14.374    u_detector/second_ok_i_57_n_0
    SLICE_X34Y71         LUT6 (Prop_lut6_I3_O)        0.124    14.498 r  u_detector/second_ok_i_63/O
                         net (fo=1, routed)           0.425    14.922    u_detector/second_ok_i_63_n_0
    SLICE_X34Y72         LUT6 (Prop_lut6_I0_O)        0.124    15.046 r  u_detector/second_ok_i_50/O
                         net (fo=16, routed)          0.589    15.635    u_detector/second_ok_i_50_n_0
    SLICE_X31Y72         LUT5 (Prop_lut5_I4_O)        0.124    15.759 r  u_detector/second_ok_i_39/O
                         net (fo=1, routed)           0.000    15.759    u_detector/second_ok_i_39_n_0
    SLICE_X31Y72         CARRY4 (Prop_carry4_S[1]_CO[3])
                                                      0.550    16.309 r  u_detector/second_ok_reg_i_17/CO[3]
                         net (fo=1, routed)           0.000    16.309    u_detector/second_ok_reg_i_17_n_0
    SLICE_X31Y73         CARRY4 (Prop_carry4_CI_CO[3])
                                                      0.114    16.423 r  u_detector/second_ok_reg_i_8/CO[3]
                         net (fo=1, routed)           0.000    16.423    u_detector/second_ok_reg_i_8_n_0
    SLICE_X31Y74         CARRY4 (Prop_carry4_CI_CO[3])
                                                      0.114    16.537 r  u_detector/second_ok_reg_i_3/CO[3]
                         net (fo=1, routed)           0.009    16.546    u_detector/second_ok_reg_i_3_n_0
    SLICE_X31Y75         CARRY4 (Prop_carry4_CI_CO[1])
                                                      0.157    16.703 r  u_detector/second_ok_reg_i_2/CO[1]
                         net (fo=3, routed)           0.528    17.232    u_detector/report_h2_ok
    SLICE_X33Y77         LUT6 (Prop_lut6_I3_O)        0.329    17.561 r  u_detector/fund_bin[6]_i_5_comp/O
                         net (fo=10, routed)          0.555    18.115    u_detector/fund_bin[6]_i_5_n_0
    SLICE_X33Y75         LUT6 (Prop_lut6_I3_O)        0.124    18.239 r  u_detector/fund_bin[0]_i_1/O
                         net (fo=1, routed)           0.000    18.239    u_detector/fund_bin[0]_i_1_n_0
    SLICE_X33Y75         FDRE                                         r  u_detector/fund_bin_reg[0]/D
  -------------------------------------------------------------------    -------------------

                         (clock sys_clk_pin rise edge)
                                                     10.000    10.000 r  
    W5                                                0.000    10.000 r  clk (IN)
                         net (fo=0)                   0.000    10.000    clk
    W5                   IBUF (Prop_ibuf_I_O)         1.388    11.388 r  clk_IBUF_inst/O
                         net (fo=1, routed)           1.862    13.250    clk_IBUF
    BUFGCTRL_X0Y0        BUFG (Prop_bufg_I_O)         0.091    13.341 r  clk_IBUF_BUFG_inst/O
                         net (fo=2748, routed)        1.418    14.759    u_detector/CLK
    SLICE_X33Y75         FDRE                                         r  u_detector/fund_bin_reg[0]/C
                         clock pessimism              0.187    14.946    
                         clock uncertainty           -0.035    14.910    
    SLICE_X33Y75         FDRE (Setup_fdre_C_D)        0.031    14.941    u_detector/fund_bin_reg[0]
  -------------------------------------------------------------------
                         required time                         14.941    
                         arrival time                         -18.239    
  -------------------------------------------------------------------
                         slack                                 -3.298    





Min Delay Paths
--------------------------------------------------------------------------------------
Slack (MET) :             0.015ns  (arrival time - required time)
  Source:                 <hidden>
                            (rising edge-triggered cell FDRE clocked by sys_clk_pin  {rise@0.000ns fall@5.000ns period=10.000ns})
  Destination:            <hidden>
                            (rising edge-triggered cell SRL16E clocked by sys_clk_pin  {rise@0.000ns fall@5.000ns period=10.000ns})
  Path Group:             sys_clk_pin
  Path Type:              Hold (Min at Fast Process Corner)
  Requirement:            0.000ns  (sys_clk_pin rise@0.000ns - sys_clk_pin rise@0.000ns)
  Data Path Delay:        0.335ns  (logic 0.128ns (38.257%)  route 0.207ns (61.743%))
  Logic Levels:           0  
  Clock Path Skew:        0.265ns (DCD - SCD - CPR)
    Destination Clock Delay (DCD):    1.958ns
    Source Clock Delay      (SCD):    1.444ns
    Clock Pessimism Removal (CPR):    0.249ns

    Location             Delay type                Incr(ns)  Path(ns)    Netlist Resource(s)
  -------------------------------------------------------------------    -------------------
                         (clock sys_clk_pin rise edge)
                                                      0.000     0.000 r  
    W5                                                0.000     0.000 r  clk (IN)
                         net (fo=0)                   0.000     0.000    clk
    W5                   IBUF (Prop_ibuf_I_O)         0.226     0.226 r  clk_IBUF_inst/O
                         net (fo=1, routed)           0.631     0.858    clk_IBUF
    BUFGCTRL_X0Y0        BUFG (Prop_bufg_I_O)         0.026     0.884 r  clk_IBUF_BUFG_inst/O
                         net (fo=2748, routed)        0.561     1.444    <hidden>
    SLICE_X35Y51         FDRE                                         r  <hidden>
  -------------------------------------------------------------------    -------------------
    SLICE_X35Y51         FDRE (Prop_fdre_C_Q)         0.128     1.572 r  <hidden>
                         net (fo=1, routed)           0.207     1.779    <hidden>
    SLICE_X38Y52         SRL16E                                       r  <hidden>
  -------------------------------------------------------------------    -------------------

                         (clock sys_clk_pin rise edge)
                                                      0.000     0.000 r  
    W5                                                0.000     0.000 r  clk (IN)
                         net (fo=0)                   0.000     0.000    clk
    W5                   IBUF (Prop_ibuf_I_O)         0.414     0.414 r  clk_IBUF_inst/O
                         net (fo=1, routed)           0.685     1.099    clk_IBUF
    BUFGCTRL_X0Y0        BUFG (Prop_bufg_I_O)         0.029     1.128 r  clk_IBUF_BUFG_inst/O
                         net (fo=2748, routed)        0.830     1.958    <hidden>
    SLICE_X38Y52         SRL16E                                       r  <hidden>
                         clock pessimism             -0.249     1.709    
    SLICE_X38Y52         SRL16E (Hold_srl16e_CLK_D)
                                                      0.055     1.764    <hidden>
  -------------------------------------------------------------------
                         required time                         -1.764    
                         arrival time                           1.779    
  -------------------------------------------------------------------
                         slack                                  0.015    

Slack (MET) :             0.036ns  (arrival time - required time)
  Source:                 <hidden>
                            (rising edge-triggered cell FDRE clocked by sys_clk_pin  {rise@0.000ns fall@5.000ns period=10.000ns})
  Destination:            <hidden>
                            (rising edge-triggered cell RAMB18E1 clocked by sys_clk_pin  {rise@0.000ns fall@5.000ns period=10.000ns})
  Path Group:             sys_clk_pin
  Path Type:              Hold (Min at Fast Process Corner)
  Requirement:            0.000ns  (sys_clk_pin rise@0.000ns - sys_clk_pin rise@0.000ns)
  Data Path Delay:        0.250ns  (logic 0.141ns (56.482%)  route 0.109ns (43.518%))
  Logic Levels:           0  
  Clock Path Skew:        0.058ns (DCD - SCD - CPR)
    Destination Clock Delay (DCD):    2.005ns
    Source Clock Delay      (SCD):    1.448ns
    Clock Pessimism Removal (CPR):    0.498ns

    Location             Delay type                Incr(ns)  Path(ns)    Netlist Resource(s)
  -------------------------------------------------------------------    -------------------
                         (clock sys_clk_pin rise edge)
                                                      0.000     0.000 r  
    W5                                                0.000     0.000 r  clk (IN)
                         net (fo=0)                   0.000     0.000    clk
    W5                   IBUF (Prop_ibuf_I_O)         0.226     0.226 r  clk_IBUF_inst/O
                         net (fo=1, routed)           0.631     0.858    clk_IBUF
    BUFGCTRL_X0Y0        BUFG (Prop_bufg_I_O)         0.026     0.884 r  clk_IBUF_BUFG_inst/O
                         net (fo=2748, routed)        0.565     1.448    <hidden>
    SLICE_X48Y52         FDRE                                         r  <hidden>
  -------------------------------------------------------------------    -------------------
    SLICE_X48Y52         FDRE (Prop_fdre_C_Q)         0.141     1.589 r  <hidden>
                         net (fo=1, routed)           0.109     1.698    <hidden>
    RAMB18_X1Y20         RAMB18E1                                     r  <hidden>
  -------------------------------------------------------------------    -------------------

                         (clock sys_clk_pin rise edge)
                                                      0.000     0.000 r  
    W5                                                0.000     0.000 r  clk (IN)
                         net (fo=0)                   0.000     0.000    clk
    W5                   IBUF (Prop_ibuf_I_O)         0.414     0.414 r  clk_IBUF_inst/O
                         net (fo=1, routed)           0.685     1.099    clk_IBUF
    BUFGCTRL_X0Y0        BUFG (Prop_bufg_I_O)         0.029     1.128 r  clk_IBUF_BUFG_inst/O
                         net (fo=2748, routed)        0.877     2.005    <hidden>
    RAMB18_X1Y20         RAMB18E1                                     r  <hidden>
                         clock pessimism             -0.498     1.507    
    RAMB18_X1Y20         RAMB18E1 (Hold_ramb18e1_CLKBWRCLK_DIADI[7])
                                                      0.155     1.662    <hidden>
  -------------------------------------------------------------------
                         required time                         -1.662    
                         arrival time                           1.698    
  -------------------------------------------------------------------
                         slack                                  0.036    

Slack (MET) :             0.037ns  (arrival time - required time)
  Source:                 <hidden>
                            (rising edge-triggered cell FDRE clocked by sys_clk_pin  {rise@0.000ns fall@5.000ns period=10.000ns})
  Destination:            <hidden>
                            (rising edge-triggered cell SRL16E clocked by sys_clk_pin  {rise@0.000ns fall@5.000ns period=10.000ns})
  Path Group:             sys_clk_pin
  Path Type:              Hold (Min at Fast Process Corner)
  Requirement:            0.000ns  (sys_clk_pin rise@0.000ns - sys_clk_pin rise@0.000ns)
  Data Path Delay:        0.364ns  (logic 0.128ns (35.126%)  route 0.236ns (64.874%))
  Logic Levels:           0  
  Clock Path Skew:        0.272ns (DCD - SCD - CPR)
    Destination Clock Delay (DCD):    1.961ns
    Source Clock Delay      (SCD):    1.445ns
    Clock Pessimism Removal (CPR):    0.244ns

    Location             Delay type                Incr(ns)  Path(ns)    Netlist Resource(s)
  -------------------------------------------------------------------    -------------------
                         (clock sys_clk_pin rise edge)
                                                      0.000     0.000 r  
    W5                                                0.000     0.000 r  clk (IN)
                         net (fo=0)                   0.000     0.000    clk
    W5                   IBUF (Prop_ibuf_I_O)         0.226     0.226 r  clk_IBUF_inst/O
                         net (fo=1, routed)           0.631     0.858    clk_IBUF
    BUFGCTRL_X0Y0        BUFG (Prop_bufg_I_O)         0.026     0.884 r  clk_IBUF_BUFG_inst/O
                         net (fo=2748, routed)        0.562     1.445    <hidden>
    SLICE_X43Y50         FDRE                                         r  <hidden>
  -------------------------------------------------------------------    -------------------
    SLICE_X43Y50         FDRE (Prop_fdre_C_Q)         0.128     1.573 r  <hidden>
                         net (fo=1, routed)           0.236     1.810    <hidden>
    SLICE_X42Y49         SRL16E                                       r  <hidden>
  -------------------------------------------------------------------    -------------------

                         (clock sys_clk_pin rise edge)
                                                      0.000     0.000 r  
    W5                                                0.000     0.000 r  clk (IN)
                         net (fo=0)                   0.000     0.000    clk
    W5                   IBUF (Prop_ibuf_I_O)         0.414     0.414 r  clk_IBUF_inst/O
                         net (fo=1, routed)           0.685     1.099    clk_IBUF
    BUFGCTRL_X0Y0        BUFG (Prop_bufg_I_O)         0.029     1.128 r  clk_IBUF_BUFG_inst/O
                         net (fo=2748, routed)        0.834     1.961    <hidden>
    SLICE_X42Y49         SRL16E                                       r  <hidden>
                         clock pessimism             -0.244     1.717    
    SLICE_X42Y49         SRL16E (Hold_srl16e_CLK_D)
                                                      0.056     1.773    <hidden>
  -------------------------------------------------------------------
                         required time                         -1.773    
                         arrival time                           1.810    
  -------------------------------------------------------------------
                         slack                                  0.037    

Slack (MET) :             0.037ns  (arrival time - required time)
  Source:                 <hidden>
                            (rising edge-triggered cell FDRE clocked by sys_clk_pin  {rise@0.000ns fall@5.000ns period=10.000ns})
  Destination:            <hidden>
                            (rising edge-triggered cell FDRE clocked by sys_clk_pin  {rise@0.000ns fall@5.000ns period=10.000ns})
  Path Group:             sys_clk_pin
  Path Type:              Hold (Min at Fast Process Corner)
  Requirement:            0.000ns  (sys_clk_pin rise@0.000ns - sys_clk_pin rise@0.000ns)
  Data Path Delay:        0.400ns  (logic 0.186ns (46.502%)  route 0.214ns (53.498%))
  Logic Levels:           1  (LUT4=1)
  Clock Path Skew:        0.271ns (DCD - SCD - CPR)
    Destination Clock Delay (DCD):    1.961ns
    Source Clock Delay      (SCD):    1.446ns
    Clock Pessimism Removal (CPR):    0.244ns

    Location             Delay type                Incr(ns)  Path(ns)    Netlist Resource(s)
  -------------------------------------------------------------------    -------------------
                         (clock sys_clk_pin rise edge)
                                                      0.000     0.000 r  
    W5                                                0.000     0.000 r  clk (IN)
                         net (fo=0)                   0.000     0.000    clk
    W5                   IBUF (Prop_ibuf_I_O)         0.226     0.226 r  clk_IBUF_inst/O
                         net (fo=1, routed)           0.631     0.858    clk_IBUF
    BUFGCTRL_X0Y0        BUFG (Prop_bufg_I_O)         0.026     0.884 r  clk_IBUF_BUFG_inst/O
                         net (fo=2748, routed)        0.563     1.446    <hidden>
    SLICE_X47Y50         FDRE                                         r  <hidden>
  -------------------------------------------------------------------    -------------------
    SLICE_X47Y50         FDRE (Prop_fdre_C_Q)         0.141     1.587 r  <hidden>
                         net (fo=2, routed)           0.214     1.801    <hidden>
    SLICE_X47Y46         LUT4 (Prop_lut4_I0_O)        0.045     1.846 r  <hidden>
                         net (fo=1, routed)           0.000     1.846    <hidden>
    SLICE_X47Y46         FDRE                                         r  <hidden>
  -------------------------------------------------------------------    -------------------

                         (clock sys_clk_pin rise edge)
                                                      0.000     0.000 r  
    W5                                                0.000     0.000 r  clk (IN)
                         net (fo=0)                   0.000     0.000    clk
    W5                   IBUF (Prop_ibuf_I_O)         0.414     0.414 r  clk_IBUF_inst/O
                         net (fo=1, routed)           0.685     1.099    clk_IBUF
    BUFGCTRL_X0Y0        BUFG (Prop_bufg_I_O)         0.029     1.128 r  clk_IBUF_BUFG_inst/O
                         net (fo=2748, routed)        0.834     1.961    <hidden>
    SLICE_X47Y46         FDRE                                         r  <hidden>
                         clock pessimism             -0.244     1.717    
    SLICE_X47Y46         FDRE (Hold_fdre_C_D)         0.092     1.809    <hidden>
  -------------------------------------------------------------------
                         required time                         -1.809    
                         arrival time                           1.846    
  -------------------------------------------------------------------
                         slack                                  0.037    

Slack (MET) :             0.040ns  (arrival time - required time)
  Source:                 <hidden>
                            (rising edge-triggered cell FDRE clocked by sys_clk_pin  {rise@0.000ns fall@5.000ns period=10.000ns})
  Destination:            <hidden>
                            (rising edge-triggered cell SRL16E clocked by sys_clk_pin  {rise@0.000ns fall@5.000ns period=10.000ns})
  Path Group:             sys_clk_pin
  Path Type:              Hold (Min at Fast Process Corner)
  Requirement:            0.000ns  (sys_clk_pin rise@0.000ns - sys_clk_pin rise@0.000ns)
  Data Path Delay:        0.369ns  (logic 0.128ns (34.643%)  route 0.241ns (65.357%))
  Logic Levels:           0  
  Clock Path Skew:        0.266ns (DCD - SCD - CPR)
    Destination Clock Delay (DCD):    1.957ns
    Source Clock Delay      (SCD):    1.447ns
    Clock Pessimism Removal (CPR):    0.244ns

    Location             Delay type                Incr(ns)  Path(ns)    Netlist Resource(s)
  -------------------------------------------------------------------    -------------------
                         (clock sys_clk_pin rise edge)
                                                      0.000     0.000 r  
    W5                                                0.000     0.000 r  clk (IN)
                         net (fo=0)                   0.000     0.000    clk
    W5                   IBUF (Prop_ibuf_I_O)         0.226     0.226 r  clk_IBUF_inst/O
                         net (fo=1, routed)           0.631     0.858    clk_IBUF
    BUFGCTRL_X0Y0        BUFG (Prop_bufg_I_O)         0.026     0.884 r  clk_IBUF_BUFG_inst/O
                         net (fo=2748, routed)        0.564     1.447    <hidden>
    SLICE_X36Y49         FDRE                                         r  <hidden>
  -------------------------------------------------------------------    -------------------
    SLICE_X36Y49         FDRE (Prop_fdre_C_Q)         0.128     1.575 r  <hidden>
                         net (fo=1, routed)           0.241     1.817    <hidden>
    SLICE_X38Y55         SRL16E                                       r  <hidden>
  -------------------------------------------------------------------    -------------------

                         (clock sys_clk_pin rise edge)
                                                      0.000     0.000 r  
    W5                                                0.000     0.000 r  clk (IN)
                         net (fo=0)                   0.000     0.000    clk
    W5                   IBUF (Prop_ibuf_I_O)         0.414     0.414 r  clk_IBUF_inst/O
                         net (fo=1, routed)           0.685     1.099    clk_IBUF
    BUFGCTRL_X0Y0        BUFG (Prop_bufg_I_O)         0.029     1.128 r  clk_IBUF_BUFG_inst/O
                         net (fo=2748, routed)        0.829     1.957    <hidden>
    SLICE_X38Y55         SRL16E                                       r  <hidden>
                         clock pessimism             -0.244     1.713    
    SLICE_X38Y55         SRL16E (Hold_srl16e_CLK_D)
                                                      0.064     1.777    <hidden>
  -------------------------------------------------------------------
                         required time                         -1.777    
                         arrival time                           1.817    
  -------------------------------------------------------------------
                         slack                                  0.040    

Slack (MET) :             0.041ns  (arrival time - required time)
  Source:                 <hidden>
                            (rising edge-triggered cell FDRE clocked by sys_clk_pin  {rise@0.000ns fall@5.000ns period=10.000ns})
  Destination:            <hidden>
                            (rising edge-triggered cell SRL16E clocked by sys_clk_pin  {rise@0.000ns fall@5.000ns period=10.000ns})
  Path Group:             sys_clk_pin
  Path Type:              Hold (Min at Fast Process Corner)
  Requirement:            0.000ns  (sys_clk_pin rise@0.000ns - sys_clk_pin rise@0.000ns)
  Data Path Delay:        0.367ns  (logic 0.128ns (34.831%)  route 0.239ns (65.169%))
  Logic Levels:           0  
  Clock Path Skew:        0.263ns (DCD - SCD - CPR)
    Destination Clock Delay (DCD):    1.956ns
    Source Clock Delay      (SCD):    1.444ns
    Clock Pessimism Removal (CPR):    0.249ns

    Location             Delay type                Incr(ns)  Path(ns)    Netlist Resource(s)
  -------------------------------------------------------------------    -------------------
                         (clock sys_clk_pin rise edge)
                                                      0.000     0.000 r  
    W5                                                0.000     0.000 r  clk (IN)
                         net (fo=0)                   0.000     0.000    clk
    W5                   IBUF (Prop_ibuf_I_O)         0.226     0.226 r  clk_IBUF_inst/O
                         net (fo=1, routed)           0.631     0.858    clk_IBUF
    BUFGCTRL_X0Y0        BUFG (Prop_bufg_I_O)         0.026     0.884 r  clk_IBUF_BUFG_inst/O
                         net (fo=2748, routed)        0.561     1.444    <hidden>
    SLICE_X35Y51         FDRE                                         r  <hidden>
  -------------------------------------------------------------------    -------------------
    SLICE_X35Y51         FDRE (Prop_fdre_C_Q)         0.128     1.572 r  <hidden>
                         net (fo=1, routed)           0.239     1.812    <hidden>
    SLICE_X38Y57         SRL16E                                       r  <hidden>
  -------------------------------------------------------------------    -------------------

                         (clock sys_clk_pin rise edge)
                                                      0.000     0.000 r  
    W5                                                0.000     0.000 r  clk (IN)
                         net (fo=0)                   0.000     0.000    clk
    W5                   IBUF (Prop_ibuf_I_O)         0.414     0.414 r  clk_IBUF_inst/O
                         net (fo=1, routed)           0.685     1.099    clk_IBUF
    BUFGCTRL_X0Y0        BUFG (Prop_bufg_I_O)         0.029     1.128 r  clk_IBUF_BUFG_inst/O
                         net (fo=2748, routed)        0.828     1.956    <hidden>
    SLICE_X38Y57         SRL16E                                       r  <hidden>
                         clock pessimism             -0.249     1.707    
    SLICE_X38Y57         SRL16E (Hold_srl16e_CLK_D)
                                                      0.064     1.771    <hidden>
  -------------------------------------------------------------------
                         required time                         -1.771    
                         arrival time                           1.812    
  -------------------------------------------------------------------
                         slack                                  0.041    

Slack (MET) :             0.045ns  (arrival time - required time)
  Source:                 <hidden>
                            (rising edge-triggered cell FDRE clocked by sys_clk_pin  {rise@0.000ns fall@5.000ns period=10.000ns})
  Destination:            <hidden>
                            (rising edge-triggered cell SRL16E clocked by sys_clk_pin  {rise@0.000ns fall@5.000ns period=10.000ns})
  Path Group:             sys_clk_pin
  Path Type:              Hold (Min at Fast Process Corner)
  Requirement:            0.000ns  (sys_clk_pin rise@0.000ns - sys_clk_pin rise@0.000ns)
  Data Path Delay:        0.421ns  (logic 0.164ns (38.992%)  route 0.257ns (61.008%))
  Logic Levels:           0  
  Clock Path Skew:        0.268ns (DCD - SCD - CPR)
    Destination Clock Delay (DCD):    1.959ns
    Source Clock Delay      (SCD):    1.447ns
    Clock Pessimism Removal (CPR):    0.244ns

    Location             Delay type                Incr(ns)  Path(ns)    Netlist Resource(s)
  -------------------------------------------------------------------    -------------------
                         (clock sys_clk_pin rise edge)
                                                      0.000     0.000 r  
    W5                                                0.000     0.000 r  clk (IN)
                         net (fo=0)                   0.000     0.000    clk
    W5                   IBUF (Prop_ibuf_I_O)         0.226     0.226 r  clk_IBUF_inst/O
                         net (fo=1, routed)           0.631     0.858    clk_IBUF
    BUFGCTRL_X0Y0        BUFG (Prop_bufg_I_O)         0.026     0.884 r  clk_IBUF_BUFG_inst/O
                         net (fo=2748, routed)        0.564     1.447    <hidden>
    SLICE_X42Y47         FDRE                                         r  <hidden>
  -------------------------------------------------------------------    -------------------
    SLICE_X42Y47         FDRE (Prop_fdre_C_Q)         0.164     1.611 r  <hidden>
                         net (fo=1, routed)           0.257     1.868    <hidden>
    SLICE_X42Y52         SRL16E                                       r  <hidden>
  -------------------------------------------------------------------    -------------------

                         (clock sys_clk_pin rise edge)
                                                      0.000     0.000 r  
    W5                                                0.000     0.000 r  clk (IN)
                         net (fo=0)                   0.000     0.000    clk
    W5                   IBUF (Prop_ibuf_I_O)         0.414     0.414 r  clk_IBUF_inst/O
                         net (fo=1, routed)           0.685     1.099    clk_IBUF
    BUFGCTRL_X0Y0        BUFG (Prop_bufg_I_O)         0.029     1.128 r  clk_IBUF_BUFG_inst/O
                         net (fo=2748, routed)        0.832     1.959    <hidden>
    SLICE_X42Y52         SRL16E                                       r  <hidden>
                         clock pessimism             -0.244     1.715    
    SLICE_X42Y52         SRL16E (Hold_srl16e_CLK_D)
                                                      0.108     1.823    <hidden>
  -------------------------------------------------------------------
                         required time                         -1.823    
                         arrival time                           1.868    
  -------------------------------------------------------------------
                         slack                                  0.045    

Slack (MET) :             0.048ns  (arrival time - required time)
  Source:                 <hidden>
                            (rising edge-triggered cell FDRE clocked by sys_clk_pin  {rise@0.000ns fall@5.000ns period=10.000ns})
  Destination:            <hidden>
                            (rising edge-triggered cell SRL16E clocked by sys_clk_pin  {rise@0.000ns fall@5.000ns period=10.000ns})
  Path Group:             sys_clk_pin
  Path Type:              Hold (Min at Fast Process Corner)
  Requirement:            0.000ns  (sys_clk_pin rise@0.000ns - sys_clk_pin rise@0.000ns)
  Data Path Delay:        0.382ns  (logic 0.128ns (33.505%)  route 0.254ns (66.495%))
  Logic Levels:           0  
  Clock Path Skew:        0.272ns (DCD - SCD - CPR)
    Destination Clock Delay (DCD):    1.964ns
    Source Clock Delay      (SCD):    1.448ns
    Clock Pessimism Removal (CPR):    0.244ns

    Location             Delay type                Incr(ns)  Path(ns)    Netlist Resource(s)
  -------------------------------------------------------------------    -------------------
                         (clock sys_clk_pin rise edge)
                                                      0.000     0.000 r  
    W5                                                0.000     0.000 r  clk (IN)
                         net (fo=0)                   0.000     0.000    clk
    W5                   IBUF (Prop_ibuf_I_O)         0.226     0.226 r  clk_IBUF_inst/O
                         net (fo=1, routed)           0.631     0.858    clk_IBUF
    BUFGCTRL_X0Y0        BUFG (Prop_bufg_I_O)         0.026     0.884 r  clk_IBUF_BUFG_inst/O
                         net (fo=2748, routed)        0.565     1.448    <hidden>
    SLICE_X48Y50         FDRE                                         r  <hidden>
  -------------------------------------------------------------------    -------------------
    SLICE_X48Y50         FDRE (Prop_fdre_C_Q)         0.128     1.576 r  <hidden>
                         net (fo=2, routed)           0.254     1.830    <hidden>
    SLICE_X52Y46         SRL16E                                       r  <hidden>
  -------------------------------------------------------------------    -------------------

                         (clock sys_clk_pin rise edge)
                                                      0.000     0.000 r  
    W5                                                0.000     0.000 r  clk (IN)
                         net (fo=0)                   0.000     0.000    clk
    W5                   IBUF (Prop_ibuf_I_O)         0.414     0.414 r  clk_IBUF_inst/O
                         net (fo=1, routed)           0.685     1.099    clk_IBUF
    BUFGCTRL_X0Y0        BUFG (Prop_bufg_I_O)         0.029     1.128 r  clk_IBUF_BUFG_inst/O
                         net (fo=2748, routed)        0.837     1.964    <hidden>
    SLICE_X52Y46         SRL16E                                       r  <hidden>
                         clock pessimism             -0.244     1.720    
    SLICE_X52Y46         SRL16E (Hold_srl16e_CLK_D)
                                                      0.062     1.782    <hidden>
  -------------------------------------------------------------------
                         required time                         -1.782    
                         arrival time                           1.830    
  -------------------------------------------------------------------
                         slack                                  0.048    

Slack (MET) :             0.050ns  (arrival time - required time)
  Source:                 <hidden>
                            (rising edge-triggered cell FDRE clocked by sys_clk_pin  {rise@0.000ns fall@5.000ns period=10.000ns})
  Destination:            <hidden>
                            (rising edge-triggered cell SRL16E clocked by sys_clk_pin  {rise@0.000ns fall@5.000ns period=10.000ns})
  Path Group:             sys_clk_pin
  Path Type:              Hold (Min at Fast Process Corner)
  Requirement:            0.000ns  (sys_clk_pin rise@0.000ns - sys_clk_pin rise@0.000ns)
  Data Path Delay:        0.387ns  (logic 0.148ns (38.230%)  route 0.239ns (61.770%))
  Logic Levels:           0  
  Clock Path Skew:        0.273ns (DCD - SCD - CPR)
    Destination Clock Delay (DCD):    1.965ns
    Source Clock Delay      (SCD):    1.448ns
    Clock Pessimism Removal (CPR):    0.244ns

    Location             Delay type                Incr(ns)  Path(ns)    Netlist Resource(s)
  -------------------------------------------------------------------    -------------------
                         (clock sys_clk_pin rise edge)
                                                      0.000     0.000 r  
    W5                                                0.000     0.000 r  clk (IN)
                         net (fo=0)                   0.000     0.000    clk
    W5                   IBUF (Prop_ibuf_I_O)         0.226     0.226 r  clk_IBUF_inst/O
                         net (fo=1, routed)           0.631     0.858    clk_IBUF
    BUFGCTRL_X0Y0        BUFG (Prop_bufg_I_O)         0.026     0.884 r  clk_IBUF_BUFG_inst/O
                         net (fo=2748, routed)        0.565     1.448    <hidden>
    SLICE_X52Y50         FDRE                                         r  <hidden>
  -------------------------------------------------------------------    -------------------
    SLICE_X52Y50         FDRE (Prop_fdre_C_Q)         0.148     1.596 r  <hidden>
                         net (fo=3, routed)           0.239     1.835    <hidden>
    SLICE_X54Y49         SRL16E                                       r  <hidden>
  -------------------------------------------------------------------    -------------------

                         (clock sys_clk_pin rise edge)
                                                      0.000     0.000 r  
    W5                                                0.000     0.000 r  clk (IN)
                         net (fo=0)                   0.000     0.000    clk
    W5                   IBUF (Prop_ibuf_I_O)         0.414     0.414 r  clk_IBUF_inst/O
                         net (fo=1, routed)           0.685     1.099    clk_IBUF
    BUFGCTRL_X0Y0        BUFG (Prop_bufg_I_O)         0.029     1.128 r  clk_IBUF_BUFG_inst/O
                         net (fo=2748, routed)        0.838     1.965    <hidden>
    SLICE_X54Y49         SRL16E                                       r  <hidden>
                         clock pessimism             -0.244     1.721    
    SLICE_X54Y49         SRL16E (Hold_srl16e_CLK_D)
                                                      0.064     1.785    <hidden>
  -------------------------------------------------------------------
                         required time                         -1.785    
                         arrival time                           1.835    
  -------------------------------------------------------------------
                         slack                                  0.050    

Slack (MET) :             0.053ns  (arrival time - required time)
  Source:                 <hidden>
                            (rising edge-triggered cell FDRE clocked by sys_clk_pin  {rise@0.000ns fall@5.000ns period=10.000ns})
  Destination:            <hidden>
                            (rising edge-triggered cell SRL16E clocked by sys_clk_pin  {rise@0.000ns fall@5.000ns period=10.000ns})
  Path Group:             sys_clk_pin
  Path Type:              Hold (Min at Fast Process Corner)
  Requirement:            0.000ns  (sys_clk_pin rise@0.000ns - sys_clk_pin rise@0.000ns)
  Data Path Delay:        0.376ns  (logic 0.128ns (34.018%)  route 0.248ns (65.982%))
  Logic Levels:           0  
  Clock Path Skew:        0.267ns (DCD - SCD - CPR)
    Destination Clock Delay (DCD):    1.958ns
    Source Clock Delay      (SCD):    1.447ns
    Clock Pessimism Removal (CPR):    0.244ns

    Location             Delay type                Incr(ns)  Path(ns)    Netlist Resource(s)
  -------------------------------------------------------------------    -------------------
                         (clock sys_clk_pin rise edge)
                                                      0.000     0.000 r  
    W5                                                0.000     0.000 r  clk (IN)
                         net (fo=0)                   0.000     0.000    clk
    W5                   IBUF (Prop_ibuf_I_O)         0.226     0.226 r  clk_IBUF_inst/O
                         net (fo=1, routed)           0.631     0.858    clk_IBUF
    BUFGCTRL_X0Y0        BUFG (Prop_bufg_I_O)         0.026     0.884 r  clk_IBUF_BUFG_inst/O
                         net (fo=2748, routed)        0.564     1.447    <hidden>
    SLICE_X39Y48         FDRE                                         r  <hidden>
  -------------------------------------------------------------------    -------------------
    SLICE_X39Y48         FDRE (Prop_fdre_C_Q)         0.128     1.575 r  <hidden>
                         net (fo=1, routed)           0.248     1.823    <hidden>
    SLICE_X42Y53         SRL16E                                       r  <hidden>
  -------------------------------------------------------------------    -------------------

                         (clock sys_clk_pin rise edge)
                                                      0.000     0.000 r  
    W5                                                0.000     0.000 r  clk (IN)
                         net (fo=0)                   0.000     0.000    clk
    W5                   IBUF (Prop_ibuf_I_O)         0.414     0.414 r  clk_IBUF_inst/O
                         net (fo=1, routed)           0.685     1.099    clk_IBUF
    BUFGCTRL_X0Y0        BUFG (Prop_bufg_I_O)         0.029     1.128 r  clk_IBUF_BUFG_inst/O
                         net (fo=2748, routed)        0.831     1.958    <hidden>
    SLICE_X42Y53         SRL16E                                       r  <hidden>
                         clock pessimism             -0.244     1.714    
    SLICE_X42Y53         SRL16E (Hold_srl16e_CLK_D)
                                                      0.056     1.770    <hidden>
  -------------------------------------------------------------------
                         required time                         -1.770    
                         arrival time                           1.823    
  -------------------------------------------------------------------
                         slack                                  0.053    





Pulse Width Checks
--------------------------------------------------------------------------------------
Clock Name:         sys_clk_pin
Waveform(ns):       { 0.000 5.000 }
Period(ns):         10.000
Sources:            { clk }

Check Type        Corner  Lib Pin             Reference Pin  Required(ns)  Actual(ns)  Slack(ns)  Location      Pin
Min Period        n/a     RAMB18E1/CLKARDCLK  n/a            2.944         10.000      7.056      RAMB18_X1Y22  u_chord_detector/spectrum_reg/CLKARDCLK
Min Period        n/a     RAMB18E1/CLKBWRCLK  n/a            2.944         10.000      7.056      RAMB18_X1Y22  u_chord_detector/spectrum_reg/CLKBWRCLK
Min Period        n/a     RAMB18E1/CLKARDCLK  n/a            2.944         10.000      7.056      RAMB18_X1Y26  u_detector/spectrum_reg/CLKARDCLK
Min Period        n/a     RAMB18E1/CLKBWRCLK  n/a            2.944         10.000      7.056      RAMB18_X1Y26  u_detector/spectrum_reg/CLKBWRCLK
Min Period        n/a     RAMB18E1/CLKARDCLK  n/a            2.944         10.000      7.056      RAMB18_X1Y20  <hidden>
Min Period        n/a     RAMB18E1/CLKBWRCLK  n/a            2.944         10.000      7.056      RAMB18_X1Y20  <hidden>
Min Period        n/a     RAMB18E1/CLKARDCLK  n/a            2.944         10.000      7.056      RAMB18_X1Y21  <hidden>
Min Period        n/a     RAMB18E1/CLKBWRCLK  n/a            2.944         10.000      7.056      RAMB18_X1Y21  <hidden>
Min Period        n/a     RAMB18E1/CLKARDCLK  n/a            2.944         10.000      7.056      RAMB18_X1Y19  <hidden>
Min Period        n/a     RAMB18E1/CLKBWRCLK  n/a            2.944         10.000      7.056      RAMB18_X1Y19  <hidden>
Low Pulse Width   Slow    SRL16E/CLK          n/a            0.980         5.000       4.020      SLICE_X56Y45  <hidden>
Low Pulse Width   Fast    SRL16E/CLK          n/a            0.980         5.000       4.020      SLICE_X56Y45  <hidden>
Low Pulse Width   Slow    SRL16E/CLK          n/a            0.980         5.000       4.020      SLICE_X42Y52  <hidden>
Low Pulse Width   Fast    SRL16E/CLK          n/a            0.980         5.000       4.020      SLICE_X42Y52  <hidden>
Low Pulse Width   Slow    SRL16E/CLK          n/a            0.980         5.000       4.020      SLICE_X38Y56  <hidden>
Low Pulse Width   Fast    SRL16E/CLK          n/a            0.980         5.000       4.020      SLICE_X38Y56  <hidden>
Low Pulse Width   Slow    SRL16E/CLK          n/a            0.980         5.000       4.020      SLICE_X38Y56  <hidden>
Low Pulse Width   Fast    SRL16E/CLK          n/a            0.980         5.000       4.020      SLICE_X38Y56  <hidden>
Low Pulse Width   Slow    SRL16E/CLK          n/a            0.980         5.000       4.020      SLICE_X38Y56  <hidden>
Low Pulse Width   Fast    SRL16E/CLK          n/a            0.980         5.000       4.020      SLICE_X38Y56  <hidden>
High Pulse Width  Slow    SRL16E/CLK          n/a            0.980         5.000       4.020      SLICE_X56Y45  <hidden>
High Pulse Width  Fast    SRL16E/CLK          n/a            0.980         5.000       4.020      SLICE_X56Y45  <hidden>
High Pulse Width  Slow    SRL16E/CLK          n/a            0.980         5.000       4.020      SLICE_X42Y52  <hidden>
High Pulse Width  Fast    SRL16E/CLK          n/a            0.980         5.000       4.020      SLICE_X42Y52  <hidden>
High Pulse Width  Slow    SRL16E/CLK          n/a            0.980         5.000       4.020      SLICE_X38Y56  <hidden>
High Pulse Width  Fast    SRL16E/CLK          n/a            0.980         5.000       4.020      SLICE_X38Y56  <hidden>
High Pulse Width  Slow    SRL16E/CLK          n/a            0.980         5.000       4.020      SLICE_X38Y56  <hidden>
High Pulse Width  Fast    SRL16E/CLK          n/a            0.980         5.000       4.020      SLICE_X38Y56  <hidden>
High Pulse Width  Slow    SRL16E/CLK          n/a            0.980         5.000       4.020      SLICE_X38Y56  <hidden>
High Pulse Width  Fast    SRL16E/CLK          n/a            0.980         5.000       4.020      SLICE_X38Y56  <hidden>



--------------------------------------------------------------------------------------
Path Group:  (none)
From Clock:  
  To Clock:  

Max Delay            24 Endpoints
Min Delay            24 Endpoints
--------------------------------------------------------------------------------------


Max Delay Paths
--------------------------------------------------------------------------------------
Slack:                    inf
  Source:                 sw_tgt[2]
                            (input port)
  Destination:            seg[5]
                            (output port)
  Path Group:             (none)
  Path Type:              Max at Slow Process Corner
  Data Path Delay:        17.484ns  (logic 5.692ns (32.556%)  route 11.792ns (67.444%))
  Logic Levels:           6  (IBUF=1 LUT5=2 LUT6=2 OBUF=1)

    Location             Delay type                Incr(ns)  Path(ns)    Netlist Resource(s)
  -------------------------------------------------------------------    -------------------
    W16                                               0.000     0.000 r  sw_tgt[2] (IN)
                         net (fo=0)                   0.000     0.000    sw_tgt[2]
    W16                  IBUF (Prop_ibuf_I_O)         1.464     1.464 r  sw_tgt_IBUF[2]_inst/O
                         net (fo=56, routed)          5.026     6.489    u_disp/sw_tgt_IBUF[2]
    SLICE_X48Y76         LUT6 (Prop_lut6_I2_O)        0.124     6.613 f  u_disp/seg_OBUF[6]_inst_i_4/O
                         net (fo=10, routed)          0.732     7.346    u_disp/seg_OBUF[6]_inst_i_4_n_0
    SLICE_X49Y76         LUT6 (Prop_lut6_I5_O)        0.124     7.470 f  u_disp/seg_OBUF[5]_inst_i_5/O
                         net (fo=1, routed)           0.811     8.281    u_disp/seg_OBUF[5]_inst_i_5_n_0
    SLICE_X49Y75         LUT5 (Prop_lut5_I0_O)        0.124     8.405 r  u_disp/seg_OBUF[5]_inst_i_3/O
                         net (fo=2, routed)           0.825     9.230    u_disp/seg_OBUF[5]_inst_i_3_n_0
    SLICE_X50Y75         LUT5 (Prop_lut5_I3_O)        0.148     9.378 r  u_disp/seg_OBUF[5]_inst_i_1/O
                         net (fo=1, routed)           4.398    13.776    seg_OBUF[5]
    V5                   OBUF (Prop_obuf_I_O)         3.708    17.484 r  seg_OBUF[5]_inst/O
                         net (fo=0)                   0.000    17.484    seg[5]
    V5                                                                r  seg[5] (OUT)
  -------------------------------------------------------------------    -------------------

Slack:                    inf
  Source:                 sw_tgt[2]
                            (input port)
  Destination:            seg[0]
                            (output port)
  Path Group:             (none)
  Path Type:              Max at Slow Process Corner
  Data Path Delay:        17.189ns  (logic 5.706ns (33.199%)  route 11.482ns (66.801%))
  Logic Levels:           6  (IBUF=1 LUT2=1 LUT4=1 LUT6=2 OBUF=1)

    Location             Delay type                Incr(ns)  Path(ns)    Netlist Resource(s)
  -------------------------------------------------------------------    -------------------
    W16                                               0.000     0.000 r  sw_tgt[2] (IN)
                         net (fo=0)                   0.000     0.000    sw_tgt[2]
    W16                  IBUF (Prop_ibuf_I_O)         1.464     1.464 r  sw_tgt_IBUF[2]_inst/O
                         net (fo=56, routed)          5.501     6.965    u_tone/sw_tgt_IBUF[2]
    SLICE_X51Y79         LUT4 (Prop_lut4_I3_O)        0.152     7.117 r  u_tone/cnt[0]_i_3/O
                         net (fo=4, routed)           0.878     7.994    u_disp/seg_OBUF[3]_inst_i_2_0
    SLICE_X48Y76         LUT6 (Prop_lut6_I2_O)        0.332     8.326 f  u_disp/seg_OBUF[3]_inst_i_9/O
                         net (fo=1, routed)           0.299     8.626    u_disp/seg_OBUF[3]_inst_i_9_n_0
    SLICE_X48Y75         LUT6 (Prop_lut6_I3_O)        0.124     8.750 r  u_disp/seg_OBUF[3]_inst_i_2/O
                         net (fo=2, routed)           0.925     9.674    u_disp/seg_OBUF[3]_inst_i_2_n_0
    SLICE_X50Y74         LUT2 (Prop_lut2_I0_O)        0.124     9.798 r  u_disp/seg_OBUF[0]_inst_i_1/O
                         net (fo=1, routed)           3.880    13.678    seg_OBUF[0]
    W7                   OBUF (Prop_obuf_I_O)         3.511    17.189 r  seg_OBUF[0]_inst/O
                         net (fo=0)                   0.000    17.189    seg[0]
    W7                                                                r  seg[0] (OUT)
  -------------------------------------------------------------------    -------------------

Slack:                    inf
  Source:                 sw_tgt[2]
                            (input port)
  Destination:            seg[2]
                            (output port)
  Path Group:             (none)
  Path Type:              Max at Slow Process Corner
  Data Path Delay:        17.156ns  (logic 5.725ns (33.371%)  route 11.431ns (66.629%))
  Logic Levels:           6  (IBUF=1 LUT5=2 LUT6=2 OBUF=1)

    Location             Delay type                Incr(ns)  Path(ns)    Netlist Resource(s)
  -------------------------------------------------------------------    -------------------
    W16                                               0.000     0.000 r  sw_tgt[2] (IN)
                         net (fo=0)                   0.000     0.000    sw_tgt[2]
    W16                  IBUF (Prop_ibuf_I_O)         1.464     1.464 r  sw_tgt_IBUF[2]_inst/O
                         net (fo=56, routed)          5.026     6.489    u_disp/sw_tgt_IBUF[2]
    SLICE_X48Y76         LUT6 (Prop_lut6_I2_O)        0.124     6.613 f  u_disp/seg_OBUF[6]_inst_i_4/O
                         net (fo=10, routed)          0.732     7.346    u_disp/seg_OBUF[6]_inst_i_4_n_0
    SLICE_X49Y76         LUT6 (Prop_lut6_I5_O)        0.124     7.470 f  u_disp/seg_OBUF[5]_inst_i_5/O
                         net (fo=1, routed)           0.811     8.281    u_disp/seg_OBUF[5]_inst_i_5_n_0
    SLICE_X49Y75         LUT5 (Prop_lut5_I0_O)        0.124     8.405 r  u_disp/seg_OBUF[5]_inst_i_3/O
                         net (fo=2, routed)           0.888     9.293    u_disp/seg_OBUF[5]_inst_i_3_n_0
    SLICE_X50Y74         LUT5 (Prop_lut5_I4_O)        0.150     9.443 r  u_disp/seg_OBUF[2]_inst_i_1/O
                         net (fo=1, routed)           3.974    13.416    seg_OBUF[2]
    U8                   OBUF (Prop_obuf_I_O)         3.739    17.156 r  seg_OBUF[2]_inst/O
                         net (fo=0)                   0.000    17.156    seg[2]
    U8                                                                r  seg[2] (OUT)
  -------------------------------------------------------------------    -------------------

Slack:                    inf
  Source:                 sw_tgt[2]
                            (input port)
  Destination:            seg[3]
                            (output port)
  Path Group:             (none)
  Path Type:              Max at Slow Process Corner
  Data Path Delay:        17.011ns  (logic 5.731ns (33.692%)  route 11.280ns (66.308%))
  Logic Levels:           6  (IBUF=1 LUT4=1 LUT6=3 OBUF=1)

    Location             Delay type                Incr(ns)  Path(ns)    Netlist Resource(s)
  -------------------------------------------------------------------    -------------------
    W16                                               0.000     0.000 r  sw_tgt[2] (IN)
                         net (fo=0)                   0.000     0.000    sw_tgt[2]
    W16                  IBUF (Prop_ibuf_I_O)         1.464     1.464 r  sw_tgt_IBUF[2]_inst/O
                         net (fo=56, routed)          5.501     6.965    u_tone/sw_tgt_IBUF[2]
    SLICE_X51Y79         LUT4 (Prop_lut4_I3_O)        0.152     7.117 r  u_tone/cnt[0]_i_3/O
                         net (fo=4, routed)           0.878     7.994    u_disp/seg_OBUF[3]_inst_i_2_0
    SLICE_X48Y76         LUT6 (Prop_lut6_I2_O)        0.332     8.326 f  u_disp/seg_OBUF[3]_inst_i_9/O
                         net (fo=1, routed)           0.299     8.626    u_disp/seg_OBUF[3]_inst_i_9_n_0
    SLICE_X48Y75         LUT6 (Prop_lut6_I3_O)        0.124     8.750 r  u_disp/seg_OBUF[3]_inst_i_2/O
                         net (fo=2, routed)           0.722     9.471    u_disp/seg_OBUF[3]_inst_i_2_n_0
    SLICE_X49Y75         LUT6 (Prop_lut6_I0_O)        0.124     9.595 r  u_disp/seg_OBUF[3]_inst_i_1/O
                         net (fo=1, routed)           3.880    13.476    seg_OBUF[3]
    V8                   OBUF (Prop_obuf_I_O)         3.536    17.011 r  seg_OBUF[3]_inst/O
                         net (fo=0)                   0.000    17.011    seg[3]
    V8                                                                r  seg[3] (OUT)
  -------------------------------------------------------------------    -------------------

Slack:                    inf
  Source:                 sw_tgt[0]
                            (input port)
  Destination:            led[5]
                            (output port)
  Path Group:             (none)
  Path Type:              Max at Slow Process Corner
  Data Path Delay:        16.069ns  (logic 5.467ns (34.024%)  route 10.602ns (65.976%))
  Logic Levels:           4  (IBUF=1 LUT2=1 LUT6=1 OBUF=1)

    Location             Delay type                Incr(ns)  Path(ns)    Netlist Resource(s)
  -------------------------------------------------------------------    -------------------
    V17                                               0.000     0.000 r  sw_tgt[0] (IN)
                         net (fo=0)                   0.000     0.000    sw_tgt[0]
    V17                  IBUF (Prop_ibuf_I_O)         1.453     1.453 r  sw_tgt_IBUF[0]_inst/O
                         net (fo=50, routed)          5.151     6.603    sw_tgt_IBUF[0]
    SLICE_X46Y75         LUT2 (Prop_lut2_I1_O)        0.152     6.755 r  led_OBUF[12]_inst_i_3/O
                         net (fo=2, routed)           0.627     7.383    led_OBUF[12]_inst_i_3_n_0
    SLICE_X44Y74         LUT6 (Prop_lut6_I0_O)        0.348     7.731 r  led_OBUF[5]_inst_i_1/O
                         net (fo=1, routed)           4.824    12.554    led_OBUF[5]
    U15                  OBUF (Prop_obuf_I_O)         3.514    16.069 r  led_OBUF[5]_inst/O
                         net (fo=0)                   0.000    16.069    led[5]
    U15                                                               r  led[5] (OUT)
  -------------------------------------------------------------------    -------------------

Slack:                    inf
  Source:                 sw_tgt[2]
                            (input port)
  Destination:            seg[1]
                            (output port)
  Path Group:             (none)
  Path Type:              Max at Slow Process Corner
  Data Path Delay:        15.988ns  (logic 5.856ns (36.626%)  route 10.132ns (63.374%))
  Logic Levels:           5  (IBUF=1 LUT5=1 LUT6=1 MUXF7=1 OBUF=1)

    Location             Delay type                Incr(ns)  Path(ns)    Netlist Resource(s)
  -------------------------------------------------------------------    -------------------
    W16                                               0.000     0.000 f  sw_tgt[2] (IN)
                         net (fo=0)                   0.000     0.000    sw_tgt[2]
    W16                  IBUF (Prop_ibuf_I_O)         1.464     1.464 f  sw_tgt_IBUF[2]_inst/O
                         net (fo=56, routed)          4.955     6.419    u_disp/sw_tgt_IBUF[2]
    SLICE_X48Y75         LUT5 (Prop_lut5_I4_O)        0.150     6.569 r  u_disp/seg_OBUF[6]_inst_i_7/O
                         net (fo=9, routed)           1.208     7.776    u_disp/seg_OBUF[6]_inst_i_7_n_0
    SLICE_X49Y74         LUT6 (Prop_lut6_I0_O)        0.326     8.102 r  u_disp/seg_OBUF[1]_inst_i_2/O
                         net (fo=1, routed)           0.000     8.102    u_disp/seg_OBUF[1]_inst_i_2_n_0
    SLICE_X49Y74         MUXF7 (Prop_muxf7_I0_O)      0.212     8.314 r  u_disp/seg_OBUF[1]_inst_i_1/O
                         net (fo=1, routed)           3.970    12.284    seg_OBUF[1]
    W6                   OBUF (Prop_obuf_I_O)         3.704    15.988 r  seg_OBUF[1]_inst/O
                         net (fo=0)                   0.000    15.988    seg[1]
    W6                                                                r  seg[1] (OUT)
  -------------------------------------------------------------------    -------------------

Slack:                    inf
  Source:                 sw_tgt[2]
                            (input port)
  Destination:            seg[6]
                            (output port)
  Path Group:             (none)
  Path Type:              Max at Slow Process Corner
  Data Path Delay:        15.911ns  (logic 5.243ns (32.954%)  route 10.668ns (67.046%))
  Logic Levels:           4  (IBUF=1 LUT6=2 OBUF=1)

    Location             Delay type                Incr(ns)  Path(ns)    Netlist Resource(s)
  -------------------------------------------------------------------    -------------------
    W16                                               0.000     0.000 f  sw_tgt[2] (IN)
                         net (fo=0)                   0.000     0.000    sw_tgt[2]
    W16                  IBUF (Prop_ibuf_I_O)         1.464     1.464 f  sw_tgt_IBUF[2]_inst/O
                         net (fo=56, routed)          5.026     6.489    u_disp/sw_tgt_IBUF[2]
    SLICE_X48Y76         LUT6 (Prop_lut6_I2_O)        0.124     6.613 r  u_disp/seg_OBUF[6]_inst_i_4/O
                         net (fo=10, routed)          1.421     8.034    u_disp/seg_OBUF[6]_inst_i_4_n_0
    SLICE_X50Y73         LUT6 (Prop_lut6_I2_O)        0.124     8.158 r  u_disp/seg_OBUF[6]_inst_i_1/O
                         net (fo=1, routed)           4.221    12.380    seg_OBUF[6]
    U7                   OBUF (Prop_obuf_I_O)         3.531    15.911 r  seg_OBUF[6]_inst/O
                         net (fo=0)                   0.000    15.911    seg[6]
    U7                                                                r  seg[6] (OUT)
  -------------------------------------------------------------------    -------------------

Slack:                    inf
  Source:                 sw_tgt[1]
                            (input port)
  Destination:            dp
                            (output port)
  Path Group:             (none)
  Path Type:              Max at Slow Process Corner
  Data Path Delay:        15.875ns  (logic 5.207ns (32.798%)  route 10.669ns (67.202%))
  Logic Levels:           4  (IBUF=1 LUT5=1 LUT6=1 OBUF=1)

    Location             Delay type                Incr(ns)  Path(ns)    Netlist Resource(s)
  -------------------------------------------------------------------    -------------------
    V16                                               0.000     0.000 r  sw_tgt[1] (IN)
                         net (fo=0)                   0.000     0.000    sw_tgt[1]
    V16                  IBUF (Prop_ibuf_I_O)         1.461     1.461 r  sw_tgt_IBUF[1]_inst/O
                         net (fo=57, routed)          4.825     6.286    u_disp/sw_tgt_IBUF[1]
    SLICE_X48Y75         LUT5 (Prop_lut5_I3_O)        0.124     6.410 r  u_disp/seg_OBUF[6]_inst_i_5/O
                         net (fo=10, routed)          1.575     7.985    u_disp/seg_OBUF[6]_inst_i_5_n_0
    SLICE_X50Y73         LUT6 (Prop_lut6_I3_O)        0.124     8.109 r  u_disp/dp_OBUF_inst_i_1/O
                         net (fo=1, routed)           4.269    12.378    dp_OBUF
    V7                   OBUF (Prop_obuf_I_O)         3.498    15.875 r  dp_OBUF_inst/O
                         net (fo=0)                   0.000    15.875    dp
    V7                                                                r  dp (OUT)
  -------------------------------------------------------------------    -------------------

Slack:                    inf
  Source:                 sw_tgt[2]
                            (input port)
  Destination:            led[15]
                            (output port)
  Path Group:             (none)
  Path Type:              Max at Slow Process Corner
  Data Path Delay:        15.576ns  (logic 5.744ns (36.880%)  route 9.831ns (63.120%))
  Logic Levels:           6  (IBUF=1 LUT6=3 MUXF7=1 OBUF=1)

    Location             Delay type                Incr(ns)  Path(ns)    Netlist Resource(s)
  -------------------------------------------------------------------    -------------------
    W16                                               0.000     0.000 r  sw_tgt[2] (IN)
                         net (fo=0)                   0.000     0.000    sw_tgt[2]
    W16                  IBUF (Prop_ibuf_I_O)         1.464     1.464 r  sw_tgt_IBUF[2]_inst/O
                         net (fo=56, routed)          5.420     6.884    sw_tgt_IBUF[2]
    SLICE_X48Y76         LUT6 (Prop_lut6_I2_O)        0.124     7.008 r  led_OBUF[15]_inst_i_10/O
                         net (fo=1, routed)           0.971     7.979    led_OBUF[15]_inst_i_10_n_0
    SLICE_X46Y76         LUT6 (Prop_lut6_I2_O)        0.124     8.103 r  led_OBUF[15]_inst_i_6/O
                         net (fo=1, routed)           0.803     8.907    led_OBUF[15]_inst_i_6_n_0
    SLICE_X46Y76         LUT6 (Prop_lut6_I1_O)        0.124     9.031 r  led_OBUF[15]_inst_i_3/O
                         net (fo=1, routed)           0.000     9.031    led_OBUF[15]_inst_i_3_n_0
    SLICE_X46Y76         MUXF7 (Prop_muxf7_I1_O)      0.214     9.245 r  led_OBUF[15]_inst_i_1/O
                         net (fo=1, routed)           2.637    11.881    led_OBUF[15]
    L1                   OBUF (Prop_obuf_I_O)         3.694    15.576 r  led_OBUF[15]_inst/O
                         net (fo=0)                   0.000    15.576    led[15]
    L1                                                                r  led[15] (OUT)
  -------------------------------------------------------------------    -------------------

Slack:                    inf
  Source:                 sw_tgt[2]
                            (input port)
  Destination:            led[0]
                            (output port)
  Path Group:             (none)
  Path Type:              Max at Slow Process Corner
  Data Path Delay:        15.467ns  (logic 5.445ns (35.201%)  route 10.022ns (64.799%))
  Logic Levels:           4  (IBUF=1 LUT2=1 LUT6=1 OBUF=1)

    Location             Delay type                Incr(ns)  Path(ns)    Netlist Resource(s)
  -------------------------------------------------------------------    -------------------
    W16                                               0.000     0.000 f  sw_tgt[2] (IN)
                         net (fo=0)                   0.000     0.000    sw_tgt[2]
    W16                  IBUF (Prop_ibuf_I_O)         1.464     1.464 f  sw_tgt_IBUF[2]_inst/O
                         net (fo=56, routed)          4.740     6.204    sw_tgt_IBUF[2]
    SLICE_X40Y74         LUT2 (Prop_lut2_I0_O)        0.150     6.354 r  led_OBUF[9]_inst_i_2/O
                         net (fo=2, routed)           0.457     6.810    led_OBUF[9]_inst_i_2_n_0
    SLICE_X40Y74         LUT6 (Prop_lut6_I0_O)        0.326     7.136 r  led_OBUF[0]_inst_i_1/O
                         net (fo=1, routed)           4.826    11.962    led_OBUF[0]
    U16                  OBUF (Prop_obuf_I_O)         3.505    15.467 r  led_OBUF[0]_inst/O
                         net (fo=0)                   0.000    15.467    led[0]
    U16                                                               r  led[0] (OUT)
  -------------------------------------------------------------------    -------------------





Min Delay Paths
--------------------------------------------------------------------------------------
Slack:                    inf
  Source:                 mode_chord
                            (input port)
  Destination:            led[12]
                            (output port)
  Path Group:             (none)
  Path Type:              Min at Fast Process Corner
  Data Path Delay:        3.750ns  (logic 1.488ns (39.690%)  route 2.262ns (60.310%))
  Logic Levels:           3  (IBUF=1 LUT6=1 OBUF=1)

    Location             Delay type                Incr(ns)  Path(ns)    Netlist Resource(s)
  -------------------------------------------------------------------    -------------------
    R2                                                0.000     0.000 r  mode_chord (IN)
                         net (fo=0)                   0.000     0.000    mode_chord
    R2                   IBUF (Prop_ibuf_I_O)         0.224     0.224 r  mode_chord_IBUF_inst/O
                         net (fo=40, routed)          1.547     1.772    mode_chord_IBUF
    SLICE_X44Y75         LUT6 (Prop_lut6_I5_O)        0.045     1.817 r  led_OBUF[12]_inst_i_1/O
                         net (fo=1, routed)           0.714     2.531    led_OBUF[12]
    P3                   OBUF (Prop_obuf_I_O)         1.219     3.750 r  led_OBUF[12]_inst/O
                         net (fo=0)                   0.000     3.750    led[12]
    P3                                                                r  led[12] (OUT)
  -------------------------------------------------------------------    -------------------

Slack:                    inf
  Source:                 mode_chord
                            (input port)
  Destination:            led[15]
                            (output port)
  Path Group:             (none)
  Path Type:              Min at Fast Process Corner
  Data Path Delay:        3.826ns  (logic 1.600ns (41.808%)  route 2.227ns (58.192%))
  Logic Levels:           3  (IBUF=1 MUXF7=1 OBUF=1)

    Location             Delay type                Incr(ns)  Path(ns)    Netlist Resource(s)
  -------------------------------------------------------------------    -------------------
    R2                                                0.000     0.000 r  mode_chord (IN)
                         net (fo=0)                   0.000     0.000    mode_chord
    R2                   IBUF (Prop_ibuf_I_O)         0.224     0.224 r  mode_chord_IBUF_inst/O
                         net (fo=40, routed)          1.385     1.609    mode_chord_IBUF
    SLICE_X46Y76         MUXF7 (Prop_muxf7_S_O)       0.090     1.699 r  led_OBUF[15]_inst_i_1/O
                         net (fo=1, routed)           0.842     2.541    led_OBUF[15]
    L1                   OBUF (Prop_obuf_I_O)         1.285     3.826 r  led_OBUF[15]_inst/O
                         net (fo=0)                   0.000     3.826    led[15]
    L1                                                                r  led[15] (OUT)
  -------------------------------------------------------------------    -------------------

Slack:                    inf
  Source:                 mode_chord
                            (input port)
  Destination:            led[13]
                            (output port)
  Path Group:             (none)
  Path Type:              Min at Fast Process Corner
  Data Path Delay:        3.920ns  (logic 1.539ns (39.250%)  route 2.382ns (60.750%))
  Logic Levels:           3  (IBUF=1 LUT3=1 OBUF=1)

    Location             Delay type                Incr(ns)  Path(ns)    Netlist Resource(s)
  -------------------------------------------------------------------    -------------------
    R2                                                0.000     0.000 r  mode_chord (IN)
                         net (fo=0)                   0.000     0.000    mode_chord
    R2                   IBUF (Prop_ibuf_I_O)         0.224     0.224 r  mode_chord_IBUF_inst/O
                         net (fo=40, routed)          1.663     1.887    mode_chord_IBUF
    SLICE_X45Y76         LUT3 (Prop_lut3_I2_O)        0.044     1.931 r  led_OBUF[13]_inst_i_1/O
                         net (fo=1, routed)           0.718     2.650    led_OBUF[13]
    N3                   OBUF (Prop_obuf_I_O)         1.270     3.920 r  led_OBUF[13]_inst/O
                         net (fo=0)                   0.000     3.920    led[13]
    N3                                                                r  led[13] (OUT)
  -------------------------------------------------------------------    -------------------

Slack:                    inf
  Source:                 mode_chord
                            (input port)
  Destination:            led[14]
                            (output port)
  Path Group:             (none)
  Path Type:              Min at Fast Process Corner
  Data Path Delay:        4.116ns  (logic 1.486ns (36.092%)  route 2.631ns (63.908%))
  Logic Levels:           3  (IBUF=1 LUT4=1 OBUF=1)

    Location             Delay type                Incr(ns)  Path(ns)    Netlist Resource(s)
  -------------------------------------------------------------------    -------------------
    R2                                                0.000     0.000 r  mode_chord (IN)
                         net (fo=0)                   0.000     0.000    mode_chord
    R2                   IBUF (Prop_ibuf_I_O)         0.224     0.224 r  mode_chord_IBUF_inst/O
                         net (fo=40, routed)          1.663     1.887    mode_chord_IBUF
    SLICE_X45Y76         LUT4 (Prop_lut4_I1_O)        0.045     1.932 r  led_OBUF[14]_inst_i_1/O
                         net (fo=1, routed)           0.968     2.900    led_OBUF[14]
    P1                   OBUF (Prop_obuf_I_O)         1.216     4.116 r  led_OBUF[14]_inst/O
                         net (fo=0)                   0.000     4.116    led[14]
    P1                                                                r  led[14] (OUT)
  -------------------------------------------------------------------    -------------------

Slack:                    inf
  Source:                 mode_chord
                            (input port)
  Destination:            seg[3]
                            (output port)
  Path Group:             (none)
  Path Type:              Min at Fast Process Corner
  Data Path Delay:        4.279ns  (logic 1.596ns (37.294%)  route 2.683ns (62.706%))
  Logic Levels:           5  (IBUF=1 LUT5=1 LUT6=2 OBUF=1)

    Location             Delay type                Incr(ns)  Path(ns)    Netlist Resource(s)
  -------------------------------------------------------------------    -------------------
    R2                                                0.000     0.000 r  mode_chord (IN)
                         net (fo=0)                   0.000     0.000    mode_chord
    R2                   IBUF (Prop_ibuf_I_O)         0.224     0.224 r  mode_chord_IBUF_inst/O
                         net (fo=40, routed)          1.087     1.312    u_disp/mode_chord_IBUF
    SLICE_X48Y75         LUT5 (Prop_lut5_I1_O)        0.045     1.357 r  u_disp/seg_OBUF[6]_inst_i_5/O
                         net (fo=10, routed)          0.183     1.540    u_disp/seg_OBUF[6]_inst_i_5_n_0
    SLICE_X49Y75         LUT6 (Prop_lut6_I2_O)        0.045     1.585 r  u_disp/seg_OBUF[3]_inst_i_3/O
                         net (fo=1, routed)           0.050     1.635    u_disp/seg_OBUF[3]_inst_i_3_n_0
    SLICE_X49Y75         LUT6 (Prop_lut6_I1_O)        0.045     1.680 r  u_disp/seg_OBUF[3]_inst_i_1/O
                         net (fo=1, routed)           1.362     3.042    seg_OBUF[3]
    V8                   OBUF (Prop_obuf_I_O)         1.236     4.279 r  seg_OBUF[3]_inst/O
                         net (fo=0)                   0.000     4.279    seg[3]
    V8                                                                r  seg[3] (OUT)
  -------------------------------------------------------------------    -------------------

Slack:                    inf
  Source:                 mode_chord
                            (input port)
  Destination:            seg[2]
                            (output port)
  Path Group:             (none)
  Path Type:              Min at Fast Process Corner
  Data Path Delay:        4.392ns  (logic 1.619ns (36.868%)  route 2.773ns (63.132%))
  Logic Levels:           4  (IBUF=1 LUT5=1 LUT6=1 OBUF=1)

    Location             Delay type                Incr(ns)  Path(ns)    Netlist Resource(s)
  -------------------------------------------------------------------    -------------------
    R2                                                0.000     0.000 r  mode_chord (IN)
                         net (fo=0)                   0.000     0.000    mode_chord
    R2                   IBUF (Prop_ibuf_I_O)         0.224     0.224 r  mode_chord_IBUF_inst/O
                         net (fo=40, routed)          1.226     1.450    u_disp/mode_chord_IBUF
    SLICE_X49Y75         LUT6 (Prop_lut6_I1_O)        0.045     1.495 r  u_disp/seg_OBUF[2]_inst_i_2/O
                         net (fo=1, routed)           0.177     1.672    u_disp/seg_OBUF[2]_inst_i_2_n_0
    SLICE_X50Y74         LUT5 (Prop_lut5_I1_O)        0.048     1.720 r  u_disp/seg_OBUF[2]_inst_i_1/O
                         net (fo=1, routed)           1.370     3.090    seg_OBUF[2]
    U8                   OBUF (Prop_obuf_I_O)         1.302     4.392 r  seg_OBUF[2]_inst/O
                         net (fo=0)                   0.000     4.392    seg[2]
    U8                                                                r  seg[2] (OUT)
  -------------------------------------------------------------------    -------------------

Slack:                    inf
  Source:                 sw_tgt[0]
                            (input port)
  Destination:            led[9]
                            (output port)
  Path Group:             (none)
  Path Type:              Min at Fast Process Corner
  Data Path Delay:        4.421ns  (logic 1.475ns (33.373%)  route 2.945ns (66.627%))
  Logic Levels:           3  (IBUF=1 LUT6=1 OBUF=1)

    Location             Delay type                Incr(ns)  Path(ns)    Netlist Resource(s)
  -------------------------------------------------------------------    -------------------
    V17                                               0.000     0.000 r  sw_tgt[0] (IN)
                         net (fo=0)                   0.000     0.000    sw_tgt[0]
    V17                  IBUF (Prop_ibuf_I_O)         0.221     0.221 r  sw_tgt_IBUF[0]_inst/O
                         net (fo=50, routed)          1.695     1.916    sw_tgt_IBUF[0]
    SLICE_X42Y74         LUT6 (Prop_lut6_I0_O)        0.045     1.961 r  led_OBUF[9]_inst_i_1/O
                         net (fo=1, routed)           1.250     3.211    led_OBUF[9]
    V3                   OBUF (Prop_obuf_I_O)         1.209     4.421 r  led_OBUF[9]_inst/O
                         net (fo=0)                   0.000     4.421    led[9]
    V3                                                                r  led[9] (OUT)
  -------------------------------------------------------------------    -------------------

Slack:                    inf
  Source:                 mode_chord
                            (input port)
  Destination:            led[10]
                            (output port)
  Path Group:             (none)
  Path Type:              Min at Fast Process Corner
  Data Path Delay:        4.428ns  (logic 1.563ns (35.286%)  route 2.866ns (64.714%))
  Logic Levels:           3  (IBUF=1 LUT5=1 OBUF=1)

    Location             Delay type                Incr(ns)  Path(ns)    Netlist Resource(s)
  -------------------------------------------------------------------    -------------------
    R2                                                0.000     0.000 f  mode_chord (IN)
                         net (fo=0)                   0.000     0.000    mode_chord
    R2                   IBUF (Prop_ibuf_I_O)         0.224     0.224 f  mode_chord_IBUF_inst/O
                         net (fo=40, routed)          1.599     1.823    mode_chord_IBUF
    SLICE_X44Y74         LUT5 (Prop_lut5_I0_O)        0.045     1.868 r  led_OBUF[10]_inst_i_1/O
                         net (fo=1, routed)           1.267     3.135    led_OBUF[10]
    W3                   OBUF (Prop_obuf_I_O)         1.293     4.428 r  led_OBUF[10]_inst/O
                         net (fo=0)                   0.000     4.428    led[10]
    W3                                                                r  led[10] (OUT)
  -------------------------------------------------------------------    -------------------

Slack:                    inf
  Source:                 mode_chord
                            (input port)
  Destination:            seg[6]
                            (output port)
  Path Group:             (none)
  Path Type:              Min at Fast Process Corner
  Data Path Delay:        4.448ns  (logic 1.547ns (34.770%)  route 2.901ns (65.230%))
  Logic Levels:           4  (IBUF=1 LUT5=1 LUT6=1 OBUF=1)

    Location             Delay type                Incr(ns)  Path(ns)    Netlist Resource(s)
  -------------------------------------------------------------------    -------------------
    R2                                                0.000     0.000 r  mode_chord (IN)
                         net (fo=0)                   0.000     0.000    mode_chord
    R2                   IBUF (Prop_ibuf_I_O)         0.224     0.224 r  mode_chord_IBUF_inst/O
                         net (fo=40, routed)          1.087     1.312    u_disp/mode_chord_IBUF
    SLICE_X48Y75         LUT5 (Prop_lut5_I1_O)        0.045     1.357 r  u_disp/seg_OBUF[6]_inst_i_5/O
                         net (fo=10, routed)          0.336     1.692    u_disp/seg_OBUF[6]_inst_i_5_n_0
    SLICE_X50Y73         LUT6 (Prop_lut6_I3_O)        0.045     1.737 r  u_disp/seg_OBUF[6]_inst_i_1/O
                         net (fo=1, routed)           1.478     3.216    seg_OBUF[6]
    U7                   OBUF (Prop_obuf_I_O)         1.232     4.448 r  seg_OBUF[6]_inst/O
                         net (fo=0)                   0.000     4.448    seg[6]
    U7                                                                r  seg[6] (OUT)
  -------------------------------------------------------------------    -------------------

Slack:                    inf
  Source:                 sw_tgt[0]
                            (input port)
  Destination:            led[11]
                            (output port)
  Path Group:             (none)
  Path Type:              Min at Fast Process Corner
  Data Path Delay:        4.495ns  (logic 1.471ns (32.723%)  route 3.024ns (67.277%))
  Logic Levels:           3  (IBUF=1 LUT6=1 OBUF=1)

    Location             Delay type                Incr(ns)  Path(ns)    Netlist Resource(s)
  -------------------------------------------------------------------    -------------------
    V17                                               0.000     0.000 f  sw_tgt[0] (IN)
                         net (fo=0)                   0.000     0.000    sw_tgt[0]
    V17                  IBUF (Prop_ibuf_I_O)         0.221     0.221 f  sw_tgt_IBUF[0]_inst/O
                         net (fo=50, routed)          1.733     1.954    sw_tgt_IBUF[0]
    SLICE_X44Y74         LUT6 (Prop_lut6_I1_O)        0.045     1.999 r  led_OBUF[11]_inst_i_1/O
                         net (fo=1, routed)           1.291     3.290    led_OBUF[11]
    U3                   OBUF (Prop_obuf_I_O)         1.205     4.495 r  led_OBUF[11]_inst/O
                         net (fo=0)                   0.000     4.495    led[11]
    U3                                                                r  led[11] (OUT)
  -------------------------------------------------------------------    -------------------





--------------------------------------------------------------------------------------
Path Group:  (none)
From Clock:  sys_clk_pin
  To Clock:  

Max Delay            29 Endpoints
Min Delay            29 Endpoints
--------------------------------------------------------------------------------------


Max Delay Paths
--------------------------------------------------------------------------------------
Slack:                    inf
  Source:                 chord_heard2_reg[0]/C
                            (rising edge-triggered cell FDRE clocked by sys_clk_pin  {rise@0.000ns fall@5.000ns period=10.000ns})
  Destination:            seg[5]
                            (output port)
  Path Group:             (none)
  Path Type:              Max at Slow Process Corner
  Data Path Delay:        12.658ns  (logic 4.684ns (37.008%)  route 7.973ns (62.992%))
  Logic Levels:           5  (LUT5=2 LUT6=2 OBUF=1)
  Clock Uncertainty:      0.025ns  ((TSJ^2 + TIJ^2)^1/2 + DJ) / 2 + PE
    Total System Jitter     (TSJ):    0.050ns
    Total Input Jitter      (TIJ):    0.000ns
    Discrete Jitter          (DJ):    0.000ns
    Phase Error              (PE):    0.000ns

    Location             Delay type                Incr(ns)  Path(ns)    Netlist Resource(s)
  -------------------------------------------------------------------    -------------------
                         (clock sys_clk_pin rise edge)
                                                      0.000     0.000 r  
    W5                                                0.000     0.000 r  clk (IN)
                         net (fo=0)                   0.000     0.000    clk
    W5                   IBUF (Prop_ibuf_I_O)         1.458     1.458 r  clk_IBUF_inst/O
                         net (fo=1, routed)           1.967     3.425    clk_IBUF
    BUFGCTRL_X0Y0        BUFG (Prop_bufg_I_O)         0.096     3.521 r  clk_IBUF_BUFG_inst/O
                         net (fo=2748, routed)        1.538     5.059    clk_IBUF_BUFG
    SLICE_X48Y75         FDRE                                         r  chord_heard2_reg[0]/C
  -------------------------------------------------------------------    -------------------
    SLICE_X48Y75         FDRE (Prop_fdre_C_Q)         0.456     5.515 f  chord_heard2_reg[0]/Q
                         net (fo=4, routed)           1.207     6.722    u_disp/Q[0]
    SLICE_X48Y76         LUT6 (Prop_lut6_I0_O)        0.124     6.846 f  u_disp/seg_OBUF[6]_inst_i_4/O
                         net (fo=10, routed)          0.732     7.578    u_disp/seg_OBUF[6]_inst_i_4_n_0
    SLICE_X49Y76         LUT6 (Prop_lut6_I5_O)        0.124     7.702 f  u_disp/seg_OBUF[5]_inst_i_5/O
                         net (fo=1, routed)           0.811     8.513    u_disp/seg_OBUF[5]_inst_i_5_n_0
    SLICE_X49Y75         LUT5 (Prop_lut5_I0_O)        0.124     8.637 r  u_disp/seg_OBUF[5]_inst_i_3/O
                         net (fo=2, routed)           0.825     9.462    u_disp/seg_OBUF[5]_inst_i_3_n_0
    SLICE_X50Y75         LUT5 (Prop_lut5_I3_O)        0.148     9.610 r  u_disp/seg_OBUF[5]_inst_i_1/O
                         net (fo=1, routed)           4.398    14.008    seg_OBUF[5]
    V5                   OBUF (Prop_obuf_I_O)         3.708    17.717 r  seg_OBUF[5]_inst/O
                         net (fo=0)                   0.000    17.717    seg[5]
    V5                                                                r  seg[5] (OUT)
  -------------------------------------------------------------------    -------------------

Slack:                    inf
  Source:                 heard_reg[0]/C
                            (rising edge-triggered cell FDRE clocked by sys_clk_pin  {rise@0.000ns fall@5.000ns period=10.000ns})
  Destination:            seg[0]
                            (output port)
  Path Group:             (none)
  Path Type:              Max at Slow Process Corner
  Data Path Delay:        12.607ns  (logic 4.693ns (37.223%)  route 7.914ns (62.777%))
  Logic Levels:           5  (LUT2=1 LUT3=1 LUT6=2 OBUF=1)
  Clock Uncertainty:      0.025ns  ((TSJ^2 + TIJ^2)^1/2 + DJ) / 2 + PE
    Total System Jitter     (TSJ):    0.050ns
    Total Input Jitter      (TIJ):    0.000ns
    Discrete Jitter          (DJ):    0.000ns
    Phase Error              (PE):    0.000ns

    Location             Delay type                Incr(ns)  Path(ns)    Netlist Resource(s)
  -------------------------------------------------------------------    -------------------
                         (clock sys_clk_pin rise edge)
                                                      0.000     0.000 r  
    W5                                                0.000     0.000 r  clk (IN)
                         net (fo=0)                   0.000     0.000    clk
    W5                   IBUF (Prop_ibuf_I_O)         1.458     1.458 r  clk_IBUF_inst/O
                         net (fo=1, routed)           1.967     3.425    clk_IBUF
    BUFGCTRL_X0Y0        BUFG (Prop_bufg_I_O)         0.096     3.521 r  clk_IBUF_BUFG_inst/O
                         net (fo=2748, routed)        1.537     5.058    clk_IBUF_BUFG
    SLICE_X43Y77         FDRE                                         r  heard_reg[0]/C
  -------------------------------------------------------------------    -------------------
    SLICE_X43Y77         FDRE (Prop_fdre_C_Q)         0.456     5.514 f  heard_reg[0]/Q
                         net (fo=19, routed)          1.190     6.704    u_disp/seg_OBUF[5]_inst_i_3_0[0]
    SLICE_X47Y74         LUT3 (Prop_lut3_I2_O)        0.152     6.856 f  u_disp/seg_OBUF[3]_inst_i_6/O
                         net (fo=9, routed)           0.653     7.509    u_disp/seg_OBUF[3]_inst_i_6_n_0
    SLICE_X47Y75         LUT6 (Prop_lut6_I1_O)        0.326     7.835 f  u_disp/seg_OBUF[3]_inst_i_8/O
                         net (fo=1, routed)           1.267     9.102    u_disp/seg_OBUF[3]_inst_i_8_n_0
    SLICE_X48Y75         LUT6 (Prop_lut6_I0_O)        0.124     9.226 r  u_disp/seg_OBUF[3]_inst_i_2/O
                         net (fo=2, routed)           0.925    10.151    u_disp/seg_OBUF[3]_inst_i_2_n_0
    SLICE_X50Y74         LUT2 (Prop_lut2_I0_O)        0.124    10.275 r  u_disp/seg_OBUF[0]_inst_i_1/O
                         net (fo=1, routed)           3.880    14.154    seg_OBUF[0]
    W7                   OBUF (Prop_obuf_I_O)         3.511    17.665 r  seg_OBUF[0]_inst/O
                         net (fo=0)                   0.000    17.665    seg[0]
    W7                                                                r  seg[0] (OUT)
  -------------------------------------------------------------------    -------------------

Slack:                    inf
  Source:                 heard_reg[0]/C
                            (rising edge-triggered cell FDRE clocked by sys_clk_pin  {rise@0.000ns fall@5.000ns period=10.000ns})
  Destination:            seg[3]
                            (output port)
  Path Group:             (none)
  Path Type:              Max at Slow Process Corner
  Data Path Delay:        12.430ns  (logic 4.718ns (37.954%)  route 7.712ns (62.046%))
  Logic Levels:           5  (LUT3=1 LUT6=3 OBUF=1)
  Clock Uncertainty:      0.025ns  ((TSJ^2 + TIJ^2)^1/2 + DJ) / 2 + PE
    Total System Jitter     (TSJ):    0.050ns
    Total Input Jitter      (TIJ):    0.000ns
    Discrete Jitter          (DJ):    0.000ns
    Phase Error              (PE):    0.000ns

    Location             Delay type                Incr(ns)  Path(ns)    Netlist Resource(s)
  -------------------------------------------------------------------    -------------------
                         (clock sys_clk_pin rise edge)
                                                      0.000     0.000 r  
    W5                                                0.000     0.000 r  clk (IN)
                         net (fo=0)                   0.000     0.000    clk
    W5                   IBUF (Prop_ibuf_I_O)         1.458     1.458 r  clk_IBUF_inst/O
                         net (fo=1, routed)           1.967     3.425    clk_IBUF
    BUFGCTRL_X0Y0        BUFG (Prop_bufg_I_O)         0.096     3.521 r  clk_IBUF_BUFG_inst/O
                         net (fo=2748, routed)        1.537     5.058    clk_IBUF_BUFG
    SLICE_X43Y77         FDRE                                         r  heard_reg[0]/C
  -------------------------------------------------------------------    -------------------
    SLICE_X43Y77         FDRE (Prop_fdre_C_Q)         0.456     5.514 f  heard_reg[0]/Q
                         net (fo=19, routed)          1.190     6.704    u_disp/seg_OBUF[5]_inst_i_3_0[0]
    SLICE_X47Y74         LUT3 (Prop_lut3_I2_O)        0.152     6.856 f  u_disp/seg_OBUF[3]_inst_i_6/O
                         net (fo=9, routed)           0.653     7.509    u_disp/seg_OBUF[3]_inst_i_6_n_0
    SLICE_X47Y75         LUT6 (Prop_lut6_I1_O)        0.326     7.835 f  u_disp/seg_OBUF[3]_inst_i_8/O
                         net (fo=1, routed)           1.267     9.102    u_disp/seg_OBUF[3]_inst_i_8_n_0
    SLICE_X48Y75         LUT6 (Prop_lut6_I0_O)        0.124     9.226 r  u_disp/seg_OBUF[3]_inst_i_2/O
                         net (fo=2, routed)           0.722     9.948    u_disp/seg_OBUF[3]_inst_i_2_n_0
    SLICE_X49Y75         LUT6 (Prop_lut6_I0_O)        0.124    10.072 r  u_disp/seg_OBUF[3]_inst_i_1/O
                         net (fo=1, routed)           3.880    13.952    seg_OBUF[3]
    V8                   OBUF (Prop_obuf_I_O)         3.536    17.488 r  seg_OBUF[3]_inst/O
                         net (fo=0)                   0.000    17.488    seg[3]
    V8                                                                r  seg[3] (OUT)
  -------------------------------------------------------------------    -------------------

Slack:                    inf
  Source:                 chord_heard2_reg[0]/C
                            (rising edge-triggered cell FDRE clocked by sys_clk_pin  {rise@0.000ns fall@5.000ns period=10.000ns})
  Destination:            seg[2]
                            (output port)
  Path Group:             (none)
  Path Type:              Max at Slow Process Corner
  Data Path Delay:        12.329ns  (logic 4.717ns (38.260%)  route 7.612ns (61.740%))
  Logic Levels:           5  (LUT5=2 LUT6=2 OBUF=1)
  Clock Uncertainty:      0.025ns  ((TSJ^2 + TIJ^2)^1/2 + DJ) / 2 + PE
    Total System Jitter     (TSJ):    0.050ns
    Total Input Jitter      (TIJ):    0.000ns
    Discrete Jitter          (DJ):    0.000ns
    Phase Error              (PE):    0.000ns

    Location             Delay type                Incr(ns)  Path(ns)    Netlist Resource(s)
  -------------------------------------------------------------------    -------------------
                         (clock sys_clk_pin rise edge)
                                                      0.000     0.000 r  
    W5                                                0.000     0.000 r  clk (IN)
                         net (fo=0)                   0.000     0.000    clk
    W5                   IBUF (Prop_ibuf_I_O)         1.458     1.458 r  clk_IBUF_inst/O
                         net (fo=1, routed)           1.967     3.425    clk_IBUF
    BUFGCTRL_X0Y0        BUFG (Prop_bufg_I_O)         0.096     3.521 r  clk_IBUF_BUFG_inst/O
                         net (fo=2748, routed)        1.538     5.059    clk_IBUF_BUFG
    SLICE_X48Y75         FDRE                                         r  chord_heard2_reg[0]/C
  -------------------------------------------------------------------    -------------------
    SLICE_X48Y75         FDRE (Prop_fdre_C_Q)         0.456     5.515 f  chord_heard2_reg[0]/Q
                         net (fo=4, routed)           1.207     6.722    u_disp/Q[0]
    SLICE_X48Y76         LUT6 (Prop_lut6_I0_O)        0.124     6.846 f  u_disp/seg_OBUF[6]_inst_i_4/O
                         net (fo=10, routed)          0.732     7.578    u_disp/seg_OBUF[6]_inst_i_4_n_0
    SLICE_X49Y76         LUT6 (Prop_lut6_I5_O)        0.124     7.702 f  u_disp/seg_OBUF[5]_inst_i_5/O
                         net (fo=1, routed)           0.811     8.513    u_disp/seg_OBUF[5]_inst_i_5_n_0
    SLICE_X49Y75         LUT5 (Prop_lut5_I0_O)        0.124     8.637 r  u_disp/seg_OBUF[5]_inst_i_3/O
                         net (fo=2, routed)           0.888     9.525    u_disp/seg_OBUF[5]_inst_i_3_n_0
    SLICE_X50Y74         LUT5 (Prop_lut5_I4_O)        0.150     9.675 r  u_disp/seg_OBUF[2]_inst_i_1/O
                         net (fo=1, routed)           3.974    13.649    seg_OBUF[2]
    U8                   OBUF (Prop_obuf_I_O)         3.739    17.388 r  seg_OBUF[2]_inst/O
                         net (fo=0)                   0.000    17.388    seg[2]
    U8                                                                r  seg[2] (OUT)
  -------------------------------------------------------------------    -------------------

Slack:                    inf
  Source:                 chord_heard1_reg[2]/C
                            (rising edge-triggered cell FDRE clocked by sys_clk_pin  {rise@0.000ns fall@5.000ns period=10.000ns})
  Destination:            seg[6]
                            (output port)
  Path Group:             (none)
  Path Type:              Max at Slow Process Corner
  Data Path Delay:        12.118ns  (logic 4.595ns (37.923%)  route 7.522ns (62.077%))
  Logic Levels:           4  (LUT3=1 LUT6=2 OBUF=1)
  Clock Uncertainty:      0.025ns  ((TSJ^2 + TIJ^2)^1/2 + DJ) / 2 + PE
    Total System Jitter     (TSJ):    0.050ns
    Total Input Jitter      (TIJ):    0.000ns
    Discrete Jitter          (DJ):    0.000ns
    Phase Error              (PE):    0.000ns

    Location             Delay type                Incr(ns)  Path(ns)    Netlist Resource(s)
  -------------------------------------------------------------------    -------------------
                         (clock sys_clk_pin rise edge)
                                                      0.000     0.000 r  
    W5                                                0.000     0.000 r  clk (IN)
                         net (fo=0)                   0.000     0.000    clk
    W5                   IBUF (Prop_ibuf_I_O)         1.458     1.458 r  clk_IBUF_inst/O
                         net (fo=1, routed)           1.967     3.425    clk_IBUF
    BUFGCTRL_X0Y0        BUFG (Prop_bufg_I_O)         0.096     3.521 r  clk_IBUF_BUFG_inst/O
                         net (fo=2748, routed)        1.535     5.056    clk_IBUF_BUFG
    SLICE_X47Y74         FDRE                                         r  chord_heard1_reg[2]/C
  -------------------------------------------------------------------    -------------------
    SLICE_X47Y74         FDRE (Prop_fdre_C_Q)         0.456     5.512 r  chord_heard1_reg[2]/Q
                         net (fo=5, routed)           1.206     6.718    u_disp/seg_OBUF[5]_inst_i_3_1[2]
    SLICE_X47Y75         LUT3 (Prop_lut3_I0_O)        0.152     6.870 r  u_disp/seg_OBUF[6]_inst_i_9/O
                         net (fo=9, routed)           1.286     8.155    u_disp/seg_OBUF[6]_inst_i_9_n_0
    SLICE_X50Y74         LUT6 (Prop_lut6_I3_O)        0.332     8.487 r  u_disp/seg_OBUF[6]_inst_i_2/O
                         net (fo=1, routed)           0.810     9.297    u_disp/seg_OBUF[6]_inst_i_2_n_0
    SLICE_X50Y73         LUT6 (Prop_lut6_I0_O)        0.124     9.421 r  u_disp/seg_OBUF[6]_inst_i_1/O
                         net (fo=1, routed)           4.221    13.642    seg_OBUF[6]
    U7                   OBUF (Prop_obuf_I_O)         3.531    17.174 r  seg_OBUF[6]_inst/O
                         net (fo=0)                   0.000    17.174    seg[6]
    U7                                                                r  seg[6] (OUT)
  -------------------------------------------------------------------    -------------------

Slack:                    inf
  Source:                 heard_reg[1]/C
                            (rising edge-triggered cell FDRE clocked by sys_clk_pin  {rise@0.000ns fall@5.000ns period=10.000ns})
  Destination:            dp
                            (output port)
  Path Group:             (none)
  Path Type:              Max at Slow Process Corner
  Data Path Delay:        12.106ns  (logic 4.326ns (35.732%)  route 7.780ns (64.268%))
  Logic Levels:           4  (LUT3=1 LUT6=2 OBUF=1)
  Clock Uncertainty:      0.025ns  ((TSJ^2 + TIJ^2)^1/2 + DJ) / 2 + PE
    Total System Jitter     (TSJ):    0.050ns
    Total Input Jitter      (TIJ):    0.000ns
    Discrete Jitter          (DJ):    0.000ns
    Phase Error              (PE):    0.000ns

    Location             Delay type                Incr(ns)  Path(ns)    Netlist Resource(s)
  -------------------------------------------------------------------    -------------------
                         (clock sys_clk_pin rise edge)
                                                      0.000     0.000 r  
    W5                                                0.000     0.000 r  clk (IN)
                         net (fo=0)                   0.000     0.000    clk
    W5                   IBUF (Prop_ibuf_I_O)         1.458     1.458 r  clk_IBUF_inst/O
                         net (fo=1, routed)           1.967     3.425    clk_IBUF
    BUFGCTRL_X0Y0        BUFG (Prop_bufg_I_O)         0.096     3.521 r  clk_IBUF_BUFG_inst/O
                         net (fo=2748, routed)        1.537     5.058    clk_IBUF_BUFG
    SLICE_X43Y77         FDRE                                         r  heard_reg[1]/C
  -------------------------------------------------------------------    -------------------
    SLICE_X43Y77         FDRE (Prop_fdre_C_Q)         0.456     5.514 r  heard_reg[1]/Q
                         net (fo=19, routed)          1.243     6.757    u_disp/seg_OBUF[5]_inst_i_3_0[1]
    SLICE_X47Y75         LUT3 (Prop_lut3_I2_O)        0.124     6.881 r  u_disp/seg_OBUF[3]_inst_i_4/O
                         net (fo=9, routed)           1.449     8.329    u_disp/seg_OBUF[3]_inst_i_4_n_0
    SLICE_X49Y74         LUT6 (Prop_lut6_I4_O)        0.124     8.453 f  u_disp/dp_OBUF_inst_i_2/O
                         net (fo=1, routed)           0.820     9.273    u_disp/dp_OBUF_inst_i_2_n_0
    SLICE_X50Y73         LUT6 (Prop_lut6_I5_O)        0.124     9.397 r  u_disp/dp_OBUF_inst_i_1/O
                         net (fo=1, routed)           4.269    13.666    dp_OBUF
    V7                   OBUF (Prop_obuf_I_O)         3.498    17.163 r  dp_OBUF_inst/O
                         net (fo=0)                   0.000    17.163    dp
    V7                                                                r  dp (OUT)
  -------------------------------------------------------------------    -------------------

Slack:                    inf
  Source:                 heard_reg[1]/C
                            (rising edge-triggered cell FDRE clocked by sys_clk_pin  {rise@0.000ns fall@5.000ns period=10.000ns})
  Destination:            seg[4]
                            (output port)
  Path Group:             (none)
  Path Type:              Max at Slow Process Corner
  Data Path Delay:        11.847ns  (logic 4.348ns (36.700%)  route 7.499ns (63.300%))
  Logic Levels:           4  (LUT3=1 LUT6=2 OBUF=1)
  Clock Uncertainty:      0.025ns  ((TSJ^2 + TIJ^2)^1/2 + DJ) / 2 + PE
    Total System Jitter     (TSJ):    0.050ns
    Total Input Jitter      (TIJ):    0.000ns
    Discrete Jitter          (DJ):    0.000ns
    Phase Error              (PE):    0.000ns

    Location             Delay type                Incr(ns)  Path(ns)    Netlist Resource(s)
  -------------------------------------------------------------------    -------------------
                         (clock sys_clk_pin rise edge)
                                                      0.000     0.000 r  
    W5                                                0.000     0.000 r  clk (IN)
                         net (fo=0)                   0.000     0.000    clk
    W5                   IBUF (Prop_ibuf_I_O)         1.458     1.458 r  clk_IBUF_inst/O
                         net (fo=1, routed)           1.967     3.425    clk_IBUF
    BUFGCTRL_X0Y0        BUFG (Prop_bufg_I_O)         0.096     3.521 r  clk_IBUF_BUFG_inst/O
                         net (fo=2748, routed)        1.537     5.058    clk_IBUF_BUFG
    SLICE_X43Y77         FDRE                                         r  heard_reg[1]/C
  -------------------------------------------------------------------    -------------------
    SLICE_X43Y77         FDRE (Prop_fdre_C_Q)         0.456     5.514 r  heard_reg[1]/Q
                         net (fo=19, routed)          1.243     6.757    u_disp/seg_OBUF[5]_inst_i_3_0[1]
    SLICE_X47Y75         LUT3 (Prop_lut3_I2_O)        0.124     6.881 r  u_disp/seg_OBUF[3]_inst_i_4/O
                         net (fo=9, routed)           1.454     8.334    u_disp/seg_OBUF[3]_inst_i_4_n_0
    SLICE_X49Y74         LUT6 (Prop_lut6_I2_O)        0.124     8.458 r  u_disp/seg_OBUF[4]_inst_i_2/O
                         net (fo=1, routed)           0.806     9.264    u_disp/seg_OBUF[4]_inst_i_2_n_0
    SLICE_X49Y73         LUT6 (Prop_lut6_I5_O)        0.124     9.388 r  u_disp/seg_OBUF[4]_inst_i_1/O
                         net (fo=1, routed)           3.997    13.385    seg_OBUF[4]
    U5                   OBUF (Prop_obuf_I_O)         3.520    16.905 r  seg_OBUF[4]_inst/O
                         net (fo=0)                   0.000    16.905    seg[4]
    U5                                                                r  seg[4] (OUT)
  -------------------------------------------------------------------    -------------------

Slack:                    inf
  Source:                 chord_heard1_reg[2]/C
                            (rising edge-triggered cell FDRE clocked by sys_clk_pin  {rise@0.000ns fall@5.000ns period=10.000ns})
  Destination:            seg[1]
                            (output port)
  Path Group:             (none)
  Path Type:              Max at Slow Process Corner
  Data Path Delay:        11.732ns  (logic 4.985ns (42.491%)  route 6.747ns (57.509%))
  Logic Levels:           5  (LUT3=1 LUT6=2 MUXF7=1 OBUF=1)
  Clock Uncertainty:      0.025ns  ((TSJ^2 + TIJ^2)^1/2 + DJ) / 2 + PE
    Total System Jitter     (TSJ):    0.050ns
    Total Input Jitter      (TIJ):    0.000ns
    Discrete Jitter          (DJ):    0.000ns
    Phase Error              (PE):    0.000ns

    Location             Delay type                Incr(ns)  Path(ns)    Netlist Resource(s)
  -------------------------------------------------------------------    -------------------
                         (clock sys_clk_pin rise edge)
                                                      0.000     0.000 r  
    W5                                                0.000     0.000 r  clk (IN)
                         net (fo=0)                   0.000     0.000    clk
    W5                   IBUF (Prop_ibuf_I_O)         1.458     1.458 r  clk_IBUF_inst/O
                         net (fo=1, routed)           1.967     3.425    clk_IBUF
    BUFGCTRL_X0Y0        BUFG (Prop_bufg_I_O)         0.096     3.521 r  clk_IBUF_BUFG_inst/O
                         net (fo=2748, routed)        1.535     5.056    clk_IBUF_BUFG
    SLICE_X47Y74         FDRE                                         r  chord_heard1_reg[2]/C
  -------------------------------------------------------------------    -------------------
    SLICE_X47Y74         FDRE (Prop_fdre_C_Q)         0.456     5.512 r  chord_heard1_reg[2]/Q
                         net (fo=5, routed)           1.206     6.718    u_disp/seg_OBUF[5]_inst_i_3_1[2]
    SLICE_X47Y75         LUT3 (Prop_lut3_I0_O)        0.152     6.870 r  u_disp/seg_OBUF[6]_inst_i_9/O
                         net (fo=9, routed)           0.717     7.587    u_disp/seg_OBUF[6]_inst_i_9_n_0
    SLICE_X47Y74         LUT6 (Prop_lut6_I0_O)        0.332     7.919 f  u_disp/seg_OBUF[1]_inst_i_5/O
                         net (fo=1, routed)           0.854     8.773    u_disp/seg_OBUF[1]_inst_i_5_n_0
    SLICE_X49Y74         LUT6 (Prop_lut6_I0_O)        0.124     8.897 r  u_disp/seg_OBUF[1]_inst_i_3/O
                         net (fo=1, routed)           0.000     8.897    u_disp/seg_OBUF[1]_inst_i_3_n_0
    SLICE_X49Y74         MUXF7 (Prop_muxf7_I1_O)      0.217     9.114 r  u_disp/seg_OBUF[1]_inst_i_1/O
                         net (fo=1, routed)           3.970    13.084    seg_OBUF[1]
    W6                   OBUF (Prop_obuf_I_O)         3.704    16.788 r  seg_OBUF[1]_inst/O
                         net (fo=0)                   0.000    16.788    seg[1]
    W6                                                                r  seg[1] (OUT)
  -------------------------------------------------------------------    -------------------

Slack:                    inf
  Source:                 heard_reg[2]/C
                            (rising edge-triggered cell FDRE clocked by sys_clk_pin  {rise@0.000ns fall@5.000ns period=10.000ns})
  Destination:            led[7]
                            (output port)
  Path Group:             (none)
  Path Type:              Max at Slow Process Corner
  Data Path Delay:        10.642ns  (logic 4.205ns (39.509%)  route 6.438ns (60.491%))
  Logic Levels:           3  (LUT3=1 LUT6=1 OBUF=1)
  Clock Uncertainty:      0.025ns  ((TSJ^2 + TIJ^2)^1/2 + DJ) / 2 + PE
    Total System Jitter     (TSJ):    0.050ns
    Total Input Jitter      (TIJ):    0.000ns
    Discrete Jitter          (DJ):    0.000ns
    Phase Error              (PE):    0.000ns

    Location             Delay type                Incr(ns)  Path(ns)    Netlist Resource(s)
  -------------------------------------------------------------------    -------------------
                         (clock sys_clk_pin rise edge)
                                                      0.000     0.000 r  
    W5                                                0.000     0.000 r  clk (IN)
                         net (fo=0)                   0.000     0.000    clk
    W5                   IBUF (Prop_ibuf_I_O)         1.458     1.458 r  clk_IBUF_inst/O
                         net (fo=1, routed)           1.967     3.425    clk_IBUF
    BUFGCTRL_X0Y0        BUFG (Prop_bufg_I_O)         0.096     3.521 r  clk_IBUF_BUFG_inst/O
                         net (fo=2748, routed)        1.537     5.058    clk_IBUF_BUFG
    SLICE_X43Y77         FDRE                                         r  heard_reg[2]/C
  -------------------------------------------------------------------    -------------------
    SLICE_X43Y77         FDRE (Prop_fdre_C_Q)         0.456     5.514 f  heard_reg[2]/Q
                         net (fo=16, routed)          1.362     6.876    heard_reg_n_0_[2]
    SLICE_X42Y74         LUT3 (Prop_lut3_I2_O)        0.124     7.000 r  led_OBUF[7]_inst_i_2/O
                         net (fo=1, routed)           0.286     7.287    led_OBUF[7]_inst_i_2_n_0
    SLICE_X42Y74         LUT6 (Prop_lut6_I4_O)        0.124     7.411 r  led_OBUF[7]_inst_i_1/O
                         net (fo=1, routed)           4.789    12.199    led_OBUF[7]
    V14                  OBUF (Prop_obuf_I_O)         3.501    15.700 r  led_OBUF[7]_inst/O
                         net (fo=0)                   0.000    15.700    led[7]
    V14                                                               r  led[7] (OUT)
  -------------------------------------------------------------------    -------------------

Slack:                    inf
  Source:                 heard_reg[2]/C
                            (rising edge-triggered cell FDRE clocked by sys_clk_pin  {rise@0.000ns fall@5.000ns period=10.000ns})
  Destination:            led[0]
                            (output port)
  Path Group:             (none)
  Path Type:              Max at Slow Process Corner
  Data Path Delay:        10.531ns  (logic 4.085ns (38.788%)  route 6.446ns (61.212%))
  Logic Levels:           2  (LUT6=1 OBUF=1)
  Clock Uncertainty:      0.025ns  ((TSJ^2 + TIJ^2)^1/2 + DJ) / 2 + PE
    Total System Jitter     (TSJ):    0.050ns
    Total Input Jitter      (TIJ):    0.000ns
    Discrete Jitter          (DJ):    0.000ns
    Phase Error              (PE):    0.000ns

    Location             Delay type                Incr(ns)  Path(ns)    Netlist Resource(s)
  -------------------------------------------------------------------    -------------------
                         (clock sys_clk_pin rise edge)
                                                      0.000     0.000 r  
    W5                                                0.000     0.000 r  clk (IN)
                         net (fo=0)                   0.000     0.000    clk
    W5                   IBUF (Prop_ibuf_I_O)         1.458     1.458 r  clk_IBUF_inst/O
                         net (fo=1, routed)           1.967     3.425    clk_IBUF
    BUFGCTRL_X0Y0        BUFG (Prop_bufg_I_O)         0.096     3.521 r  clk_IBUF_BUFG_inst/O
                         net (fo=2748, routed)        1.537     5.058    clk_IBUF_BUFG
    SLICE_X43Y77         FDRE                                         r  heard_reg[2]/C
  -------------------------------------------------------------------    -------------------
    SLICE_X43Y77         FDRE (Prop_fdre_C_Q)         0.456     5.514 f  heard_reg[2]/Q
                         net (fo=16, routed)          1.620     7.134    heard_reg_n_0_[2]
    SLICE_X40Y74         LUT6 (Prop_lut6_I2_O)        0.124     7.258 r  led_OBUF[0]_inst_i_1/O
                         net (fo=1, routed)           4.826    12.084    led_OBUF[0]
    U16                  OBUF (Prop_obuf_I_O)         3.505    15.589 r  led_OBUF[0]_inst/O
                         net (fo=0)                   0.000    15.589    led[0]
    U16                                                               r  led[0] (OUT)
  -------------------------------------------------------------------    -------------------





Min Delay Paths
--------------------------------------------------------------------------------------
Slack:                    inf
  Source:                 u_tone/buz_reg/C
                            (rising edge-triggered cell FDRE clocked by sys_clk_pin  {rise@0.000ns fall@5.000ns period=10.000ns})
  Destination:            ja_buz
                            (output port)
  Path Group:             (none)
  Path Type:              Min at Fast Process Corner
  Data Path Delay:        2.054ns  (logic 1.358ns (66.111%)  route 0.696ns (33.889%))
  Logic Levels:           1  (OBUF=1)
  Clock Uncertainty:      0.025ns  ((TSJ^2 + TIJ^2)^1/2 + DJ) / 2 + PE
    Total System Jitter     (TSJ):    0.050ns
    Total Input Jitter      (TIJ):    0.000ns
    Discrete Jitter          (DJ):    0.000ns
    Phase Error              (PE):    0.000ns

    Location             Delay type                Incr(ns)  Path(ns)    Netlist Resource(s)
  -------------------------------------------------------------------    -------------------
                         (clock sys_clk_pin rise edge)
                                                      0.000     0.000 r  
    W5                                                0.000     0.000 r  clk (IN)
                         net (fo=0)                   0.000     0.000    clk
    W5                   IBUF (Prop_ibuf_I_O)         0.226     0.226 r  clk_IBUF_inst/O
                         net (fo=1, routed)           0.631     0.858    clk_IBUF
    BUFGCTRL_X0Y0        BUFG (Prop_bufg_I_O)         0.026     0.884 r  clk_IBUF_BUFG_inst/O
                         net (fo=2748, routed)        0.555     1.438    u_tone/CLK
    SLICE_X51Y79         FDRE                                         r  u_tone/buz_reg/C
  -------------------------------------------------------------------    -------------------
    SLICE_X51Y79         FDRE (Prop_fdre_C_Q)         0.141     1.579 r  u_tone/buz_reg/Q
                         net (fo=2, routed)           0.696     2.275    ja_buz_OBUF
    L2                   OBUF (Prop_obuf_I_O)         1.217     3.492 r  ja_buz_OBUF_inst/O
                         net (fo=0)                   0.000     3.492    ja_buz
    L2                                                                r  ja_buz (OUT)
  -------------------------------------------------------------------    -------------------

Slack:                    inf
  Source:                 heard_reg[2]/C
                            (rising edge-triggered cell FDRE clocked by sys_clk_pin  {rise@0.000ns fall@5.000ns period=10.000ns})
  Destination:            led[12]
                            (output port)
  Path Group:             (none)
  Path Type:              Min at Fast Process Corner
  Data Path Delay:        2.307ns  (logic 1.405ns (60.906%)  route 0.902ns (39.094%))
  Logic Levels:           2  (LUT6=1 OBUF=1)
  Clock Uncertainty:      0.025ns  ((TSJ^2 + TIJ^2)^1/2 + DJ) / 2 + PE
    Total System Jitter     (TSJ):    0.050ns
    Total Input Jitter      (TIJ):    0.000ns
    Discrete Jitter          (DJ):    0.000ns
    Phase Error              (PE):    0.000ns

    Location             Delay type                Incr(ns)  Path(ns)    Netlist Resource(s)
  -------------------------------------------------------------------    -------------------
                         (clock sys_clk_pin rise edge)
                                                      0.000     0.000 r  
    W5                                                0.000     0.000 r  clk (IN)
                         net (fo=0)                   0.000     0.000    clk
    W5                   IBUF (Prop_ibuf_I_O)         0.226     0.226 r  clk_IBUF_inst/O
                         net (fo=1, routed)           0.631     0.858    clk_IBUF
    BUFGCTRL_X0Y0        BUFG (Prop_bufg_I_O)         0.026     0.884 r  clk_IBUF_BUFG_inst/O
                         net (fo=2748, routed)        0.551     1.434    clk_IBUF_BUFG
    SLICE_X43Y77         FDRE                                         r  heard_reg[2]/C
  -------------------------------------------------------------------    -------------------
    SLICE_X43Y77         FDRE (Prop_fdre_C_Q)         0.141     1.575 r  heard_reg[2]/Q
                         net (fo=16, routed)          0.188     1.763    heard_reg_n_0_[2]
    SLICE_X44Y75         LUT6 (Prop_lut6_I2_O)        0.045     1.808 r  led_OBUF[12]_inst_i_1/O
                         net (fo=1, routed)           0.714     2.522    led_OBUF[12]
    P3                   OBUF (Prop_obuf_I_O)         1.219     3.741 r  led_OBUF[12]_inst/O
                         net (fo=0)                   0.000     3.741    led[12]
    P3                                                                r  led[12] (OUT)
  -------------------------------------------------------------------    -------------------

Slack:                    inf
  Source:                 heard_third_ok_reg/C
                            (rising edge-triggered cell FDRE clocked by sys_clk_pin  {rise@0.000ns fall@5.000ns period=10.000ns})
  Destination:            led[13]
                            (output port)
  Path Group:             (none)
  Path Type:              Min at Fast Process Corner
  Data Path Delay:        2.340ns  (logic 1.482ns (63.356%)  route 0.857ns (36.644%))
  Logic Levels:           2  (LUT3=1 OBUF=1)
  Clock Uncertainty:      0.025ns  ((TSJ^2 + TIJ^2)^1/2 + DJ) / 2 + PE
    Total System Jitter     (TSJ):    0.050ns
    Total Input Jitter      (TIJ):    0.000ns
    Discrete Jitter          (DJ):    0.000ns
    Phase Error              (PE):    0.000ns

    Location             Delay type                Incr(ns)  Path(ns)    Netlist Resource(s)
  -------------------------------------------------------------------    -------------------
                         (clock sys_clk_pin rise edge)
                                                      0.000     0.000 r  
    W5                                                0.000     0.000 r  clk (IN)
                         net (fo=0)                   0.000     0.000    clk
    W5                   IBUF (Prop_ibuf_I_O)         0.226     0.226 r  clk_IBUF_inst/O
                         net (fo=1, routed)           0.631     0.858    clk_IBUF
    BUFGCTRL_X0Y0        BUFG (Prop_bufg_I_O)         0.026     0.884 r  clk_IBUF_BUFG_inst/O
                         net (fo=2748, routed)        0.549     1.432    clk_IBUF_BUFG
    SLICE_X42Y76         FDRE                                         r  heard_third_ok_reg/C
  -------------------------------------------------------------------    -------------------
    SLICE_X42Y76         FDRE (Prop_fdre_C_Q)         0.164     1.596 r  heard_third_ok_reg/Q
                         net (fo=2, routed)           0.139     1.735    heard_third_ok_reg_n_0
    SLICE_X45Y76         LUT3 (Prop_lut3_I1_O)        0.048     1.783 r  led_OBUF[13]_inst_i_1/O
                         net (fo=1, routed)           0.718     2.502    led_OBUF[13]
    N3                   OBUF (Prop_obuf_I_O)         1.270     3.772 r  led_OBUF[13]_inst/O
                         net (fo=0)                   0.000     3.772    led[13]
    N3                                                                r  led[13] (OUT)
  -------------------------------------------------------------------    -------------------

Slack:                    inf
  Source:                 heard_third_ok_reg/C
                            (rising edge-triggered cell FDRE clocked by sys_clk_pin  {rise@0.000ns fall@5.000ns period=10.000ns})
  Destination:            led[14]
                            (output port)
  Path Group:             (none)
  Path Type:              Min at Fast Process Corner
  Data Path Delay:        2.532ns  (logic 1.425ns (56.295%)  route 1.107ns (43.705%))
  Logic Levels:           2  (LUT4=1 OBUF=1)
  Clock Uncertainty:      0.025ns  ((TSJ^2 + TIJ^2)^1/2 + DJ) / 2 + PE
    Total System Jitter     (TSJ):    0.050ns
    Total Input Jitter      (TIJ):    0.000ns
    Discrete Jitter          (DJ):    0.000ns
    Phase Error              (PE):    0.000ns

    Location             Delay type                Incr(ns)  Path(ns)    Netlist Resource(s)
  -------------------------------------------------------------------    -------------------
                         (clock sys_clk_pin rise edge)
                                                      0.000     0.000 r  
    W5                                                0.000     0.000 r  clk (IN)
                         net (fo=0)                   0.000     0.000    clk
    W5                   IBUF (Prop_ibuf_I_O)         0.226     0.226 r  clk_IBUF_inst/O
                         net (fo=1, routed)           0.631     0.858    clk_IBUF
    BUFGCTRL_X0Y0        BUFG (Prop_bufg_I_O)         0.026     0.884 r  clk_IBUF_BUFG_inst/O
                         net (fo=2748, routed)        0.549     1.432    clk_IBUF_BUFG
    SLICE_X42Y76         FDRE                                         r  heard_third_ok_reg/C
  -------------------------------------------------------------------    -------------------
    SLICE_X42Y76         FDRE (Prop_fdre_C_Q)         0.164     1.596 r  heard_third_ok_reg/Q
                         net (fo=2, routed)           0.139     1.735    heard_third_ok_reg_n_0
    SLICE_X45Y76         LUT4 (Prop_lut4_I2_O)        0.045     1.780 r  led_OBUF[14]_inst_i_1/O
                         net (fo=1, routed)           0.968     2.748    led_OBUF[14]
    P1                   OBUF (Prop_obuf_I_O)         1.216     3.964 r  led_OBUF[14]_inst/O
                         net (fo=0)                   0.000     3.964    led[14]
    P1                                                                r  led[14] (OUT)
  -------------------------------------------------------------------    -------------------

Slack:                    inf
  Source:                 heard_reg[3]/C
                            (rising edge-triggered cell FDRE clocked by sys_clk_pin  {rise@0.000ns fall@5.000ns period=10.000ns})
  Destination:            led[15]
                            (output port)
  Path Group:             (none)
  Path Type:              Min at Fast Process Corner
  Data Path Delay:        2.576ns  (logic 1.533ns (59.538%)  route 1.042ns (40.462%))
  Logic Levels:           3  (LUT6=1 MUXF7=1 OBUF=1)
  Clock Uncertainty:      0.025ns  ((TSJ^2 + TIJ^2)^1/2 + DJ) / 2 + PE
    Total System Jitter     (TSJ):    0.050ns
    Total Input Jitter      (TIJ):    0.000ns
    Discrete Jitter          (DJ):    0.000ns
    Phase Error              (PE):    0.000ns

    Location             Delay type                Incr(ns)  Path(ns)    Netlist Resource(s)
  -------------------------------------------------------------------    -------------------
                         (clock sys_clk_pin rise edge)
                                                      0.000     0.000 r  
    W5                                                0.000     0.000 r  clk (IN)
                         net (fo=0)                   0.000     0.000    clk
    W5                   IBUF (Prop_ibuf_I_O)         0.226     0.226 r  clk_IBUF_inst/O
                         net (fo=1, routed)           0.631     0.858    clk_IBUF
    BUFGCTRL_X0Y0        BUFG (Prop_bufg_I_O)         0.026     0.884 r  clk_IBUF_BUFG_inst/O
                         net (fo=2748, routed)        0.551     1.434    clk_IBUF_BUFG
    SLICE_X43Y77         FDRE                                         r  heard_reg[3]/C
  -------------------------------------------------------------------    -------------------
    SLICE_X43Y77         FDRE (Prop_fdre_C_Q)         0.141     1.575 r  heard_reg[3]/Q
                         net (fo=19, routed)          0.200     1.776    heard_reg_n_0_[3]
    SLICE_X46Y76         LUT6 (Prop_lut6_I0_O)        0.045     1.821 r  led_OBUF[15]_inst_i_2/O
                         net (fo=1, routed)           0.000     1.821    led_OBUF[15]_inst_i_2_n_0
    SLICE_X46Y76         MUXF7 (Prop_muxf7_I0_O)      0.062     1.883 r  led_OBUF[15]_inst_i_1/O
                         net (fo=1, routed)           0.842     2.724    led_OBUF[15]
    L1                   OBUF (Prop_obuf_I_O)         1.285     4.010 r  led_OBUF[15]_inst/O
                         net (fo=0)                   0.000     4.010    led[15]
    L1                                                                r  led[15] (OUT)
  -------------------------------------------------------------------    -------------------

Slack:                    inf
  Source:                 u_disp/refresh_reg[17]/C
                            (rising edge-triggered cell FDRE clocked by sys_clk_pin  {rise@0.000ns fall@5.000ns period=10.000ns})
  Destination:            an[0]
                            (output port)
  Path Group:             (none)
  Path Type:              Min at Fast Process Corner
  Data Path Delay:        2.870ns  (logic 1.390ns (48.433%)  route 1.480ns (51.567%))
  Logic Levels:           2  (LUT2=1 OBUF=1)
  Clock Uncertainty:      0.025ns  ((TSJ^2 + TIJ^2)^1/2 + DJ) / 2 + PE
    Total System Jitter     (TSJ):    0.050ns
    Total Input Jitter      (TIJ):    0.000ns
    Discrete Jitter          (DJ):    0.000ns
    Phase Error              (PE):    0.000ns

    Location             Delay type                Incr(ns)  Path(ns)    Netlist Resource(s)
  -------------------------------------------------------------------    -------------------
                         (clock sys_clk_pin rise edge)
                                                      0.000     0.000 r  
    W5                                                0.000     0.000 r  clk (IN)
                         net (fo=0)                   0.000     0.000    clk
    W5                   IBUF (Prop_ibuf_I_O)         0.226     0.226 r  clk_IBUF_inst/O
                         net (fo=1, routed)           0.631     0.858    clk_IBUF
    BUFGCTRL_X0Y0        BUFG (Prop_bufg_I_O)         0.026     0.884 r  clk_IBUF_BUFG_inst/O
                         net (fo=2748, routed)        0.551     1.434    u_disp/CLK
    SLICE_X48Y74         FDRE                                         r  u_disp/refresh_reg[17]/C
  -------------------------------------------------------------------    -------------------
    SLICE_X48Y74         FDRE (Prop_fdre_C_Q)         0.141     1.575 f  u_disp/refresh_reg[17]/Q
                         net (fo=18, routed)          0.372     1.947    u_disp/p_1_in[0]
    SLICE_X50Y73         LUT2 (Prop_lut2_I1_O)        0.045     1.992 r  u_disp/an_OBUF[0]_inst_i_1/O
                         net (fo=1, routed)           1.108     3.100    an_OBUF[0]
    U2                   OBUF (Prop_obuf_I_O)         1.204     4.304 r  an_OBUF[0]_inst/O
                         net (fo=0)                   0.000     4.304    an[0]
    U2                                                                r  an[0] (OUT)
  -------------------------------------------------------------------    -------------------

Slack:                    inf
  Source:                 u_disp/refresh_reg[17]/C
                            (rising edge-triggered cell FDRE clocked by sys_clk_pin  {rise@0.000ns fall@5.000ns period=10.000ns})
  Destination:            an[1]
                            (output port)
  Path Group:             (none)
  Path Type:              Min at Fast Process Corner
  Data Path Delay:        2.886ns  (logic 1.386ns (48.028%)  route 1.500ns (51.972%))
  Logic Levels:           2  (LUT2=1 OBUF=1)
  Clock Uncertainty:      0.025ns  ((TSJ^2 + TIJ^2)^1/2 + DJ) / 2 + PE
    Total System Jitter     (TSJ):    0.050ns
    Total Input Jitter      (TIJ):    0.000ns
    Discrete Jitter          (DJ):    0.000ns
    Phase Error              (PE):    0.000ns

    Location             Delay type                Incr(ns)  Path(ns)    Netlist Resource(s)
  -------------------------------------------------------------------    -------------------
                         (clock sys_clk_pin rise edge)
                                                      0.000     0.000 r  
    W5                                                0.000     0.000 r  clk (IN)
                         net (fo=0)                   0.000     0.000    clk
    W5                   IBUF (Prop_ibuf_I_O)         0.226     0.226 r  clk_IBUF_inst/O
                         net (fo=1, routed)           0.631     0.858    clk_IBUF
    BUFGCTRL_X0Y0        BUFG (Prop_bufg_I_O)         0.026     0.884 r  clk_IBUF_BUFG_inst/O
                         net (fo=2748, routed)        0.551     1.434    u_disp/CLK
    SLICE_X48Y74         FDRE                                         r  u_disp/refresh_reg[17]/C
  -------------------------------------------------------------------    -------------------
    SLICE_X48Y74         FDRE (Prop_fdre_C_Q)         0.141     1.575 r  u_disp/refresh_reg[17]/Q
                         net (fo=18, routed)          0.372     1.947    u_disp/p_1_in[0]
    SLICE_X50Y73         LUT2 (Prop_lut2_I0_O)        0.045     1.992 r  u_disp/an_OBUF[1]_inst_i_1/O
                         net (fo=1, routed)           1.129     3.120    an_OBUF[1]
    U4                   OBUF (Prop_obuf_I_O)         1.200     4.321 r  an_OBUF[1]_inst/O
                         net (fo=0)                   0.000     4.321    an[1]
    U4                                                                r  an[1] (OUT)
  -------------------------------------------------------------------    -------------------

Slack:                    inf
  Source:                 heard_reg[0]/C
                            (rising edge-triggered cell FDRE clocked by sys_clk_pin  {rise@0.000ns fall@5.000ns period=10.000ns})
  Destination:            led[9]
                            (output port)
  Path Group:             (none)
  Path Type:              Min at Fast Process Corner
  Data Path Delay:        2.905ns  (logic 1.395ns (48.027%)  route 1.510ns (51.973%))
  Logic Levels:           2  (LUT6=1 OBUF=1)
  Clock Uncertainty:      0.025ns  ((TSJ^2 + TIJ^2)^1/2 + DJ) / 2 + PE
    Total System Jitter     (TSJ):    0.050ns
    Total Input Jitter      (TIJ):    0.000ns
    Discrete Jitter          (DJ):    0.000ns
    Phase Error              (PE):    0.000ns

    Location             Delay type                Incr(ns)  Path(ns)    Netlist Resource(s)
  -------------------------------------------------------------------    -------------------
                         (clock sys_clk_pin rise edge)
                                                      0.000     0.000 r  
    W5                                                0.000     0.000 r  clk (IN)
                         net (fo=0)                   0.000     0.000    clk
    W5                   IBUF (Prop_ibuf_I_O)         0.226     0.226 r  clk_IBUF_inst/O
                         net (fo=1, routed)           0.631     0.858    clk_IBUF
    BUFGCTRL_X0Y0        BUFG (Prop_bufg_I_O)         0.026     0.884 r  clk_IBUF_BUFG_inst/O
                         net (fo=2748, routed)        0.551     1.434    clk_IBUF_BUFG
    SLICE_X43Y77         FDRE                                         r  heard_reg[0]/C
  -------------------------------------------------------------------    -------------------
    SLICE_X43Y77         FDRE (Prop_fdre_C_Q)         0.141     1.575 f  heard_reg[0]/Q
                         net (fo=19, routed)          0.260     1.835    heard_reg_n_0_[0]
    SLICE_X42Y74         LUT6 (Prop_lut6_I3_O)        0.045     1.880 r  led_OBUF[9]_inst_i_1/O
                         net (fo=1, routed)           1.250     3.130    led_OBUF[9]
    V3                   OBUF (Prop_obuf_I_O)         1.209     4.340 r  led_OBUF[9]_inst/O
                         net (fo=0)                   0.000     4.340    led[9]
    V3                                                                r  led[9] (OUT)
  -------------------------------------------------------------------    -------------------

Slack:                    inf
  Source:                 u_disp/refresh_reg[17]/C
                            (rising edge-triggered cell FDRE clocked by sys_clk_pin  {rise@0.000ns fall@5.000ns period=10.000ns})
  Destination:            an[3]
                            (output port)
  Path Group:             (none)
  Path Type:              Min at Fast Process Corner
  Data Path Delay:        2.966ns  (logic 1.397ns (47.119%)  route 1.568ns (52.881%))
  Logic Levels:           2  (LUT2=1 OBUF=1)
  Clock Uncertainty:      0.025ns  ((TSJ^2 + TIJ^2)^1/2 + DJ) / 2 + PE
    Total System Jitter     (TSJ):    0.050ns
    Total Input Jitter      (TIJ):    0.000ns
    Discrete Jitter          (DJ):    0.000ns
    Phase Error              (PE):    0.000ns

    Location             Delay type                Incr(ns)  Path(ns)    Netlist Resource(s)
  -------------------------------------------------------------------    -------------------
                         (clock sys_clk_pin rise edge)
                                                      0.000     0.000 r  
    W5                                                0.000     0.000 r  clk (IN)
                         net (fo=0)                   0.000     0.000    clk
    W5                   IBUF (Prop_ibuf_I_O)         0.226     0.226 r  clk_IBUF_inst/O
                         net (fo=1, routed)           0.631     0.858    clk_IBUF
    BUFGCTRL_X0Y0        BUFG (Prop_bufg_I_O)         0.026     0.884 r  clk_IBUF_BUFG_inst/O
                         net (fo=2748, routed)        0.551     1.434    u_disp/CLK
    SLICE_X48Y74         FDRE                                         r  u_disp/refresh_reg[17]/C
  -------------------------------------------------------------------    -------------------
    SLICE_X48Y74         FDRE (Prop_fdre_C_Q)         0.141     1.575 r  u_disp/refresh_reg[17]/Q
                         net (fo=18, routed)          0.309     1.885    u_disp/p_1_in[0]
    SLICE_X50Y74         LUT2 (Prop_lut2_I1_O)        0.045     1.930 r  u_disp/an_OBUF[3]_inst_i_1/O
                         net (fo=1, routed)           1.259     3.188    an_OBUF[3]
    W4                   OBUF (Prop_obuf_I_O)         1.211     4.400 r  an_OBUF[3]_inst/O
                         net (fo=0)                   0.000     4.400    an[3]
    W4                                                                r  an[3] (OUT)
  -------------------------------------------------------------------    -------------------

Slack:                    inf
  Source:                 u_disp/refresh_reg[18]/C
                            (rising edge-triggered cell FDRE clocked by sys_clk_pin  {rise@0.000ns fall@5.000ns period=10.000ns})
  Destination:            seg[4]
                            (output port)
  Path Group:             (none)
  Path Type:              Min at Fast Process Corner
  Data Path Delay:        2.971ns  (logic 1.407ns (47.354%)  route 1.564ns (52.646%))
  Logic Levels:           2  (LUT6=1 OBUF=1)
  Clock Uncertainty:      0.025ns  ((TSJ^2 + TIJ^2)^1/2 + DJ) / 2 + PE
    Total System Jitter     (TSJ):    0.050ns
    Total Input Jitter      (TIJ):    0.000ns
    Discrete Jitter          (DJ):    0.000ns
    Phase Error              (PE):    0.000ns

    Location             Delay type                Incr(ns)  Path(ns)    Netlist Resource(s)
  -------------------------------------------------------------------    -------------------
                         (clock sys_clk_pin rise edge)
                                                      0.000     0.000 r  
    W5                                                0.000     0.000 r  clk (IN)
                         net (fo=0)                   0.000     0.000    clk
    W5                   IBUF (Prop_ibuf_I_O)         0.226     0.226 r  clk_IBUF_inst/O
                         net (fo=1, routed)           0.631     0.858    clk_IBUF
    BUFGCTRL_X0Y0        BUFG (Prop_bufg_I_O)         0.026     0.884 r  clk_IBUF_BUFG_inst/O
                         net (fo=2748, routed)        0.551     1.434    u_disp/CLK
    SLICE_X48Y74         FDRE                                         r  u_disp/refresh_reg[18]/C
  -------------------------------------------------------------------    -------------------
    SLICE_X48Y74         FDRE (Prop_fdre_C_Q)         0.141     1.575 r  u_disp/refresh_reg[18]/Q
                         net (fo=21, routed)          0.178     1.753    u_disp/p_1_in[1]
    SLICE_X49Y73         LUT6 (Prop_lut6_I4_O)        0.045     1.798 r  u_disp/seg_OBUF[4]_inst_i_1/O
                         net (fo=1, routed)           1.387     3.184    seg_OBUF[4]
    U5                   OBUF (Prop_obuf_I_O)         1.221     4.405 r  seg_OBUF[4]_inst/O
                         net (fo=0)                   0.000     4.405    seg[4]
    U5                                                                r  seg[4] (OUT)
  -------------------------------------------------------------------    -------------------





--------------------------------------------------------------------------------------
Path Group:  (none)
From Clock:  
  To Clock:  sys_clk_pin

Max Delay          1376 Endpoints
Min Delay          1376 Endpoints
--------------------------------------------------------------------------------------


Max Delay Paths
--------------------------------------------------------------------------------------
Slack:                    inf
  Source:                 btnC
                            (input port)
  Destination:            u_chord_detector/score_mem_reg[3][23]/R
                            (rising edge-triggered cell FDRE clocked by sys_clk_pin  {rise@0.000ns fall@5.000ns period=10.000ns})
  Path Group:             (none)
  Path Type:              Setup (Max at Slow Process Corner)
  Data Path Delay:        12.372ns  (logic 1.441ns (11.650%)  route 10.930ns (88.350%))
  Logic Levels:           1  (IBUF=1)
  Clock Path Skew:        4.766ns (DCD - SCD + CPR)
    Destination Clock Delay (DCD):    4.766ns
    Source Clock Delay      (SCD):    0.000ns
    Clock Pessimism Removal (CPR):    0.000ns
  Clock Uncertainty:      0.025ns  ((TSJ^2 + TIJ^2)^1/2 + DJ) / 2 + PE
    Total System Jitter     (TSJ):    0.050ns
    Total Input Jitter      (TIJ):    0.000ns
    Discrete Jitter          (DJ):    0.000ns
    Phase Error              (PE):    0.000ns

    Location             Delay type                Incr(ns)  Path(ns)    Netlist Resource(s)
  -------------------------------------------------------------------    -------------------
    U18                                               0.000     0.000 r  btnC (IN)
                         net (fo=0)                   0.000     0.000    btnC
    U18                  IBUF (Prop_ibuf_I_O)         1.441     1.441 r  btnC_IBUF_inst/O
                         net (fo=1227, routed)       10.930    12.372    u_chord_detector/btnC_IBUF
    SLICE_X55Y75         FDRE                                         r  u_chord_detector/score_mem_reg[3][23]/R
  -------------------------------------------------------------------    -------------------

                         (clock sys_clk_pin rise edge)
                                                      0.000     0.000 r  
    W5                                                0.000     0.000 r  clk (IN)
                         net (fo=0)                   0.000     0.000    clk
    W5                   IBUF (Prop_ibuf_I_O)         1.388     1.388 r  clk_IBUF_inst/O
                         net (fo=1, routed)           1.862     3.250    clk_IBUF
    BUFGCTRL_X0Y0        BUFG (Prop_bufg_I_O)         0.091     3.341 r  clk_IBUF_BUFG_inst/O
                         net (fo=2748, routed)        1.425     4.766    u_chord_detector/clk_IBUF_BUFG
    SLICE_X55Y75         FDRE                                         r  u_chord_detector/score_mem_reg[3][23]/C

Slack:                    inf
  Source:                 btnC
                            (input port)
  Destination:            u_chord_detector/valid_mem_reg[8]/R
                            (rising edge-triggered cell FDRE clocked by sys_clk_pin  {rise@0.000ns fall@5.000ns period=10.000ns})
  Path Group:             (none)
  Path Type:              Setup (Max at Slow Process Corner)
  Data Path Delay:        12.372ns  (logic 1.441ns (11.650%)  route 10.930ns (88.350%))
  Logic Levels:           1  (IBUF=1)
  Clock Path Skew:        4.766ns (DCD - SCD + CPR)
    Destination Clock Delay (DCD):    4.766ns
    Source Clock Delay      (SCD):    0.000ns
    Clock Pessimism Removal (CPR):    0.000ns
  Clock Uncertainty:      0.025ns  ((TSJ^2 + TIJ^2)^1/2 + DJ) / 2 + PE
    Total System Jitter     (TSJ):    0.050ns
    Total Input Jitter      (TIJ):    0.000ns
    Discrete Jitter          (DJ):    0.000ns
    Phase Error              (PE):    0.000ns

    Location             Delay type                Incr(ns)  Path(ns)    Netlist Resource(s)
  -------------------------------------------------------------------    -------------------
    U18                                               0.000     0.000 r  btnC (IN)
                         net (fo=0)                   0.000     0.000    btnC
    U18                  IBUF (Prop_ibuf_I_O)         1.441     1.441 r  btnC_IBUF_inst/O
                         net (fo=1227, routed)       10.930    12.372    u_chord_detector/btnC_IBUF
    SLICE_X54Y75         FDRE                                         r  u_chord_detector/valid_mem_reg[8]/R
  -------------------------------------------------------------------    -------------------

                         (clock sys_clk_pin rise edge)
                                                      0.000     0.000 r  
    W5                                                0.000     0.000 r  clk (IN)
                         net (fo=0)                   0.000     0.000    clk
    W5                   IBUF (Prop_ibuf_I_O)         1.388     1.388 r  clk_IBUF_inst/O
                         net (fo=1, routed)           1.862     3.250    clk_IBUF
    BUFGCTRL_X0Y0        BUFG (Prop_bufg_I_O)         0.091     3.341 r  clk_IBUF_BUFG_inst/O
                         net (fo=2748, routed)        1.425     4.766    u_chord_detector/clk_IBUF_BUFG
    SLICE_X54Y75         FDRE                                         r  u_chord_detector/valid_mem_reg[8]/C

Slack:                    inf
  Source:                 btnC
                            (input port)
  Destination:            u_chord_detector/score_mem_reg[4][22]/R
                            (rising edge-triggered cell FDRE clocked by sys_clk_pin  {rise@0.000ns fall@5.000ns period=10.000ns})
  Path Group:             (none)
  Path Type:              Setup (Max at Slow Process Corner)
  Data Path Delay:        12.265ns  (logic 1.441ns (11.751%)  route 10.824ns (88.249%))
  Logic Levels:           1  (IBUF=1)
  Clock Path Skew:        4.769ns (DCD - SCD + CPR)
    Destination Clock Delay (DCD):    4.769ns
    Source Clock Delay      (SCD):    0.000ns
    Clock Pessimism Removal (CPR):    0.000ns
  Clock Uncertainty:      0.025ns  ((TSJ^2 + TIJ^2)^1/2 + DJ) / 2 + PE
    Total System Jitter     (TSJ):    0.050ns
    Total Input Jitter      (TIJ):    0.000ns
    Discrete Jitter          (DJ):    0.000ns
    Phase Error              (PE):    0.000ns

    Location             Delay type                Incr(ns)  Path(ns)    Netlist Resource(s)
  -------------------------------------------------------------------    -------------------
    U18                                               0.000     0.000 r  btnC (IN)
                         net (fo=0)                   0.000     0.000    btnC
    U18                  IBUF (Prop_ibuf_I_O)         1.441     1.441 r  btnC_IBUF_inst/O
                         net (fo=1227, routed)       10.824    12.265    u_chord_detector/btnC_IBUF
    SLICE_X56Y76         FDRE                                         r  u_chord_detector/score_mem_reg[4][22]/R
  -------------------------------------------------------------------    -------------------

                         (clock sys_clk_pin rise edge)
                                                      0.000     0.000 r  
    W5                                                0.000     0.000 r  clk (IN)
                         net (fo=0)                   0.000     0.000    clk
    W5                   IBUF (Prop_ibuf_I_O)         1.388     1.388 r  clk_IBUF_inst/O
                         net (fo=1, routed)           1.862     3.250    clk_IBUF
    BUFGCTRL_X0Y0        BUFG (Prop_bufg_I_O)         0.091     3.341 r  clk_IBUF_BUFG_inst/O
                         net (fo=2748, routed)        1.428     4.769    u_chord_detector/clk_IBUF_BUFG
    SLICE_X56Y76         FDRE                                         r  u_chord_detector/score_mem_reg[4][22]/C

Slack:                    inf
  Source:                 btnC
                            (input port)
  Destination:            u_chord_detector/score_mem_reg[7][22]/R
                            (rising edge-triggered cell FDRE clocked by sys_clk_pin  {rise@0.000ns fall@5.000ns period=10.000ns})
  Path Group:             (none)
  Path Type:              Setup (Max at Slow Process Corner)
  Data Path Delay:        12.265ns  (logic 1.441ns (11.751%)  route 10.824ns (88.249%))
  Logic Levels:           1  (IBUF=1)
  Clock Path Skew:        4.769ns (DCD - SCD + CPR)
    Destination Clock Delay (DCD):    4.769ns
    Source Clock Delay      (SCD):    0.000ns
    Clock Pessimism Removal (CPR):    0.000ns
  Clock Uncertainty:      0.025ns  ((TSJ^2 + TIJ^2)^1/2 + DJ) / 2 + PE
    Total System Jitter     (TSJ):    0.050ns
    Total Input Jitter      (TIJ):    0.000ns
    Discrete Jitter          (DJ):    0.000ns
    Phase Error              (PE):    0.000ns

    Location             Delay type                Incr(ns)  Path(ns)    Netlist Resource(s)
  -------------------------------------------------------------------    -------------------
    U18                                               0.000     0.000 r  btnC (IN)
                         net (fo=0)                   0.000     0.000    btnC
    U18                  IBUF (Prop_ibuf_I_O)         1.441     1.441 r  btnC_IBUF_inst/O
                         net (fo=1227, routed)       10.824    12.265    u_chord_detector/btnC_IBUF
    SLICE_X57Y76         FDRE                                         r  u_chord_detector/score_mem_reg[7][22]/R
  -------------------------------------------------------------------    -------------------

                         (clock sys_clk_pin rise edge)
                                                      0.000     0.000 r  
    W5                                                0.000     0.000 r  clk (IN)
                         net (fo=0)                   0.000     0.000    clk
    W5                   IBUF (Prop_ibuf_I_O)         1.388     1.388 r  clk_IBUF_inst/O
                         net (fo=1, routed)           1.862     3.250    clk_IBUF
    BUFGCTRL_X0Y0        BUFG (Prop_bufg_I_O)         0.091     3.341 r  clk_IBUF_BUFG_inst/O
                         net (fo=2748, routed)        1.428     4.769    u_chord_detector/clk_IBUF_BUFG
    SLICE_X57Y76         FDRE                                         r  u_chord_detector/score_mem_reg[7][22]/C

Slack:                    inf
  Source:                 btnC
                            (input port)
  Destination:            u_chord_detector/score_mem_reg[11][15]/R
                            (rising edge-triggered cell FDRE clocked by sys_clk_pin  {rise@0.000ns fall@5.000ns period=10.000ns})
  Path Group:             (none)
  Path Type:              Setup (Max at Slow Process Corner)
  Data Path Delay:        12.224ns  (logic 1.441ns (11.790%)  route 10.783ns (88.210%))
  Logic Levels:           1  (IBUF=1)
  Clock Path Skew:        4.834ns (DCD - SCD + CPR)
    Destination Clock Delay (DCD):    4.834ns
    Source Clock Delay      (SCD):    0.000ns
    Clock Pessimism Removal (CPR):    0.000ns
  Clock Uncertainty:      0.025ns  ((TSJ^2 + TIJ^2)^1/2 + DJ) / 2 + PE
    Total System Jitter     (TSJ):    0.050ns
    Total Input Jitter      (TIJ):    0.000ns
    Discrete Jitter          (DJ):    0.000ns
    Phase Error              (PE):    0.000ns

    Location             Delay type                Incr(ns)  Path(ns)    Netlist Resource(s)
  -------------------------------------------------------------------    -------------------
    U18                                               0.000     0.000 r  btnC (IN)
                         net (fo=0)                   0.000     0.000    btnC
    U18                  IBUF (Prop_ibuf_I_O)         1.441     1.441 r  btnC_IBUF_inst/O
                         net (fo=1227, routed)       10.783    12.224    u_chord_detector/btnC_IBUF
    SLICE_X60Y73         FDRE                                         r  u_chord_detector/score_mem_reg[11][15]/R
  -------------------------------------------------------------------    -------------------

                         (clock sys_clk_pin rise edge)
                                                      0.000     0.000 r  
    W5                                                0.000     0.000 r  clk (IN)
                         net (fo=0)                   0.000     0.000    clk
    W5                   IBUF (Prop_ibuf_I_O)         1.388     1.388 r  clk_IBUF_inst/O
                         net (fo=1, routed)           1.862     3.250    clk_IBUF
    BUFGCTRL_X0Y0        BUFG (Prop_bufg_I_O)         0.091     3.341 r  clk_IBUF_BUFG_inst/O
                         net (fo=2748, routed)        1.493     4.834    u_chord_detector/clk_IBUF_BUFG
    SLICE_X60Y73         FDRE                                         r  u_chord_detector/score_mem_reg[11][15]/C

Slack:                    inf
  Source:                 btnC
                            (input port)
  Destination:            u_chord_detector/score_mem_reg[11][18]/R
                            (rising edge-triggered cell FDRE clocked by sys_clk_pin  {rise@0.000ns fall@5.000ns period=10.000ns})
  Path Group:             (none)
  Path Type:              Setup (Max at Slow Process Corner)
  Data Path Delay:        12.224ns  (logic 1.441ns (11.790%)  route 10.783ns (88.210%))
  Logic Levels:           1  (IBUF=1)
  Clock Path Skew:        4.834ns (DCD - SCD + CPR)
    Destination Clock Delay (DCD):    4.834ns
    Source Clock Delay      (SCD):    0.000ns
    Clock Pessimism Removal (CPR):    0.000ns
  Clock Uncertainty:      0.025ns  ((TSJ^2 + TIJ^2)^1/2 + DJ) / 2 + PE
    Total System Jitter     (TSJ):    0.050ns
    Total Input Jitter      (TIJ):    0.000ns
    Discrete Jitter          (DJ):    0.000ns
    Phase Error              (PE):    0.000ns

    Location             Delay type                Incr(ns)  Path(ns)    Netlist Resource(s)
  -------------------------------------------------------------------    -------------------
    U18                                               0.000     0.000 r  btnC (IN)
                         net (fo=0)                   0.000     0.000    btnC
    U18                  IBUF (Prop_ibuf_I_O)         1.441     1.441 r  btnC_IBUF_inst/O
                         net (fo=1227, routed)       10.783    12.224    u_chord_detector/btnC_IBUF
    SLICE_X60Y73         FDRE                                         r  u_chord_detector/score_mem_reg[11][18]/R
  -------------------------------------------------------------------    -------------------

                         (clock sys_clk_pin rise edge)
                                                      0.000     0.000 r  
    W5                                                0.000     0.000 r  clk (IN)
                         net (fo=0)                   0.000     0.000    clk
    W5                   IBUF (Prop_ibuf_I_O)         1.388     1.388 r  clk_IBUF_inst/O
                         net (fo=1, routed)           1.862     3.250    clk_IBUF
    BUFGCTRL_X0Y0        BUFG (Prop_bufg_I_O)         0.091     3.341 r  clk_IBUF_BUFG_inst/O
                         net (fo=2748, routed)        1.493     4.834    u_chord_detector/clk_IBUF_BUFG
    SLICE_X60Y73         FDRE                                         r  u_chord_detector/score_mem_reg[11][18]/C

Slack:                    inf
  Source:                 btnC
                            (input port)
  Destination:            u_chord_detector/score_mem_reg[11][21]/R
                            (rising edge-triggered cell FDRE clocked by sys_clk_pin  {rise@0.000ns fall@5.000ns period=10.000ns})
  Path Group:             (none)
  Path Type:              Setup (Max at Slow Process Corner)
  Data Path Delay:        12.224ns  (logic 1.441ns (11.790%)  route 10.783ns (88.210%))
  Logic Levels:           1  (IBUF=1)
  Clock Path Skew:        4.834ns (DCD - SCD + CPR)
    Destination Clock Delay (DCD):    4.834ns
    Source Clock Delay      (SCD):    0.000ns
    Clock Pessimism Removal (CPR):    0.000ns
  Clock Uncertainty:      0.025ns  ((TSJ^2 + TIJ^2)^1/2 + DJ) / 2 + PE
    Total System Jitter     (TSJ):    0.050ns
    Total Input Jitter      (TIJ):    0.000ns
    Discrete Jitter          (DJ):    0.000ns
    Phase Error              (PE):    0.000ns

    Location             Delay type                Incr(ns)  Path(ns)    Netlist Resource(s)
  -------------------------------------------------------------------    -------------------
    U18                                               0.000     0.000 r  btnC (IN)
                         net (fo=0)                   0.000     0.000    btnC
    U18                  IBUF (Prop_ibuf_I_O)         1.441     1.441 r  btnC_IBUF_inst/O
                         net (fo=1227, routed)       10.783    12.224    u_chord_detector/btnC_IBUF
    SLICE_X60Y73         FDRE                                         r  u_chord_detector/score_mem_reg[11][21]/R
  -------------------------------------------------------------------    -------------------

                         (clock sys_clk_pin rise edge)
                                                      0.000     0.000 r  
    W5                                                0.000     0.000 r  clk (IN)
                         net (fo=0)                   0.000     0.000    clk
    W5                   IBUF (Prop_ibuf_I_O)         1.388     1.388 r  clk_IBUF_inst/O
                         net (fo=1, routed)           1.862     3.250    clk_IBUF
    BUFGCTRL_X0Y0        BUFG (Prop_bufg_I_O)         0.091     3.341 r  clk_IBUF_BUFG_inst/O
                         net (fo=2748, routed)        1.493     4.834    u_chord_detector/clk_IBUF_BUFG
    SLICE_X60Y73         FDRE                                         r  u_chord_detector/score_mem_reg[11][21]/C

Slack:                    inf
  Source:                 btnC
                            (input port)
  Destination:            u_chord_detector/score_mem_reg[7][14]/R
                            (rising edge-triggered cell FDRE clocked by sys_clk_pin  {rise@0.000ns fall@5.000ns period=10.000ns})
  Path Group:             (none)
  Path Type:              Setup (Max at Slow Process Corner)
  Data Path Delay:        12.224ns  (logic 1.441ns (11.790%)  route 10.783ns (88.210%))
  Logic Levels:           1  (IBUF=1)
  Clock Path Skew:        4.834ns (DCD - SCD + CPR)
    Destination Clock Delay (DCD):    4.834ns
    Source Clock Delay      (SCD):    0.000ns
    Clock Pessimism Removal (CPR):    0.000ns
  Clock Uncertainty:      0.025ns  ((TSJ^2 + TIJ^2)^1/2 + DJ) / 2 + PE
    Total System Jitter     (TSJ):    0.050ns
    Total Input Jitter      (TIJ):    0.000ns
    Discrete Jitter          (DJ):    0.000ns
    Phase Error              (PE):    0.000ns

    Location             Delay type                Incr(ns)  Path(ns)    Netlist Resource(s)
  -------------------------------------------------------------------    -------------------
    U18                                               0.000     0.000 r  btnC (IN)
                         net (fo=0)                   0.000     0.000    btnC
    U18                  IBUF (Prop_ibuf_I_O)         1.441     1.441 r  btnC_IBUF_inst/O
                         net (fo=1227, routed)       10.783    12.224    u_chord_detector/btnC_IBUF
    SLICE_X61Y73         FDRE                                         r  u_chord_detector/score_mem_reg[7][14]/R
  -------------------------------------------------------------------    -------------------

                         (clock sys_clk_pin rise edge)
                                                      0.000     0.000 r  
    W5                                                0.000     0.000 r  clk (IN)
                         net (fo=0)                   0.000     0.000    clk
    W5                   IBUF (Prop_ibuf_I_O)         1.388     1.388 r  clk_IBUF_inst/O
                         net (fo=1, routed)           1.862     3.250    clk_IBUF
    BUFGCTRL_X0Y0        BUFG (Prop_bufg_I_O)         0.091     3.341 r  clk_IBUF_BUFG_inst/O
                         net (fo=2748, routed)        1.493     4.834    u_chord_detector/clk_IBUF_BUFG
    SLICE_X61Y73         FDRE                                         r  u_chord_detector/score_mem_reg[7][14]/C

Slack:                    inf
  Source:                 btnC
                            (input port)
  Destination:            u_chord_detector/score_mem_reg[7][18]/R
                            (rising edge-triggered cell FDRE clocked by sys_clk_pin  {rise@0.000ns fall@5.000ns period=10.000ns})
  Path Group:             (none)
  Path Type:              Setup (Max at Slow Process Corner)
  Data Path Delay:        12.224ns  (logic 1.441ns (11.790%)  route 10.783ns (88.210%))
  Logic Levels:           1  (IBUF=1)
  Clock Path Skew:        4.834ns (DCD - SCD + CPR)
    Destination Clock Delay (DCD):    4.834ns
    Source Clock Delay      (SCD):    0.000ns
    Clock Pessimism Removal (CPR):    0.000ns
  Clock Uncertainty:      0.025ns  ((TSJ^2 + TIJ^2)^1/2 + DJ) / 2 + PE
    Total System Jitter     (TSJ):    0.050ns
    Total Input Jitter      (TIJ):    0.000ns
    Discrete Jitter          (DJ):    0.000ns
    Phase Error              (PE):    0.000ns

    Location             Delay type                Incr(ns)  Path(ns)    Netlist Resource(s)
  -------------------------------------------------------------------    -------------------
    U18                                               0.000     0.000 r  btnC (IN)
                         net (fo=0)                   0.000     0.000    btnC
    U18                  IBUF (Prop_ibuf_I_O)         1.441     1.441 r  btnC_IBUF_inst/O
                         net (fo=1227, routed)       10.783    12.224    u_chord_detector/btnC_IBUF
    SLICE_X61Y73         FDRE                                         r  u_chord_detector/score_mem_reg[7][18]/R
  -------------------------------------------------------------------    -------------------

                         (clock sys_clk_pin rise edge)
                                                      0.000     0.000 r  
    W5                                                0.000     0.000 r  clk (IN)
                         net (fo=0)                   0.000     0.000    clk
    W5                   IBUF (Prop_ibuf_I_O)         1.388     1.388 r  clk_IBUF_inst/O
                         net (fo=1, routed)           1.862     3.250    clk_IBUF
    BUFGCTRL_X0Y0        BUFG (Prop_bufg_I_O)         0.091     3.341 r  clk_IBUF_BUFG_inst/O
                         net (fo=2748, routed)        1.493     4.834    u_chord_detector/clk_IBUF_BUFG
    SLICE_X61Y73         FDRE                                         r  u_chord_detector/score_mem_reg[7][18]/C

Slack:                    inf
  Source:                 btnC
                            (input port)
  Destination:            u_chord_detector/score_mem_reg[9][20]/R
                            (rising edge-triggered cell FDRE clocked by sys_clk_pin  {rise@0.000ns fall@5.000ns period=10.000ns})
  Path Group:             (none)
  Path Type:              Setup (Max at Slow Process Corner)
  Data Path Delay:        12.214ns  (logic 1.441ns (11.800%)  route 10.773ns (88.200%))
  Logic Levels:           1  (IBUF=1)
  Clock Path Skew:        4.770ns (DCD - SCD + CPR)
    Destination Clock Delay (DCD):    4.770ns
    Source Clock Delay      (SCD):    0.000ns
    Clock Pessimism Removal (CPR):    0.000ns
  Clock Uncertainty:      0.025ns  ((TSJ^2 + TIJ^2)^1/2 + DJ) / 2 + PE
    Total System Jitter     (TSJ):    0.050ns
    Total Input Jitter      (TIJ):    0.000ns
    Discrete Jitter          (DJ):    0.000ns
    Phase Error              (PE):    0.000ns

    Location             Delay type                Incr(ns)  Path(ns)    Netlist Resource(s)
  -------------------------------------------------------------------    -------------------
    U18                                               0.000     0.000 r  btnC (IN)
                         net (fo=0)                   0.000     0.000    btnC
    U18                  IBUF (Prop_ibuf_I_O)         1.441     1.441 r  btnC_IBUF_inst/O
                         net (fo=1227, routed)       10.773    12.214    u_chord_detector/btnC_IBUF
    SLICE_X57Y77         FDRE                                         r  u_chord_detector/score_mem_reg[9][20]/R
  -------------------------------------------------------------------    -------------------

                         (clock sys_clk_pin rise edge)
                                                      0.000     0.000 r  
    W5                                                0.000     0.000 r  clk (IN)
                         net (fo=0)                   0.000     0.000    clk
    W5                   IBUF (Prop_ibuf_I_O)         1.388     1.388 r  clk_IBUF_inst/O
                         net (fo=1, routed)           1.862     3.250    clk_IBUF
    BUFGCTRL_X0Y0        BUFG (Prop_bufg_I_O)         0.091     3.341 r  clk_IBUF_BUFG_inst/O
                         net (fo=2748, routed)        1.429     4.770    u_chord_detector/clk_IBUF_BUFG
    SLICE_X57Y77         FDRE                                         r  u_chord_detector/score_mem_reg[9][20]/C





Min Delay Paths
--------------------------------------------------------------------------------------
Slack:                    inf
  Source:                 <hidden>
                            (internal pin)
  Destination:            <hidden>
                            (rising edge-triggered cell DSP48E1 clocked by sys_clk_pin  {rise@0.000ns fall@5.000ns period=10.000ns})
  Path Group:             (none)
  Path Type:              Hold (Min at Slow Process Corner)
  Data Path Delay:        0.002ns  (logic 0.000ns (0.000%)  route 0.002ns (100.000%))
  Logic Levels:           0  
  Clock Uncertainty:      0.025ns  ((TSJ^2 + TIJ^2)^1/2 + DJ) / 2 + PE
    Total System Jitter     (TSJ):    0.050ns
    Total Input Jitter      (TIJ):    0.000ns
    Discrete Jitter          (DJ):    0.000ns
    Phase Error              (PE):    0.000ns

    Location             Delay type                Incr(ns)  Path(ns)    Netlist Resource(s)
  -------------------------------------------------------------------    -------------------
    DSP48_X1Y17          DSP48E1                      0.000     0.000 r  <hidden>
                         net (fo=1, routed)           0.002     0.002    <hidden>
    DSP48_X1Y18          DSP48E1                                      r  <hidden>
  -------------------------------------------------------------------    -------------------

                         (clock sys_clk_pin rise edge)
                                                      0.000     0.000 r  
    W5                                                0.000     0.000 r  clk (IN)
                         net (fo=0)                   0.000     0.000    clk
    W5                   IBUF (Prop_ibuf_I_O)         1.458     1.458 r  clk_IBUF_inst/O
                         net (fo=1, routed)           1.967     3.425    clk_IBUF
    BUFGCTRL_X0Y0        BUFG (Prop_bufg_I_O)         0.096     3.521 r  clk_IBUF_BUFG_inst/O
                         net (fo=2748, routed)        1.661     5.182    <hidden>
    DSP48_X1Y18          DSP48E1                                      r  <hidden>

Slack:                    inf
  Source:                 <hidden>
                            (internal pin)
  Destination:            <hidden>
                            (rising edge-triggered cell DSP48E1 clocked by sys_clk_pin  {rise@0.000ns fall@5.000ns period=10.000ns})
  Path Group:             (none)
  Path Type:              Hold (Min at Slow Process Corner)
  Data Path Delay:        0.002ns  (logic 0.000ns (0.000%)  route 0.002ns (100.000%))
  Logic Levels:           0  
  Clock Uncertainty:      0.025ns  ((TSJ^2 + TIJ^2)^1/2 + DJ) / 2 + PE
    Total System Jitter     (TSJ):    0.050ns
    Total Input Jitter      (TIJ):    0.000ns
    Discrete Jitter          (DJ):    0.000ns
    Phase Error              (PE):    0.000ns

    Location             Delay type                Incr(ns)  Path(ns)    Netlist Resource(s)
  -------------------------------------------------------------------    -------------------
    DSP48_X1Y17          DSP48E1                      0.000     0.000 r  <hidden>
                         net (fo=1, routed)           0.002     0.002    <hidden>
    DSP48_X1Y18          DSP48E1                                      r  <hidden>
  -------------------------------------------------------------------    -------------------

                         (clock sys_clk_pin rise edge)
                                                      0.000     0.000 r  
    W5                                                0.000     0.000 r  clk (IN)
                         net (fo=0)                   0.000     0.000    clk
    W5                   IBUF (Prop_ibuf_I_O)         1.458     1.458 r  clk_IBUF_inst/O
                         net (fo=1, routed)           1.967     3.425    clk_IBUF
    BUFGCTRL_X0Y0        BUFG (Prop_bufg_I_O)         0.096     3.521 r  clk_IBUF_BUFG_inst/O
                         net (fo=2748, routed)        1.661     5.182    <hidden>
    DSP48_X1Y18          DSP48E1                                      r  <hidden>

Slack:                    inf
  Source:                 <hidden>
                            (internal pin)
  Destination:            <hidden>
                            (rising edge-triggered cell DSP48E1 clocked by sys_clk_pin  {rise@0.000ns fall@5.000ns period=10.000ns})
  Path Group:             (none)
  Path Type:              Hold (Min at Slow Process Corner)
  Data Path Delay:        0.002ns  (logic 0.000ns (0.000%)  route 0.002ns (100.000%))
  Logic Levels:           0  
  Clock Uncertainty:      0.025ns  ((TSJ^2 + TIJ^2)^1/2 + DJ) / 2 + PE
    Total System Jitter     (TSJ):    0.050ns
    Total Input Jitter      (TIJ):    0.000ns
    Discrete Jitter          (DJ):    0.000ns
    Phase Error              (PE):    0.000ns

    Location             Delay type                Incr(ns)  Path(ns)    Netlist Resource(s)
  -------------------------------------------------------------------    -------------------
    DSP48_X1Y17          DSP48E1                      0.000     0.000 r  <hidden>
                         net (fo=1, routed)           0.002     0.002    <hidden>
    DSP48_X1Y18          DSP48E1                                      r  <hidden>
  -------------------------------------------------------------------    -------------------

                         (clock sys_clk_pin rise edge)
                                                      0.000     0.000 r  
    W5                                                0.000     0.000 r  clk (IN)
                         net (fo=0)                   0.000     0.000    clk
    W5                   IBUF (Prop_ibuf_I_O)         1.458     1.458 r  clk_IBUF_inst/O
                         net (fo=1, routed)           1.967     3.425    clk_IBUF
    BUFGCTRL_X0Y0        BUFG (Prop_bufg_I_O)         0.096     3.521 r  clk_IBUF_BUFG_inst/O
                         net (fo=2748, routed)        1.661     5.182    <hidden>
    DSP48_X1Y18          DSP48E1                                      r  <hidden>

Slack:                    inf
  Source:                 <hidden>
                            (internal pin)
  Destination:            <hidden>
                            (rising edge-triggered cell DSP48E1 clocked by sys_clk_pin  {rise@0.000ns fall@5.000ns period=10.000ns})
  Path Group:             (none)
  Path Type:              Hold (Min at Slow Process Corner)
  Data Path Delay:        0.002ns  (logic 0.000ns (0.000%)  route 0.002ns (100.000%))
  Logic Levels:           0  
  Clock Uncertainty:      0.025ns  ((TSJ^2 + TIJ^2)^1/2 + DJ) / 2 + PE
    Total System Jitter     (TSJ):    0.050ns
    Total Input Jitter      (TIJ):    0.000ns
    Discrete Jitter          (DJ):    0.000ns
    Phase Error              (PE):    0.000ns

    Location             Delay type                Incr(ns)  Path(ns)    Netlist Resource(s)
  -------------------------------------------------------------------    -------------------
    DSP48_X1Y17          DSP48E1                      0.000     0.000 r  <hidden>
                         net (fo=1, routed)           0.002     0.002    <hidden>
    DSP48_X1Y18          DSP48E1                                      r  <hidden>
  -------------------------------------------------------------------    -------------------

                         (clock sys_clk_pin rise edge)
                                                      0.000     0.000 r  
    W5                                                0.000     0.000 r  clk (IN)
                         net (fo=0)                   0.000     0.000    clk
    W5                   IBUF (Prop_ibuf_I_O)         1.458     1.458 r  clk_IBUF_inst/O
                         net (fo=1, routed)           1.967     3.425    clk_IBUF
    BUFGCTRL_X0Y0        BUFG (Prop_bufg_I_O)         0.096     3.521 r  clk_IBUF_BUFG_inst/O
                         net (fo=2748, routed)        1.661     5.182    <hidden>
    DSP48_X1Y18          DSP48E1                                      r  <hidden>

Slack:                    inf
  Source:                 <hidden>
                            (internal pin)
  Destination:            <hidden>
                            (rising edge-triggered cell DSP48E1 clocked by sys_clk_pin  {rise@0.000ns fall@5.000ns period=10.000ns})
  Path Group:             (none)
  Path Type:              Hold (Min at Slow Process Corner)
  Data Path Delay:        0.002ns  (logic 0.000ns (0.000%)  route 0.002ns (100.000%))
  Logic Levels:           0  
  Clock Uncertainty:      0.025ns  ((TSJ^2 + TIJ^2)^1/2 + DJ) / 2 + PE
    Total System Jitter     (TSJ):    0.050ns
    Total Input Jitter      (TIJ):    0.000ns
    Discrete Jitter          (DJ):    0.000ns
    Phase Error              (PE):    0.000ns

    Location             Delay type                Incr(ns)  Path(ns)    Netlist Resource(s)
  -------------------------------------------------------------------    -------------------
    DSP48_X1Y17          DSP48E1                      0.000     0.000 r  <hidden>
                         net (fo=1, routed)           0.002     0.002    <hidden>
    DSP48_X1Y18          DSP48E1                                      r  <hidden>
  -------------------------------------------------------------------    -------------------

                         (clock sys_clk_pin rise edge)
                                                      0.000     0.000 r  
    W5                                                0.000     0.000 r  clk (IN)
                         net (fo=0)                   0.000     0.000    clk
    W5                   IBUF (Prop_ibuf_I_O)         1.458     1.458 r  clk_IBUF_inst/O
                         net (fo=1, routed)           1.967     3.425    clk_IBUF
    BUFGCTRL_X0Y0        BUFG (Prop_bufg_I_O)         0.096     3.521 r  clk_IBUF_BUFG_inst/O
                         net (fo=2748, routed)        1.661     5.182    <hidden>
    DSP48_X1Y18          DSP48E1                                      r  <hidden>

Slack:                    inf
  Source:                 <hidden>
                            (internal pin)
  Destination:            <hidden>
                            (rising edge-triggered cell DSP48E1 clocked by sys_clk_pin  {rise@0.000ns fall@5.000ns period=10.000ns})
  Path Group:             (none)
  Path Type:              Hold (Min at Slow Process Corner)
  Data Path Delay:        0.002ns  (logic 0.000ns (0.000%)  route 0.002ns (100.000%))
  Logic Levels:           0  
  Clock Uncertainty:      0.025ns  ((TSJ^2 + TIJ^2)^1/2 + DJ) / 2 + PE
    Total System Jitter     (TSJ):    0.050ns
    Total Input Jitter      (TIJ):    0.000ns
    Discrete Jitter          (DJ):    0.000ns
    Phase Error              (PE):    0.000ns

    Location             Delay type                Incr(ns)  Path(ns)    Netlist Resource(s)
  -------------------------------------------------------------------    -------------------
    DSP48_X1Y17          DSP48E1                      0.000     0.000 r  <hidden>
                         net (fo=1, routed)           0.002     0.002    <hidden>
    DSP48_X1Y18          DSP48E1                                      r  <hidden>
  -------------------------------------------------------------------    -------------------

                         (clock sys_clk_pin rise edge)
                                                      0.000     0.000 r  
    W5                                                0.000     0.000 r  clk (IN)
                         net (fo=0)                   0.000     0.000    clk
    W5                   IBUF (Prop_ibuf_I_O)         1.458     1.458 r  clk_IBUF_inst/O
                         net (fo=1, routed)           1.967     3.425    clk_IBUF
    BUFGCTRL_X0Y0        BUFG (Prop_bufg_I_O)         0.096     3.521 r  clk_IBUF_BUFG_inst/O
                         net (fo=2748, routed)        1.661     5.182    <hidden>
    DSP48_X1Y18          DSP48E1                                      r  <hidden>

Slack:                    inf
  Source:                 <hidden>
                            (internal pin)
  Destination:            <hidden>
                            (rising edge-triggered cell DSP48E1 clocked by sys_clk_pin  {rise@0.000ns fall@5.000ns period=10.000ns})
  Path Group:             (none)
  Path Type:              Hold (Min at Slow Process Corner)
  Data Path Delay:        0.002ns  (logic 0.000ns (0.000%)  route 0.002ns (100.000%))
  Logic Levels:           0  
  Clock Uncertainty:      0.025ns  ((TSJ^2 + TIJ^2)^1/2 + DJ) / 2 + PE
    Total System Jitter     (TSJ):    0.050ns
    Total Input Jitter      (TIJ):    0.000ns
    Discrete Jitter          (DJ):    0.000ns
    Phase Error              (PE):    0.000ns

    Location             Delay type                Incr(ns)  Path(ns)    Netlist Resource(s)
  -------------------------------------------------------------------    -------------------
    DSP48_X1Y17          DSP48E1                      0.000     0.000 r  <hidden>
                         net (fo=1, routed)           0.002     0.002    <hidden>
    DSP48_X1Y18          DSP48E1                                      r  <hidden>
  -------------------------------------------------------------------    -------------------

                         (clock sys_clk_pin rise edge)
                                                      0.000     0.000 r  
    W5                                                0.000     0.000 r  clk (IN)
                         net (fo=0)                   0.000     0.000    clk
    W5                   IBUF (Prop_ibuf_I_O)         1.458     1.458 r  clk_IBUF_inst/O
                         net (fo=1, routed)           1.967     3.425    clk_IBUF
    BUFGCTRL_X0Y0        BUFG (Prop_bufg_I_O)         0.096     3.521 r  clk_IBUF_BUFG_inst/O
                         net (fo=2748, routed)        1.661     5.182    <hidden>
    DSP48_X1Y18          DSP48E1                                      r  <hidden>

Slack:                    inf
  Source:                 <hidden>
                            (internal pin)
  Destination:            <hidden>
                            (rising edge-triggered cell DSP48E1 clocked by sys_clk_pin  {rise@0.000ns fall@5.000ns period=10.000ns})
  Path Group:             (none)
  Path Type:              Hold (Min at Slow Process Corner)
  Data Path Delay:        0.002ns  (logic 0.000ns (0.000%)  route 0.002ns (100.000%))
  Logic Levels:           0  
  Clock Uncertainty:      0.025ns  ((TSJ^2 + TIJ^2)^1/2 + DJ) / 2 + PE
    Total System Jitter     (TSJ):    0.050ns
    Total Input Jitter      (TIJ):    0.000ns
    Discrete Jitter          (DJ):    0.000ns
    Phase Error              (PE):    0.000ns

    Location             Delay type                Incr(ns)  Path(ns)    Netlist Resource(s)
  -------------------------------------------------------------------    -------------------
    DSP48_X1Y17          DSP48E1                      0.000     0.000 r  <hidden>
                         net (fo=1, routed)           0.002     0.002    <hidden>
    DSP48_X1Y18          DSP48E1                                      r  <hidden>
  -------------------------------------------------------------------    -------------------

                         (clock sys_clk_pin rise edge)
                                                      0.000     0.000 r  
    W5                                                0.000     0.000 r  clk (IN)
                         net (fo=0)                   0.000     0.000    clk
    W5                   IBUF (Prop_ibuf_I_O)         1.458     1.458 r  clk_IBUF_inst/O
                         net (fo=1, routed)           1.967     3.425    clk_IBUF
    BUFGCTRL_X0Y0        BUFG (Prop_bufg_I_O)         0.096     3.521 r  clk_IBUF_BUFG_inst/O
                         net (fo=2748, routed)        1.661     5.182    <hidden>
    DSP48_X1Y18          DSP48E1                                      r  <hidden>

Slack:                    inf
  Source:                 <hidden>
                            (internal pin)
  Destination:            <hidden>
                            (rising edge-triggered cell DSP48E1 clocked by sys_clk_pin  {rise@0.000ns fall@5.000ns period=10.000ns})
  Path Group:             (none)
  Path Type:              Hold (Min at Slow Process Corner)
  Data Path Delay:        0.002ns  (logic 0.000ns (0.000%)  route 0.002ns (100.000%))
  Logic Levels:           0  
  Clock Uncertainty:      0.025ns  ((TSJ^2 + TIJ^2)^1/2 + DJ) / 2 + PE
    Total System Jitter     (TSJ):    0.050ns
    Total Input Jitter      (TIJ):    0.000ns
    Discrete Jitter          (DJ):    0.000ns
    Phase Error              (PE):    0.000ns

    Location             Delay type                Incr(ns)  Path(ns)    Netlist Resource(s)
  -------------------------------------------------------------------    -------------------
    DSP48_X1Y17          DSP48E1                      0.000     0.000 r  <hidden>
                         net (fo=1, routed)           0.002     0.002    <hidden>
    DSP48_X1Y18          DSP48E1                                      r  <hidden>
  -------------------------------------------------------------------    -------------------

                         (clock sys_clk_pin rise edge)
                                                      0.000     0.000 r  
    W5                                                0.000     0.000 r  clk (IN)
                         net (fo=0)                   0.000     0.000    clk
    W5                   IBUF (Prop_ibuf_I_O)         1.458     1.458 r  clk_IBUF_inst/O
                         net (fo=1, routed)           1.967     3.425    clk_IBUF
    BUFGCTRL_X0Y0        BUFG (Prop_bufg_I_O)         0.096     3.521 r  clk_IBUF_BUFG_inst/O
                         net (fo=2748, routed)        1.661     5.182    <hidden>
    DSP48_X1Y18          DSP48E1                                      r  <hidden>

Slack:                    inf
  Source:                 <hidden>
                            (internal pin)
  Destination:            <hidden>
                            (rising edge-triggered cell DSP48E1 clocked by sys_clk_pin  {rise@0.000ns fall@5.000ns period=10.000ns})
  Path Group:             (none)
  Path Type:              Hold (Min at Slow Process Corner)
  Data Path Delay:        0.002ns  (logic 0.000ns (0.000%)  route 0.002ns (100.000%))
  Logic Levels:           0  
  Clock Uncertainty:      0.025ns  ((TSJ^2 + TIJ^2)^1/2 + DJ) / 2 + PE
    Total System Jitter     (TSJ):    0.050ns
    Total Input Jitter      (TIJ):    0.000ns
    Discrete Jitter          (DJ):    0.000ns
    Phase Error              (PE):    0.000ns

    Location             Delay type                Incr(ns)  Path(ns)    Netlist Resource(s)
  -------------------------------------------------------------------    -------------------
    DSP48_X1Y17          DSP48E1                      0.000     0.000 r  <hidden>
                         net (fo=1, routed)           0.002     0.002    <hidden>
    DSP48_X1Y18          DSP48E1                                      r  <hidden>
  -------------------------------------------------------------------    -------------------

                         (clock sys_clk_pin rise edge)
                                                      0.000     0.000 r  
    W5                                                0.000     0.000 r  clk (IN)
                         net (fo=0)                   0.000     0.000    clk
    W5                   IBUF (Prop_ibuf_I_O)         1.458     1.458 r  clk_IBUF_inst/O
                         net (fo=1, routed)           1.967     3.425    clk_IBUF
    BUFGCTRL_X0Y0        BUFG (Prop_bufg_I_O)         0.096     3.521 r  clk_IBUF_BUFG_inst/O
                         net (fo=2748, routed)        1.661     5.182    <hidden>
    DSP48_X1Y18          DSP48E1                                      r  <hidden>





