Copyright 1986-2022 Xilinx, Inc. All Rights Reserved. Copyright 2022-2024 Advanced Micro Devices, Inc. All Rights Reserved.
-----------------------------------------------------------------------------------------------------------------------------------------------------------------------------------------------
| Tool Version : Vivado v.2024.2 (lin64) Build 5239630 Fri Nov 08 22:34:34 MST 2024
| Date         : Wed Sep 30 11:35:36 2026
| Host         : user13-H410M-HD3P running 64-bit Ubuntu 24.04.4 LTS
| Command      : report_methodology -file pitch_fft_voice_top_methodology_drc_routed.rpt -pb pitch_fft_voice_top_methodology_drc_routed.pb -rpx pitch_fft_voice_top_methodology_drc_routed.rpx
| Design       : pitch_fft_voice_top
| Device       : xc7a35tcpg236-1
| Speed File   : -1
| Design State : Fully Routed
-----------------------------------------------------------------------------------------------------------------------------------------------------------------------------------------------

Report Methodology

Table of Contents
-----------------
1. REPORT SUMMARY
2. REPORT DETAILS

1. REPORT SUMMARY
-----------------
            Netlist: netlist
          Floorplan: design_1
      Design limits: <entire design considered>
             Max checks: <unlimited>
             Checks found: 653
+-----------+----------+--------------------------------------------+--------+
| Rule      | Severity | Description                                | Checks |
+-----------+----------+--------------------------------------------+--------+
| SYNTH-6   | Warning  | Timing of a RAM block might be sub-optimal | 2      |
| TIMING-16 | Warning  | Large setup violation                      | 614    |
| TIMING-18 | Warning  | Missing input or output delay              | 37     |
+-----------+----------+--------------------------------------------+--------+

2. REPORT DETAILS
-----------------
SYNTH-6#1 Warning
Timing of a RAM block might be sub-optimal  
The timing for the instance u_chord_detector/spectrum_reg, implemented as a RAM block, might be sub-optimal as no output register was merged into the block.
Related violations: <none>

SYNTH-6#2 Warning
Timing of a RAM block might be sub-optimal  
The timing for the instance u_detector/spectrum_reg, implemented as a RAM block, might be sub-optimal as no output register was merged into the block.
Related violations: <none>

TIMING-16#1 Warning
Large setup violation  
There is a large setup violation of -1.004 ns between u_chord_detector/c4_bin33_reg[2]/C (clocked by sys_clk_pin) and u_chord_detector/score_mem_reg[7][7]/D (clocked by sys_clk_pin). Large setup violations at the end of those stages might be difficult to fix during the post-placement implementation flow and could be the result of non-optimal XDC constraints or non-optimal design architecture
Related violations: <none>

TIMING-16#2 Warning
Large setup violation  
There is a large setup violation of -1.014 ns between u_chord_detector/held_idx2_reg[0]/C (clocked by sys_clk_pin) and u_chord_detector/held_idx1_reg[0]/D (clocked by sys_clk_pin). Large setup violations at the end of those stages might be difficult to fix during the post-placement implementation flow and could be the result of non-optimal XDC constraints or non-optimal design architecture
Related violations: <none>

TIMING-16#3 Warning
Large setup violation  
There is a large setup violation of -1.052 ns between u_chord_detector/held_idx1_reg[0]/C (clocked by sys_clk_pin) and u_chord_detector/level_pair2_reg[2]/D (clocked by sys_clk_pin). Large setup violations at the end of those stages might be difficult to fix during the post-placement implementation flow and could be the result of non-optimal XDC constraints or non-optimal design architecture
Related violations: <none>

TIMING-16#4 Warning
Large setup violation  
There is a large setup violation of -1.091 ns between u_chord_detector/held_idx1_reg[0]/C (clocked by sys_clk_pin) and u_chord_detector/level_pair1_reg[1]/D (clocked by sys_clk_pin). Large setup violations at the end of those stages might be difficult to fix during the post-placement implementation flow and could be the result of non-optimal XDC constraints or non-optimal design architecture
Related violations: <none>

TIMING-16#5 Warning
Large setup violation  
There is a large setup violation of -1.125 ns between u_chord_detector/held_idx1_reg[0]/C (clocked by sys_clk_pin) and u_chord_detector/note1_reg[0]/D (clocked by sys_clk_pin). Large setup violations at the end of those stages might be difficult to fix during the post-placement implementation flow and could be the result of non-optimal XDC constraints or non-optimal design architecture
Related violations: <none>

TIMING-16#6 Warning
Large setup violation  
There is a large setup violation of -1.126 ns between u_chord_detector/c4_bin33_reg[2]/C (clocked by sys_clk_pin) and u_chord_detector/score_mem_reg[6][6]/D (clocked by sys_clk_pin). Large setup violations at the end of those stages might be difficult to fix during the post-placement implementation flow and could be the result of non-optimal XDC constraints or non-optimal design architecture
Related violations: <none>

TIMING-16#7 Warning
Large setup violation  
There is a large setup violation of -1.130 ns between u_chord_detector/held_idx1_reg[0]/C (clocked by sys_clk_pin) and u_chord_detector/note1_reg[1]/D (clocked by sys_clk_pin). Large setup violations at the end of those stages might be difficult to fix during the post-placement implementation flow and could be the result of non-optimal XDC constraints or non-optimal design architecture
Related violations: <none>

TIMING-16#8 Warning
Large setup violation  
There is a large setup violation of -1.182 ns between u_chord_detector/c4_bin33_reg[2]/C (clocked by sys_clk_pin) and u_chord_detector/score_mem_reg[0][0]/D (clocked by sys_clk_pin). Large setup violations at the end of those stages might be difficult to fix during the post-placement implementation flow and could be the result of non-optimal XDC constraints or non-optimal design architecture
Related violations: <none>

TIMING-16#9 Warning
Large setup violation  
There is a large setup violation of -1.215 ns between u_chord_detector/held_idx1_reg[0]/C (clocked by sys_clk_pin) and u_chord_detector/held_idx2_reg[2]/D (clocked by sys_clk_pin). Large setup violations at the end of those stages might be difficult to fix during the post-placement implementation flow and could be the result of non-optimal XDC constraints or non-optimal design architecture
Related violations: <none>

TIMING-16#10 Warning
Large setup violation  
There is a large setup violation of -1.246 ns between u_chord_detector/held_idx1_reg[0]/C (clocked by sys_clk_pin) and u_chord_detector/held_idx2_reg[0]/D (clocked by sys_clk_pin). Large setup violations at the end of those stages might be difficult to fix during the post-placement implementation flow and could be the result of non-optimal XDC constraints or non-optimal design architecture
Related violations: <none>

TIMING-16#11 Warning
Large setup violation  
There is a large setup violation of -1.265 ns between u_chord_detector/held_idx1_reg[0]/C (clocked by sys_clk_pin) and u_chord_detector/note2_reg[0]/D (clocked by sys_clk_pin). Large setup violations at the end of those stages might be difficult to fix during the post-placement implementation flow and could be the result of non-optimal XDC constraints or non-optimal design architecture
Related violations: <none>

TIMING-16#12 Warning
Large setup violation  
There is a large setup violation of -1.269 ns between u_chord_detector/held_idx1_reg[0]/C (clocked by sys_clk_pin) and u_chord_detector/note2_reg[1]/D (clocked by sys_clk_pin). Large setup violations at the end of those stages might be difficult to fix during the post-placement implementation flow and could be the result of non-optimal XDC constraints or non-optimal design architecture
Related violations: <none>

TIMING-16#13 Warning
Large setup violation  
There is a large setup violation of -1.335 ns between u_chord_detector/held_idx1_reg[0]/C (clocked by sys_clk_pin) and u_chord_detector/level_pair1_reg[3]/D (clocked by sys_clk_pin). Large setup violations at the end of those stages might be difficult to fix during the post-placement implementation flow and could be the result of non-optimal XDC constraints or non-optimal design architecture
Related violations: <none>

TIMING-16#14 Warning
Large setup violation  
There is a large setup violation of -1.336 ns between u_chord_detector/held_idx1_reg[0]/C (clocked by sys_clk_pin) and u_chord_detector/held_idx1_reg[1]_replica_1/D (clocked by sys_clk_pin). Large setup violations at the end of those stages might be difficult to fix during the post-placement implementation flow and could be the result of non-optimal XDC constraints or non-optimal design architecture
Related violations: <none>

TIMING-16#15 Warning
Large setup violation  
There is a large setup violation of -1.432 ns between u_chord_detector/c4_bin33_reg[2]/C (clocked by sys_clk_pin) and u_chord_detector/score_mem_reg[10][13]/D (clocked by sys_clk_pin). Large setup violations at the end of those stages might be difficult to fix during the post-placement implementation flow and could be the result of non-optimal XDC constraints or non-optimal design architecture
Related violations: <none>

TIMING-16#16 Warning
Large setup violation  
There is a large setup violation of -1.434 ns between u_chord_detector/held_idx1_reg[0]/C (clocked by sys_clk_pin) and u_chord_detector/held_idx1_reg[2]/D (clocked by sys_clk_pin). Large setup violations at the end of those stages might be difficult to fix during the post-placement implementation flow and could be the result of non-optimal XDC constraints or non-optimal design architecture
Related violations: <none>

TIMING-16#17 Warning
Large setup violation  
There is a large setup violation of -1.436 ns between u_chord_detector/held_idx1_reg[0]/C (clocked by sys_clk_pin) and u_chord_detector/held_idx2_reg[1]_replica/D (clocked by sys_clk_pin). Large setup violations at the end of those stages might be difficult to fix during the post-placement implementation flow and could be the result of non-optimal XDC constraints or non-optimal design architecture
Related violations: <none>

TIMING-16#18 Warning
Large setup violation  
There is a large setup violation of -1.462 ns between u_chord_detector/held_idx1_reg[0]/C (clocked by sys_clk_pin) and u_chord_detector/level_pair1_reg[2]/D (clocked by sys_clk_pin). Large setup violations at the end of those stages might be difficult to fix during the post-placement implementation flow and could be the result of non-optimal XDC constraints or non-optimal design architecture
Related violations: <none>

TIMING-16#19 Warning
Large setup violation  
There is a large setup violation of -1.474 ns between u_chord_detector/c4_bin33_reg[2]/C (clocked by sys_clk_pin) and u_chord_detector/score_mem_reg[4][2]/D (clocked by sys_clk_pin). Large setup violations at the end of those stages might be difficult to fix during the post-placement implementation flow and could be the result of non-optimal XDC constraints or non-optimal design architecture
Related violations: <none>

TIMING-16#20 Warning
Large setup violation  
There is a large setup violation of -1.476 ns between u_chord_detector/c4_bin33_reg[2]/C (clocked by sys_clk_pin) and u_chord_detector/score_mem_reg[1][7]/D (clocked by sys_clk_pin). Large setup violations at the end of those stages might be difficult to fix during the post-placement implementation flow and could be the result of non-optimal XDC constraints or non-optimal design architecture
Related violations: <none>

TIMING-16#21 Warning
Large setup violation  
There is a large setup violation of -1.504 ns between u_chord_detector/held_idx2_reg[0]/C (clocked by sys_clk_pin) and u_chord_detector/held_idx2_reg[1]/D (clocked by sys_clk_pin). Large setup violations at the end of those stages might be difficult to fix during the post-placement implementation flow and could be the result of non-optimal XDC constraints or non-optimal design architecture
Related violations: <none>

TIMING-16#22 Warning
Large setup violation  
There is a large setup violation of -1.517 ns between u_chord_detector/held_idx1_reg[0]/C (clocked by sys_clk_pin) and u_chord_detector/held_idx1_reg[1]_replica_3/D (clocked by sys_clk_pin). Large setup violations at the end of those stages might be difficult to fix during the post-placement implementation flow and could be the result of non-optimal XDC constraints or non-optimal design architecture
Related violations: <none>

TIMING-16#23 Warning
Large setup violation  
There is a large setup violation of -1.525 ns between u_chord_detector/held_idx1_reg[0]/C (clocked by sys_clk_pin) and u_chord_detector/held_idx2_reg[1]_replica_2/D (clocked by sys_clk_pin). Large setup violations at the end of those stages might be difficult to fix during the post-placement implementation flow and could be the result of non-optimal XDC constraints or non-optimal design architecture
Related violations: <none>

TIMING-16#24 Warning
Large setup violation  
There is a large setup violation of -1.530 ns between u_chord_detector/c4_bin33_reg[2]/C (clocked by sys_clk_pin) and u_chord_detector/score_mem_reg[2][8]/D (clocked by sys_clk_pin). Large setup violations at the end of those stages might be difficult to fix during the post-placement implementation flow and could be the result of non-optimal XDC constraints or non-optimal design architecture
Related violations: <none>

TIMING-16#25 Warning
Large setup violation  
There is a large setup violation of -1.533 ns between u_chord_detector/held_idx1_reg[0]/C (clocked by sys_clk_pin) and u_chord_detector/held_idx1_reg[1]_replica_5/D (clocked by sys_clk_pin). Large setup violations at the end of those stages might be difficult to fix during the post-placement implementation flow and could be the result of non-optimal XDC constraints or non-optimal design architecture
Related violations: <none>

TIMING-16#26 Warning
Large setup violation  
There is a large setup violation of -1.602 ns between u_chord_detector/held_idx1_reg[0]/C (clocked by sys_clk_pin) and u_chord_detector/held_idx1_reg[1]_replica/D (clocked by sys_clk_pin). Large setup violations at the end of those stages might be difficult to fix during the post-placement implementation flow and could be the result of non-optimal XDC constraints or non-optimal design architecture
Related violations: <none>

TIMING-16#27 Warning
Large setup violation  
There is a large setup violation of -1.627 ns between u_chord_detector/c4_bin33_reg[2]/C (clocked by sys_clk_pin) and u_chord_detector/score_mem_reg[6][3]/D (clocked by sys_clk_pin). Large setup violations at the end of those stages might be difficult to fix during the post-placement implementation flow and could be the result of non-optimal XDC constraints or non-optimal design architecture
Related violations: <none>

TIMING-16#28 Warning
Large setup violation  
There is a large setup violation of -1.631 ns between u_chord_detector/c4_bin33_reg[2]/C (clocked by sys_clk_pin) and u_chord_detector/score_mem_reg[6][7]/D (clocked by sys_clk_pin). Large setup violations at the end of those stages might be difficult to fix during the post-placement implementation flow and could be the result of non-optimal XDC constraints or non-optimal design architecture
Related violations: <none>

TIMING-16#29 Warning
Large setup violation  
There is a large setup violation of -1.640 ns between u_chord_detector/held_idx1_reg[0]/C (clocked by sys_clk_pin) and u_chord_detector/level_pair2_reg[3]/D (clocked by sys_clk_pin). Large setup violations at the end of those stages might be difficult to fix during the post-placement implementation flow and could be the result of non-optimal XDC constraints or non-optimal design architecture
Related violations: <none>

TIMING-16#30 Warning
Large setup violation  
There is a large setup violation of -1.643 ns between u_chord_detector/c4_bin33_reg[2]/C (clocked by sys_clk_pin) and u_chord_detector/score_mem_reg[10][10]/D (clocked by sys_clk_pin). Large setup violations at the end of those stages might be difficult to fix during the post-placement implementation flow and could be the result of non-optimal XDC constraints or non-optimal design architecture
Related violations: <none>

TIMING-16#31 Warning
Large setup violation  
There is a large setup violation of -1.649 ns between u_chord_detector/c4_bin33_reg[2]/C (clocked by sys_clk_pin) and u_chord_detector/score_mem_reg[10][7]/D (clocked by sys_clk_pin). Large setup violations at the end of those stages might be difficult to fix during the post-placement implementation flow and could be the result of non-optimal XDC constraints or non-optimal design architecture
Related violations: <none>

TIMING-16#32 Warning
Large setup violation  
There is a large setup violation of -1.654 ns between u_chord_detector/c4_bin33_reg[2]/C (clocked by sys_clk_pin) and u_chord_detector/score_mem_reg[3][7]/D (clocked by sys_clk_pin). Large setup violations at the end of those stages might be difficult to fix during the post-placement implementation flow and could be the result of non-optimal XDC constraints or non-optimal design architecture
Related violations: <none>

TIMING-16#33 Warning
Large setup violation  
There is a large setup violation of -1.656 ns between u_chord_detector/c4_bin33_reg[2]/C (clocked by sys_clk_pin) and u_chord_detector/score_mem_reg[11][7]/D (clocked by sys_clk_pin). Large setup violations at the end of those stages might be difficult to fix during the post-placement implementation flow and could be the result of non-optimal XDC constraints or non-optimal design architecture
Related violations: <none>

TIMING-16#34 Warning
Large setup violation  
There is a large setup violation of -1.660 ns between u_chord_detector/c4_bin33_reg[2]/C (clocked by sys_clk_pin) and u_chord_detector/score_mem_reg[1][0]/D (clocked by sys_clk_pin). Large setup violations at the end of those stages might be difficult to fix during the post-placement implementation flow and could be the result of non-optimal XDC constraints or non-optimal design architecture
Related violations: <none>

TIMING-16#35 Warning
Large setup violation  
There is a large setup violation of -1.675 ns between u_chord_detector/held_idx1_reg[0]/C (clocked by sys_clk_pin) and u_chord_detector/held_idx1_reg[1]_replica_4/D (clocked by sys_clk_pin). Large setup violations at the end of those stages might be difficult to fix during the post-placement implementation flow and could be the result of non-optimal XDC constraints or non-optimal design architecture
Related violations: <none>

TIMING-16#36 Warning
Large setup violation  
There is a large setup violation of -1.678 ns between u_chord_detector/c4_bin33_reg[2]/C (clocked by sys_clk_pin) and u_chord_detector/score_mem_reg[6][0]/D (clocked by sys_clk_pin). Large setup violations at the end of those stages might be difficult to fix during the post-placement implementation flow and could be the result of non-optimal XDC constraints or non-optimal design architecture
Related violations: <none>

TIMING-16#37 Warning
Large setup violation  
There is a large setup violation of -1.679 ns between u_chord_detector/c4_bin33_reg[2]/C (clocked by sys_clk_pin) and u_chord_detector/score_mem_reg[9][10]/D (clocked by sys_clk_pin). Large setup violations at the end of those stages might be difficult to fix during the post-placement implementation flow and could be the result of non-optimal XDC constraints or non-optimal design architecture
Related violations: <none>

TIMING-16#38 Warning
Large setup violation  
There is a large setup violation of -1.695 ns between u_chord_detector/c4_bin33_reg[2]/C (clocked by sys_clk_pin) and u_chord_detector/score_mem_reg[3][8]/D (clocked by sys_clk_pin). Large setup violations at the end of those stages might be difficult to fix during the post-placement implementation flow and could be the result of non-optimal XDC constraints or non-optimal design architecture
Related violations: <none>

TIMING-16#39 Warning
Large setup violation  
There is a large setup violation of -1.703 ns between u_chord_detector/c4_bin33_reg[2]/C (clocked by sys_clk_pin) and u_chord_detector/score_mem_reg[4][10]/D (clocked by sys_clk_pin). Large setup violations at the end of those stages might be difficult to fix during the post-placement implementation flow and could be the result of non-optimal XDC constraints or non-optimal design architecture
Related violations: <none>

TIMING-16#40 Warning
Large setup violation  
There is a large setup violation of -1.720 ns between u_chord_detector/held_idx1_reg[0]/C (clocked by sys_clk_pin) and u_chord_detector/held_idx2_reg[1]_replica_1/D (clocked by sys_clk_pin). Large setup violations at the end of those stages might be difficult to fix during the post-placement implementation flow and could be the result of non-optimal XDC constraints or non-optimal design architecture
Related violations: <none>

TIMING-16#41 Warning
Large setup violation  
There is a large setup violation of -1.722 ns between u_chord_detector/c4_bin33_reg[2]/C (clocked by sys_clk_pin) and u_chord_detector/score_mem_reg[1][2]/D (clocked by sys_clk_pin). Large setup violations at the end of those stages might be difficult to fix during the post-placement implementation flow and could be the result of non-optimal XDC constraints or non-optimal design architecture
Related violations: <none>

TIMING-16#42 Warning
Large setup violation  
There is a large setup violation of -1.726 ns between u_chord_detector/c4_bin33_reg[2]/C (clocked by sys_clk_pin) and u_chord_detector/score_mem_reg[9][6]/D (clocked by sys_clk_pin). Large setup violations at the end of those stages might be difficult to fix during the post-placement implementation flow and could be the result of non-optimal XDC constraints or non-optimal design architecture
Related violations: <none>

TIMING-16#43 Warning
Large setup violation  
There is a large setup violation of -1.729 ns between u_chord_detector/held_idx1_reg[0]/C (clocked by sys_clk_pin) and u_chord_detector/held_idx2_reg[1]_replica_4/D (clocked by sys_clk_pin). Large setup violations at the end of those stages might be difficult to fix during the post-placement implementation flow and could be the result of non-optimal XDC constraints or non-optimal design architecture
Related violations: <none>

TIMING-16#44 Warning
Large setup violation  
There is a large setup violation of -1.734 ns between u_chord_detector/c4_bin33_reg[2]/C (clocked by sys_clk_pin) and u_chord_detector/score_mem_reg[0][8]/D (clocked by sys_clk_pin). Large setup violations at the end of those stages might be difficult to fix during the post-placement implementation flow and could be the result of non-optimal XDC constraints or non-optimal design architecture
Related violations: <none>

TIMING-16#45 Warning
Large setup violation  
There is a large setup violation of -1.738 ns between u_chord_detector/c4_bin33_reg[2]/C (clocked by sys_clk_pin) and u_chord_detector/score_mem_reg[0][6]/D (clocked by sys_clk_pin). Large setup violations at the end of those stages might be difficult to fix during the post-placement implementation flow and could be the result of non-optimal XDC constraints or non-optimal design architecture
Related violations: <none>

TIMING-16#46 Warning
Large setup violation  
There is a large setup violation of -1.741 ns between u_chord_detector/c4_bin33_reg[2]/C (clocked by sys_clk_pin) and u_chord_detector/score_mem_reg[5][6]/D (clocked by sys_clk_pin). Large setup violations at the end of those stages might be difficult to fix during the post-placement implementation flow and could be the result of non-optimal XDC constraints or non-optimal design architecture
Related violations: <none>

TIMING-16#47 Warning
Large setup violation  
There is a large setup violation of -1.749 ns between u_chord_detector/c4_bin33_reg[2]/C (clocked by sys_clk_pin) and u_chord_detector/score_mem_reg[7][13]/D (clocked by sys_clk_pin). Large setup violations at the end of those stages might be difficult to fix during the post-placement implementation flow and could be the result of non-optimal XDC constraints or non-optimal design architecture
Related violations: <none>

TIMING-16#48 Warning
Large setup violation  
There is a large setup violation of -1.750 ns between u_chord_detector/held_idx1_reg[0]/C (clocked by sys_clk_pin) and u_chord_detector/held_idx2_reg[1]_replica_3/D (clocked by sys_clk_pin). Large setup violations at the end of those stages might be difficult to fix during the post-placement implementation flow and could be the result of non-optimal XDC constraints or non-optimal design architecture
Related violations: <none>

TIMING-16#49 Warning
Large setup violation  
There is a large setup violation of -1.752 ns between u_chord_detector/held_idx1_reg[0]/C (clocked by sys_clk_pin) and u_chord_detector/held_idx1_reg[1]_replica_2/D (clocked by sys_clk_pin). Large setup violations at the end of those stages might be difficult to fix during the post-placement implementation flow and could be the result of non-optimal XDC constraints or non-optimal design architecture
Related violations: <none>

TIMING-16#50 Warning
Large setup violation  
There is a large setup violation of -1.758 ns between u_chord_detector/c4_bin33_reg[2]/C (clocked by sys_clk_pin) and u_chord_detector/score_mem_reg[12][16]/D (clocked by sys_clk_pin). Large setup violations at the end of those stages might be difficult to fix during the post-placement implementation flow and could be the result of non-optimal XDC constraints or non-optimal design architecture
Related violations: <none>

TIMING-16#51 Warning
Large setup violation  
There is a large setup violation of -1.779 ns between u_chord_detector/c4_bin33_reg[2]/C (clocked by sys_clk_pin) and u_chord_detector/score_mem_reg[3][1]/D (clocked by sys_clk_pin). Large setup violations at the end of those stages might be difficult to fix during the post-placement implementation flow and could be the result of non-optimal XDC constraints or non-optimal design architecture
Related violations: <none>

TIMING-16#52 Warning
Large setup violation  
There is a large setup violation of -1.792 ns between u_chord_detector/c4_bin33_reg[2]/C (clocked by sys_clk_pin) and u_chord_detector/score_mem_reg[8][7]/D (clocked by sys_clk_pin). Large setup violations at the end of those stages might be difficult to fix during the post-placement implementation flow and could be the result of non-optimal XDC constraints or non-optimal design architecture
Related violations: <none>

TIMING-16#53 Warning
Large setup violation  
There is a large setup violation of -1.794 ns between u_chord_detector/c4_bin33_reg[2]/C (clocked by sys_clk_pin) and u_chord_detector/score_mem_reg[4][7]/D (clocked by sys_clk_pin). Large setup violations at the end of those stages might be difficult to fix during the post-placement implementation flow and could be the result of non-optimal XDC constraints or non-optimal design architecture
Related violations: <none>

TIMING-16#54 Warning
Large setup violation  
There is a large setup violation of -1.794 ns between u_chord_detector/c4_bin33_reg[2]/C (clocked by sys_clk_pin) and u_chord_detector/score_mem_reg[7][6]/D (clocked by sys_clk_pin). Large setup violations at the end of those stages might be difficult to fix during the post-placement implementation flow and could be the result of non-optimal XDC constraints or non-optimal design architecture
Related violations: <none>

TIMING-16#55 Warning
Large setup violation  
There is a large setup violation of -1.804 ns between u_chord_detector/c4_bin33_reg[2]/C (clocked by sys_clk_pin) and u_chord_detector/score_mem_reg[11][5]/D (clocked by sys_clk_pin). Large setup violations at the end of those stages might be difficult to fix during the post-placement implementation flow and could be the result of non-optimal XDC constraints or non-optimal design architecture
Related violations: <none>

TIMING-16#56 Warning
Large setup violation  
There is a large setup violation of -1.805 ns between u_chord_detector/c4_bin33_reg[2]/C (clocked by sys_clk_pin) and u_chord_detector/score_mem_reg[12][17]/D (clocked by sys_clk_pin). Large setup violations at the end of those stages might be difficult to fix during the post-placement implementation flow and could be the result of non-optimal XDC constraints or non-optimal design architecture
Related violations: <none>

TIMING-16#57 Warning
Large setup violation  
There is a large setup violation of -1.809 ns between u_chord_detector/c4_bin33_reg[2]/C (clocked by sys_clk_pin) and u_chord_detector/score_mem_reg[12][2]/D (clocked by sys_clk_pin). Large setup violations at the end of those stages might be difficult to fix during the post-placement implementation flow and could be the result of non-optimal XDC constraints or non-optimal design architecture
Related violations: <none>

TIMING-16#58 Warning
Large setup violation  
There is a large setup violation of -1.813 ns between u_chord_detector/c4_bin33_reg[2]/C (clocked by sys_clk_pin) and u_chord_detector/score_mem_reg[3][0]/D (clocked by sys_clk_pin). Large setup violations at the end of those stages might be difficult to fix during the post-placement implementation flow and could be the result of non-optimal XDC constraints or non-optimal design architecture
Related violations: <none>

TIMING-16#59 Warning
Large setup violation  
There is a large setup violation of -1.820 ns between u_chord_detector/c4_bin33_reg[2]/C (clocked by sys_clk_pin) and u_chord_detector/score_mem_reg[2][7]/D (clocked by sys_clk_pin). Large setup violations at the end of those stages might be difficult to fix during the post-placement implementation flow and could be the result of non-optimal XDC constraints or non-optimal design architecture
Related violations: <none>

TIMING-16#60 Warning
Large setup violation  
There is a large setup violation of -1.826 ns between u_chord_detector/c4_bin33_reg[2]/C (clocked by sys_clk_pin) and u_chord_detector/score_mem_reg[0][2]/D (clocked by sys_clk_pin). Large setup violations at the end of those stages might be difficult to fix during the post-placement implementation flow and could be the result of non-optimal XDC constraints or non-optimal design architecture
Related violations: <none>

TIMING-16#61 Warning
Large setup violation  
There is a large setup violation of -1.829 ns between u_chord_detector/c4_bin33_reg[2]/C (clocked by sys_clk_pin) and u_chord_detector/score_mem_reg[2][2]/D (clocked by sys_clk_pin). Large setup violations at the end of those stages might be difficult to fix during the post-placement implementation flow and could be the result of non-optimal XDC constraints or non-optimal design architecture
Related violations: <none>

TIMING-16#62 Warning
Large setup violation  
There is a large setup violation of -1.832 ns between u_chord_detector/c4_bin33_reg[2]/C (clocked by sys_clk_pin) and u_chord_detector/score_mem_reg[11][6]/D (clocked by sys_clk_pin). Large setup violations at the end of those stages might be difficult to fix during the post-placement implementation flow and could be the result of non-optimal XDC constraints or non-optimal design architecture
Related violations: <none>

TIMING-16#63 Warning
Large setup violation  
There is a large setup violation of -1.835 ns between u_chord_detector/held_idx1_reg[0]/C (clocked by sys_clk_pin) and u_chord_detector/held_idx1_reg[1]/D (clocked by sys_clk_pin). Large setup violations at the end of those stages might be difficult to fix during the post-placement implementation flow and could be the result of non-optimal XDC constraints or non-optimal design architecture
Related violations: <none>

TIMING-16#64 Warning
Large setup violation  
There is a large setup violation of -1.841 ns between u_chord_detector/c4_bin33_reg[2]/C (clocked by sys_clk_pin) and u_chord_detector/score_mem_reg[0][20]/D (clocked by sys_clk_pin). Large setup violations at the end of those stages might be difficult to fix during the post-placement implementation flow and could be the result of non-optimal XDC constraints or non-optimal design architecture
Related violations: <none>

TIMING-16#65 Warning
Large setup violation  
There is a large setup violation of -1.842 ns between u_chord_detector/c4_bin33_reg[2]/C (clocked by sys_clk_pin) and u_chord_detector/score_mem_reg[3][17]/D (clocked by sys_clk_pin). Large setup violations at the end of those stages might be difficult to fix during the post-placement implementation flow and could be the result of non-optimal XDC constraints or non-optimal design architecture
Related violations: <none>

TIMING-16#66 Warning
Large setup violation  
There is a large setup violation of -1.843 ns between u_chord_detector/held_idx1_reg[0]/C (clocked by sys_clk_pin) and u_chord_detector/held_idx1_reg[1]_replica_6/D (clocked by sys_clk_pin). Large setup violations at the end of those stages might be difficult to fix during the post-placement implementation flow and could be the result of non-optimal XDC constraints or non-optimal design architecture
Related violations: <none>

TIMING-16#67 Warning
Large setup violation  
There is a large setup violation of -1.855 ns between u_chord_detector/c4_bin33_reg[2]/C (clocked by sys_clk_pin) and u_chord_detector/score_mem_reg[11][10]/D (clocked by sys_clk_pin). Large setup violations at the end of those stages might be difficult to fix during the post-placement implementation flow and could be the result of non-optimal XDC constraints or non-optimal design architecture
Related violations: <none>

TIMING-16#68 Warning
Large setup violation  
There is a large setup violation of -1.857 ns between u_chord_detector/c4_bin33_reg[2]/C (clocked by sys_clk_pin) and u_chord_detector/score_mem_reg[8][0]/D (clocked by sys_clk_pin). Large setup violations at the end of those stages might be difficult to fix during the post-placement implementation flow and could be the result of non-optimal XDC constraints or non-optimal design architecture
Related violations: <none>

TIMING-16#69 Warning
Large setup violation  
There is a large setup violation of -1.859 ns between u_chord_detector/c4_bin33_reg[2]/C (clocked by sys_clk_pin) and u_chord_detector/score_mem_reg[3][2]/D (clocked by sys_clk_pin). Large setup violations at the end of those stages might be difficult to fix during the post-placement implementation flow and could be the result of non-optimal XDC constraints or non-optimal design architecture
Related violations: <none>

TIMING-16#70 Warning
Large setup violation  
There is a large setup violation of -1.861 ns between u_chord_detector/c4_bin33_reg[2]/C (clocked by sys_clk_pin) and u_chord_detector/score_mem_reg[7][0]/D (clocked by sys_clk_pin). Large setup violations at the end of those stages might be difficult to fix during the post-placement implementation flow and could be the result of non-optimal XDC constraints or non-optimal design architecture
Related violations: <none>

TIMING-16#71 Warning
Large setup violation  
There is a large setup violation of -1.865 ns between u_chord_detector/c4_bin33_reg[2]/C (clocked by sys_clk_pin) and u_chord_detector/score_mem_reg[8][3]/D (clocked by sys_clk_pin). Large setup violations at the end of those stages might be difficult to fix during the post-placement implementation flow and could be the result of non-optimal XDC constraints or non-optimal design architecture
Related violations: <none>

TIMING-16#72 Warning
Large setup violation  
There is a large setup violation of -1.868 ns between u_chord_detector/c4_bin33_reg[2]/C (clocked by sys_clk_pin) and u_chord_detector/score_mem_reg[12][14]/D (clocked by sys_clk_pin). Large setup violations at the end of those stages might be difficult to fix during the post-placement implementation flow and could be the result of non-optimal XDC constraints or non-optimal design architecture
Related violations: <none>

TIMING-16#73 Warning
Large setup violation  
There is a large setup violation of -1.873 ns between u_chord_detector/c4_bin33_reg[2]/C (clocked by sys_clk_pin) and u_chord_detector/score_mem_reg[2][0]/D (clocked by sys_clk_pin). Large setup violations at the end of those stages might be difficult to fix during the post-placement implementation flow and could be the result of non-optimal XDC constraints or non-optimal design architecture
Related violations: <none>

TIMING-16#74 Warning
Large setup violation  
There is a large setup violation of -1.882 ns between u_chord_detector/c4_bin33_reg[2]/C (clocked by sys_clk_pin) and u_chord_detector/score_mem_reg[6][28]/D (clocked by sys_clk_pin). Large setup violations at the end of those stages might be difficult to fix during the post-placement implementation flow and could be the result of non-optimal XDC constraints or non-optimal design architecture
Related violations: <none>

TIMING-16#75 Warning
Large setup violation  
There is a large setup violation of -1.902 ns between u_chord_detector/c4_bin33_reg[2]/C (clocked by sys_clk_pin) and u_chord_detector/score_mem_reg[7][2]/D (clocked by sys_clk_pin). Large setup violations at the end of those stages might be difficult to fix during the post-placement implementation flow and could be the result of non-optimal XDC constraints or non-optimal design architecture
Related violations: <none>

TIMING-16#76 Warning
Large setup violation  
There is a large setup violation of -1.903 ns between u_chord_detector/c4_bin33_reg[2]/C (clocked by sys_clk_pin) and u_chord_detector/score_mem_reg[6][8]/D (clocked by sys_clk_pin). Large setup violations at the end of those stages might be difficult to fix during the post-placement implementation flow and could be the result of non-optimal XDC constraints or non-optimal design architecture
Related violations: <none>

TIMING-16#77 Warning
Large setup violation  
There is a large setup violation of -1.910 ns between u_chord_detector/c4_bin33_reg[2]/C (clocked by sys_clk_pin) and u_chord_detector/score_mem_reg[0][28]/D (clocked by sys_clk_pin). Large setup violations at the end of those stages might be difficult to fix during the post-placement implementation flow and could be the result of non-optimal XDC constraints or non-optimal design architecture
Related violations: <none>

TIMING-16#78 Warning
Large setup violation  
There is a large setup violation of -1.912 ns between u_chord_detector/c4_bin33_reg[2]/C (clocked by sys_clk_pin) and u_chord_detector/score_mem_reg[4][28]/D (clocked by sys_clk_pin). Large setup violations at the end of those stages might be difficult to fix during the post-placement implementation flow and could be the result of non-optimal XDC constraints or non-optimal design architecture
Related violations: <none>

TIMING-16#79 Warning
Large setup violation  
There is a large setup violation of -1.916 ns between u_chord_detector/c4_bin33_reg[2]/C (clocked by sys_clk_pin) and u_chord_detector/score_mem_reg[6][9]/D (clocked by sys_clk_pin). Large setup violations at the end of those stages might be difficult to fix during the post-placement implementation flow and could be the result of non-optimal XDC constraints or non-optimal design architecture
Related violations: <none>

TIMING-16#80 Warning
Large setup violation  
There is a large setup violation of -1.919 ns between u_chord_detector/c4_bin33_reg[2]/C (clocked by sys_clk_pin) and u_chord_detector/score_mem_reg[0][7]/D (clocked by sys_clk_pin). Large setup violations at the end of those stages might be difficult to fix during the post-placement implementation flow and could be the result of non-optimal XDC constraints or non-optimal design architecture
Related violations: <none>

TIMING-16#81 Warning
Large setup violation  
There is a large setup violation of -1.919 ns between u_chord_detector/c4_bin33_reg[2]/C (clocked by sys_clk_pin) and u_chord_detector/score_mem_reg[4][5]_replica/D (clocked by sys_clk_pin). Large setup violations at the end of those stages might be difficult to fix during the post-placement implementation flow and could be the result of non-optimal XDC constraints or non-optimal design architecture
Related violations: <none>

TIMING-16#82 Warning
Large setup violation  
There is a large setup violation of -1.921 ns between u_chord_detector/c4_bin33_reg[2]/C (clocked by sys_clk_pin) and u_chord_detector/score_mem_reg[4][13]/D (clocked by sys_clk_pin). Large setup violations at the end of those stages might be difficult to fix during the post-placement implementation flow and could be the result of non-optimal XDC constraints or non-optimal design architecture
Related violations: <none>

TIMING-16#83 Warning
Large setup violation  
There is a large setup violation of -1.922 ns between u_chord_detector/c4_bin33_reg[2]/C (clocked by sys_clk_pin) and u_chord_detector/score_mem_reg[4][6]/D (clocked by sys_clk_pin). Large setup violations at the end of those stages might be difficult to fix during the post-placement implementation flow and could be the result of non-optimal XDC constraints or non-optimal design architecture
Related violations: <none>

TIMING-16#84 Warning
Large setup violation  
There is a large setup violation of -1.926 ns between u_chord_detector/c4_bin33_reg[2]/C (clocked by sys_clk_pin) and u_chord_detector/score_mem_reg[8][2]/D (clocked by sys_clk_pin). Large setup violations at the end of those stages might be difficult to fix during the post-placement implementation flow and could be the result of non-optimal XDC constraints or non-optimal design architecture
Related violations: <none>

TIMING-16#85 Warning
Large setup violation  
There is a large setup violation of -1.932 ns between u_chord_detector/held_idx1_reg[0]/C (clocked by sys_clk_pin) and u_chord_detector/chord_valid_reg/D (clocked by sys_clk_pin). Large setup violations at the end of those stages might be difficult to fix during the post-placement implementation flow and could be the result of non-optimal XDC constraints or non-optimal design architecture
Related violations: <none>

TIMING-16#86 Warning
Large setup violation  
There is a large setup violation of -1.939 ns between u_chord_detector/c4_bin33_reg[2]/C (clocked by sys_clk_pin) and u_chord_detector/score_mem_reg[11][4]/D (clocked by sys_clk_pin). Large setup violations at the end of those stages might be difficult to fix during the post-placement implementation flow and could be the result of non-optimal XDC constraints or non-optimal design architecture
Related violations: <none>

TIMING-16#87 Warning
Large setup violation  
There is a large setup violation of -1.940 ns between u_chord_detector/c4_bin33_reg[2]/C (clocked by sys_clk_pin) and u_chord_detector/score_mem_reg[11][0]/D (clocked by sys_clk_pin). Large setup violations at the end of those stages might be difficult to fix during the post-placement implementation flow and could be the result of non-optimal XDC constraints or non-optimal design architecture
Related violations: <none>

TIMING-16#88 Warning
Large setup violation  
There is a large setup violation of -1.942 ns between u_chord_detector/c4_bin33_reg[2]/C (clocked by sys_clk_pin) and u_chord_detector/score_mem_reg[9][7]/D (clocked by sys_clk_pin). Large setup violations at the end of those stages might be difficult to fix during the post-placement implementation flow and could be the result of non-optimal XDC constraints or non-optimal design architecture
Related violations: <none>

TIMING-16#89 Warning
Large setup violation  
There is a large setup violation of -1.945 ns between u_chord_detector/c4_bin33_reg[2]/C (clocked by sys_clk_pin) and u_chord_detector/score_mem_reg[8][17]/D (clocked by sys_clk_pin). Large setup violations at the end of those stages might be difficult to fix during the post-placement implementation flow and could be the result of non-optimal XDC constraints or non-optimal design architecture
Related violations: <none>

TIMING-16#90 Warning
Large setup violation  
There is a large setup violation of -1.945 ns between u_chord_detector/c4_bin33_reg[2]/C (clocked by sys_clk_pin) and u_chord_detector/score_mem_reg[8][9]/D (clocked by sys_clk_pin). Large setup violations at the end of those stages might be difficult to fix during the post-placement implementation flow and could be the result of non-optimal XDC constraints or non-optimal design architecture
Related violations: <none>

TIMING-16#91 Warning
Large setup violation  
There is a large setup violation of -1.947 ns between u_chord_detector/c4_bin33_reg[2]/C (clocked by sys_clk_pin) and u_chord_detector/score_mem_reg[9][2]/D (clocked by sys_clk_pin). Large setup violations at the end of those stages might be difficult to fix during the post-placement implementation flow and could be the result of non-optimal XDC constraints or non-optimal design architecture
Related violations: <none>

TIMING-16#92 Warning
Large setup violation  
There is a large setup violation of -1.950 ns between u_chord_detector/c4_bin33_reg[2]/C (clocked by sys_clk_pin) and u_chord_detector/score_mem_reg[12][1]/D (clocked by sys_clk_pin). Large setup violations at the end of those stages might be difficult to fix during the post-placement implementation flow and could be the result of non-optimal XDC constraints or non-optimal design architecture
Related violations: <none>

TIMING-16#93 Warning
Large setup violation  
There is a large setup violation of -1.954 ns between u_chord_detector/c4_bin33_reg[2]/C (clocked by sys_clk_pin) and u_chord_detector/score_mem_reg[2][14]/D (clocked by sys_clk_pin). Large setup violations at the end of those stages might be difficult to fix during the post-placement implementation flow and could be the result of non-optimal XDC constraints or non-optimal design architecture
Related violations: <none>

TIMING-16#94 Warning
Large setup violation  
There is a large setup violation of -1.957 ns between u_chord_detector/c4_bin33_reg[2]/C (clocked by sys_clk_pin) and u_chord_detector/score_mem_reg[5][13]/D (clocked by sys_clk_pin). Large setup violations at the end of those stages might be difficult to fix during the post-placement implementation flow and could be the result of non-optimal XDC constraints or non-optimal design architecture
Related violations: <none>

TIMING-16#95 Warning
Large setup violation  
There is a large setup violation of -1.957 ns between u_chord_detector/c4_bin33_reg[2]/C (clocked by sys_clk_pin) and u_chord_detector/score_mem_reg[6][4]/D (clocked by sys_clk_pin). Large setup violations at the end of those stages might be difficult to fix during the post-placement implementation flow and could be the result of non-optimal XDC constraints or non-optimal design architecture
Related violations: <none>

TIMING-16#96 Warning
Large setup violation  
There is a large setup violation of -1.958 ns between u_chord_detector/c4_bin33_reg[2]/C (clocked by sys_clk_pin) and u_chord_detector/score_mem_reg[1][6]/D (clocked by sys_clk_pin). Large setup violations at the end of those stages might be difficult to fix during the post-placement implementation flow and could be the result of non-optimal XDC constraints or non-optimal design architecture
Related violations: <none>

TIMING-16#97 Warning
Large setup violation  
There is a large setup violation of -1.964 ns between u_chord_detector/c4_bin33_reg[2]/C (clocked by sys_clk_pin) and u_chord_detector/score_mem_reg[5][7]/D (clocked by sys_clk_pin). Large setup violations at the end of those stages might be difficult to fix during the post-placement implementation flow and could be the result of non-optimal XDC constraints or non-optimal design architecture
Related violations: <none>

TIMING-16#98 Warning
Large setup violation  
There is a large setup violation of -1.965 ns between u_chord_detector/c4_bin33_reg[2]/C (clocked by sys_clk_pin) and u_chord_detector/score_mem_reg[10][2]/D (clocked by sys_clk_pin). Large setup violations at the end of those stages might be difficult to fix during the post-placement implementation flow and could be the result of non-optimal XDC constraints or non-optimal design architecture
Related violations: <none>

TIMING-16#99 Warning
Large setup violation  
There is a large setup violation of -1.969 ns between u_chord_detector/c4_bin33_reg[2]/C (clocked by sys_clk_pin) and u_chord_detector/score_mem_reg[6][2]/D (clocked by sys_clk_pin). Large setup violations at the end of those stages might be difficult to fix during the post-placement implementation flow and could be the result of non-optimal XDC constraints or non-optimal design architecture
Related violations: <none>

TIMING-16#100 Warning
Large setup violation  
There is a large setup violation of -1.972 ns between u_chord_detector/c4_bin33_reg[2]/C (clocked by sys_clk_pin) and u_chord_detector/score_mem_reg[7][1]/D (clocked by sys_clk_pin). Large setup violations at the end of those stages might be difficult to fix during the post-placement implementation flow and could be the result of non-optimal XDC constraints or non-optimal design architecture
Related violations: <none>

TIMING-16#101 Warning
Large setup violation  
There is a large setup violation of -1.975 ns between u_chord_detector/c4_bin33_reg[2]/C (clocked by sys_clk_pin) and u_chord_detector/score_mem_reg[12][7]/D (clocked by sys_clk_pin). Large setup violations at the end of those stages might be difficult to fix during the post-placement implementation flow and could be the result of non-optimal XDC constraints or non-optimal design architecture
Related violations: <none>

TIMING-16#102 Warning
Large setup violation  
There is a large setup violation of -1.981 ns between u_chord_detector/c4_bin33_reg[2]/C (clocked by sys_clk_pin) and u_chord_detector/score_mem_reg[4][0]/D (clocked by sys_clk_pin). Large setup violations at the end of those stages might be difficult to fix during the post-placement implementation flow and could be the result of non-optimal XDC constraints or non-optimal design architecture
Related violations: <none>

TIMING-16#103 Warning
Large setup violation  
There is a large setup violation of -1.986 ns between u_chord_detector/c4_bin33_reg[2]/C (clocked by sys_clk_pin) and u_chord_detector/valid_mem_reg[8]/D (clocked by sys_clk_pin). Large setup violations at the end of those stages might be difficult to fix during the post-placement implementation flow and could be the result of non-optimal XDC constraints or non-optimal design architecture
Related violations: <none>

TIMING-16#104 Warning
Large setup violation  
There is a large setup violation of -1.993 ns between u_chord_detector/c4_bin33_reg[2]/C (clocked by sys_clk_pin) and u_chord_detector/score_mem_reg[8][21]/D (clocked by sys_clk_pin). Large setup violations at the end of those stages might be difficult to fix during the post-placement implementation flow and could be the result of non-optimal XDC constraints or non-optimal design architecture
Related violations: <none>

TIMING-16#105 Warning
Large setup violation  
There is a large setup violation of -1.996 ns between u_chord_detector/c4_bin33_reg[2]/C (clocked by sys_clk_pin) and u_chord_detector/score_mem_reg[12][8]/D (clocked by sys_clk_pin). Large setup violations at the end of those stages might be difficult to fix during the post-placement implementation flow and could be the result of non-optimal XDC constraints or non-optimal design architecture
Related violations: <none>

TIMING-16#106 Warning
Large setup violation  
There is a large setup violation of -2.000 ns between u_chord_detector/c4_bin33_reg[2]/C (clocked by sys_clk_pin) and u_chord_detector/score_mem_reg[2][10]/D (clocked by sys_clk_pin). Large setup violations at the end of those stages might be difficult to fix during the post-placement implementation flow and could be the result of non-optimal XDC constraints or non-optimal design architecture
Related violations: <none>

TIMING-16#107 Warning
Large setup violation  
There is a large setup violation of -2.000 ns between u_chord_detector/c4_bin33_reg[2]/C (clocked by sys_clk_pin) and u_chord_detector/valid_mem_reg[11]/D (clocked by sys_clk_pin). Large setup violations at the end of those stages might be difficult to fix during the post-placement implementation flow and could be the result of non-optimal XDC constraints or non-optimal design architecture
Related violations: <none>

TIMING-16#108 Warning
Large setup violation  
There is a large setup violation of -2.008 ns between u_chord_detector/c4_bin33_reg[2]/C (clocked by sys_clk_pin) and u_chord_detector/valid_mem_reg[0]/D (clocked by sys_clk_pin). Large setup violations at the end of those stages might be difficult to fix during the post-placement implementation flow and could be the result of non-optimal XDC constraints or non-optimal design architecture
Related violations: <none>

TIMING-16#109 Warning
Large setup violation  
There is a large setup violation of -2.016 ns between u_chord_detector/c4_bin33_reg[2]/C (clocked by sys_clk_pin) and u_chord_detector/score_mem_reg[5][0]/D (clocked by sys_clk_pin). Large setup violations at the end of those stages might be difficult to fix during the post-placement implementation flow and could be the result of non-optimal XDC constraints or non-optimal design architecture
Related violations: <none>

TIMING-16#110 Warning
Large setup violation  
There is a large setup violation of -2.017 ns between u_chord_detector/c4_bin33_reg[2]/C (clocked by sys_clk_pin) and u_chord_detector/score_mem_reg[5][8]/D (clocked by sys_clk_pin). Large setup violations at the end of those stages might be difficult to fix during the post-placement implementation flow and could be the result of non-optimal XDC constraints or non-optimal design architecture
Related violations: <none>

TIMING-16#111 Warning
Large setup violation  
There is a large setup violation of -2.018 ns between u_chord_detector/c4_bin33_reg[2]/C (clocked by sys_clk_pin) and u_chord_detector/score_mem_reg[10][17]/D (clocked by sys_clk_pin). Large setup violations at the end of those stages might be difficult to fix during the post-placement implementation flow and could be the result of non-optimal XDC constraints or non-optimal design architecture
Related violations: <none>

TIMING-16#112 Warning
Large setup violation  
There is a large setup violation of -2.021 ns between u_chord_detector/c4_bin33_reg[2]/C (clocked by sys_clk_pin) and u_chord_detector/score_mem_reg[10][8]/D (clocked by sys_clk_pin). Large setup violations at the end of those stages might be difficult to fix during the post-placement implementation flow and could be the result of non-optimal XDC constraints or non-optimal design architecture
Related violations: <none>

TIMING-16#113 Warning
Large setup violation  
There is a large setup violation of -2.032 ns between u_chord_detector/c4_bin33_reg[2]/C (clocked by sys_clk_pin) and u_chord_detector/score_mem_reg[0][4]/D (clocked by sys_clk_pin). Large setup violations at the end of those stages might be difficult to fix during the post-placement implementation flow and could be the result of non-optimal XDC constraints or non-optimal design architecture
Related violations: <none>

TIMING-16#114 Warning
Large setup violation  
There is a large setup violation of -2.033 ns between u_chord_detector/c4_bin33_reg[2]/C (clocked by sys_clk_pin) and u_chord_detector/score_mem_reg[11][17]/D (clocked by sys_clk_pin). Large setup violations at the end of those stages might be difficult to fix during the post-placement implementation flow and could be the result of non-optimal XDC constraints or non-optimal design architecture
Related violations: <none>

TIMING-16#115 Warning
Large setup violation  
There is a large setup violation of -2.037 ns between u_chord_detector/c4_bin33_reg[2]/C (clocked by sys_clk_pin) and u_chord_detector/score_mem_reg[0][3]/D (clocked by sys_clk_pin). Large setup violations at the end of those stages might be difficult to fix during the post-placement implementation flow and could be the result of non-optimal XDC constraints or non-optimal design architecture
Related violations: <none>

TIMING-16#116 Warning
Large setup violation  
There is a large setup violation of -2.041 ns between u_chord_detector/c4_bin33_reg[2]/C (clocked by sys_clk_pin) and u_chord_detector/score_mem_reg[7][4]/D (clocked by sys_clk_pin). Large setup violations at the end of those stages might be difficult to fix during the post-placement implementation flow and could be the result of non-optimal XDC constraints or non-optimal design architecture
Related violations: <none>

TIMING-16#117 Warning
Large setup violation  
There is a large setup violation of -2.042 ns between u_chord_detector/c4_bin33_reg[2]/C (clocked by sys_clk_pin) and u_chord_detector/score_mem_reg[7][14]/D (clocked by sys_clk_pin). Large setup violations at the end of those stages might be difficult to fix during the post-placement implementation flow and could be the result of non-optimal XDC constraints or non-optimal design architecture
Related violations: <none>

TIMING-16#118 Warning
Large setup violation  
There is a large setup violation of -2.043 ns between u_chord_detector/c4_bin33_reg[2]/C (clocked by sys_clk_pin) and u_chord_detector/score_mem_reg[4][17]/D (clocked by sys_clk_pin). Large setup violations at the end of those stages might be difficult to fix during the post-placement implementation flow and could be the result of non-optimal XDC constraints or non-optimal design architecture
Related violations: <none>

TIMING-16#119 Warning
Large setup violation  
There is a large setup violation of -2.045 ns between u_chord_detector/c4_bin33_reg[2]/C (clocked by sys_clk_pin) and u_chord_detector/score_mem_reg[0][14]/D (clocked by sys_clk_pin). Large setup violations at the end of those stages might be difficult to fix during the post-placement implementation flow and could be the result of non-optimal XDC constraints or non-optimal design architecture
Related violations: <none>

TIMING-16#120 Warning
Large setup violation  
There is a large setup violation of -2.048 ns between u_chord_detector/c4_bin33_reg[2]/C (clocked by sys_clk_pin) and u_chord_detector/score_mem_reg[3][25]/D (clocked by sys_clk_pin). Large setup violations at the end of those stages might be difficult to fix during the post-placement implementation flow and could be the result of non-optimal XDC constraints or non-optimal design architecture
Related violations: <none>

TIMING-16#121 Warning
Large setup violation  
There is a large setup violation of -2.055 ns between u_chord_detector/c4_bin33_reg[2]/C (clocked by sys_clk_pin) and u_chord_detector/score_mem_reg[11][1]/D (clocked by sys_clk_pin). Large setup violations at the end of those stages might be difficult to fix during the post-placement implementation flow and could be the result of non-optimal XDC constraints or non-optimal design architecture
Related violations: <none>

TIMING-16#122 Warning
Large setup violation  
There is a large setup violation of -2.055 ns between u_chord_detector/c4_bin33_reg[2]/C (clocked by sys_clk_pin) and u_chord_detector/score_mem_reg[5][2]/D (clocked by sys_clk_pin). Large setup violations at the end of those stages might be difficult to fix during the post-placement implementation flow and could be the result of non-optimal XDC constraints or non-optimal design architecture
Related violations: <none>

TIMING-16#123 Warning
Large setup violation  
There is a large setup violation of -2.055 ns between u_chord_detector/c4_bin33_reg[2]/C (clocked by sys_clk_pin) and u_chord_detector/score_mem_reg[8][14]/D (clocked by sys_clk_pin). Large setup violations at the end of those stages might be difficult to fix during the post-placement implementation flow and could be the result of non-optimal XDC constraints or non-optimal design architecture
Related violations: <none>

TIMING-16#124 Warning
Large setup violation  
There is a large setup violation of -2.056 ns between u_chord_detector/c4_bin33_reg[2]/C (clocked by sys_clk_pin) and u_chord_detector/score_mem_reg[11][21]/D (clocked by sys_clk_pin). Large setup violations at the end of those stages might be difficult to fix during the post-placement implementation flow and could be the result of non-optimal XDC constraints or non-optimal design architecture
Related violations: <none>

TIMING-16#125 Warning
Large setup violation  
There is a large setup violation of -2.057 ns between u_chord_detector/c4_bin33_reg[2]/C (clocked by sys_clk_pin) and u_chord_detector/score_mem_reg[2][6]/D (clocked by sys_clk_pin). Large setup violations at the end of those stages might be difficult to fix during the post-placement implementation flow and could be the result of non-optimal XDC constraints or non-optimal design architecture
Related violations: <none>

TIMING-16#126 Warning
Large setup violation  
There is a large setup violation of -2.059 ns between u_chord_detector/c4_bin33_reg[2]/C (clocked by sys_clk_pin) and u_chord_detector/score_mem_reg[3][15]/D (clocked by sys_clk_pin). Large setup violations at the end of those stages might be difficult to fix during the post-placement implementation flow and could be the result of non-optimal XDC constraints or non-optimal design architecture
Related violations: <none>

TIMING-16#127 Warning
Large setup violation  
There is a large setup violation of -2.065 ns between u_chord_detector/c4_bin33_reg[2]/C (clocked by sys_clk_pin) and u_chord_detector/score_mem_reg[4][15]/D (clocked by sys_clk_pin). Large setup violations at the end of those stages might be difficult to fix during the post-placement implementation flow and could be the result of non-optimal XDC constraints or non-optimal design architecture
Related violations: <none>

TIMING-16#128 Warning
Large setup violation  
There is a large setup violation of -2.068 ns between u_chord_detector/c4_bin33_reg[2]/C (clocked by sys_clk_pin) and u_chord_detector/score_mem_reg[9][8]/D (clocked by sys_clk_pin). Large setup violations at the end of those stages might be difficult to fix during the post-placement implementation flow and could be the result of non-optimal XDC constraints or non-optimal design architecture
Related violations: <none>

TIMING-16#129 Warning
Large setup violation  
There is a large setup violation of -2.069 ns between u_chord_detector/c4_bin33_reg[2]/C (clocked by sys_clk_pin) and u_chord_detector/score_mem_reg[11][14]/D (clocked by sys_clk_pin). Large setup violations at the end of those stages might be difficult to fix during the post-placement implementation flow and could be the result of non-optimal XDC constraints or non-optimal design architecture
Related violations: <none>

TIMING-16#130 Warning
Large setup violation  
There is a large setup violation of -2.070 ns between u_chord_detector/c4_bin33_reg[2]/C (clocked by sys_clk_pin) and u_chord_detector/score_mem_reg[0][13]/D (clocked by sys_clk_pin). Large setup violations at the end of those stages might be difficult to fix during the post-placement implementation flow and could be the result of non-optimal XDC constraints or non-optimal design architecture
Related violations: <none>

TIMING-16#131 Warning
Large setup violation  
There is a large setup violation of -2.071 ns between u_chord_detector/c4_bin33_reg[2]/C (clocked by sys_clk_pin) and u_chord_detector/score_mem_reg[9][3]/D (clocked by sys_clk_pin). Large setup violations at the end of those stages might be difficult to fix during the post-placement implementation flow and could be the result of non-optimal XDC constraints or non-optimal design architecture
Related violations: <none>

TIMING-16#132 Warning
Large setup violation  
There is a large setup violation of -2.073 ns between u_chord_detector/c4_bin33_reg[2]/C (clocked by sys_clk_pin) and u_chord_detector/score_mem_reg[12][15]/D (clocked by sys_clk_pin). Large setup violations at the end of those stages might be difficult to fix during the post-placement implementation flow and could be the result of non-optimal XDC constraints or non-optimal design architecture
Related violations: <none>

TIMING-16#133 Warning
Large setup violation  
There is a large setup violation of -2.073 ns between u_chord_detector/c4_bin33_reg[2]/C (clocked by sys_clk_pin) and u_chord_detector/score_mem_reg[5][4]/D (clocked by sys_clk_pin). Large setup violations at the end of those stages might be difficult to fix during the post-placement implementation flow and could be the result of non-optimal XDC constraints or non-optimal design architecture
Related violations: <none>

TIMING-16#134 Warning
Large setup violation  
There is a large setup violation of -2.077 ns between u_chord_detector/c4_bin33_reg[2]/C (clocked by sys_clk_pin) and u_chord_detector/score_mem_reg[1][17]/D (clocked by sys_clk_pin). Large setup violations at the end of those stages might be difficult to fix during the post-placement implementation flow and could be the result of non-optimal XDC constraints or non-optimal design architecture
Related violations: <none>

TIMING-16#135 Warning
Large setup violation  
There is a large setup violation of -2.077 ns between u_chord_detector/c4_bin33_reg[2]/C (clocked by sys_clk_pin) and u_chord_detector/score_mem_reg[5][9]/D (clocked by sys_clk_pin). Large setup violations at the end of those stages might be difficult to fix during the post-placement implementation flow and could be the result of non-optimal XDC constraints or non-optimal design architecture
Related violations: <none>

TIMING-16#136 Warning
Large setup violation  
There is a large setup violation of -2.085 ns between u_chord_detector/c4_bin33_reg[2]/C (clocked by sys_clk_pin) and u_chord_detector/score_mem_reg[12][4]/D (clocked by sys_clk_pin). Large setup violations at the end of those stages might be difficult to fix during the post-placement implementation flow and could be the result of non-optimal XDC constraints or non-optimal design architecture
Related violations: <none>

TIMING-16#137 Warning
Large setup violation  
There is a large setup violation of -2.087 ns between u_chord_detector/c4_bin33_reg[2]/C (clocked by sys_clk_pin) and u_chord_detector/score_mem_reg[12][5]/D (clocked by sys_clk_pin). Large setup violations at the end of those stages might be difficult to fix during the post-placement implementation flow and could be the result of non-optimal XDC constraints or non-optimal design architecture
Related violations: <none>

TIMING-16#138 Warning
Large setup violation  
There is a large setup violation of -2.088 ns between u_chord_detector/c4_bin33_reg[2]/C (clocked by sys_clk_pin) and u_chord_detector/score_mem_reg[6][13]/D (clocked by sys_clk_pin). Large setup violations at the end of those stages might be difficult to fix during the post-placement implementation flow and could be the result of non-optimal XDC constraints or non-optimal design architecture
Related violations: <none>

TIMING-16#139 Warning
Large setup violation  
There is a large setup violation of -2.090 ns between u_chord_detector/c4_bin33_reg[2]/C (clocked by sys_clk_pin) and u_chord_detector/score_mem_reg[2][26]/D (clocked by sys_clk_pin). Large setup violations at the end of those stages might be difficult to fix during the post-placement implementation flow and could be the result of non-optimal XDC constraints or non-optimal design architecture
Related violations: <none>

TIMING-16#140 Warning
Large setup violation  
There is a large setup violation of -2.095 ns between u_chord_detector/c4_bin33_reg[2]/C (clocked by sys_clk_pin) and u_chord_detector/score_mem_reg[9][14]/D (clocked by sys_clk_pin). Large setup violations at the end of those stages might be difficult to fix during the post-placement implementation flow and could be the result of non-optimal XDC constraints or non-optimal design architecture
Related violations: <none>

TIMING-16#141 Warning
Large setup violation  
There is a large setup violation of -2.097 ns between u_chord_detector/c4_bin33_reg[2]/C (clocked by sys_clk_pin) and u_chord_detector/score_mem_reg[9][4]/D (clocked by sys_clk_pin). Large setup violations at the end of those stages might be difficult to fix during the post-placement implementation flow and could be the result of non-optimal XDC constraints or non-optimal design architecture
Related violations: <none>

TIMING-16#142 Warning
Large setup violation  
There is a large setup violation of -2.098 ns between u_chord_detector/c4_bin33_reg[2]/C (clocked by sys_clk_pin) and u_chord_detector/score_mem_reg[9][13]/D (clocked by sys_clk_pin). Large setup violations at the end of those stages might be difficult to fix during the post-placement implementation flow and could be the result of non-optimal XDC constraints or non-optimal design architecture
Related violations: <none>

TIMING-16#143 Warning
Large setup violation  
There is a large setup violation of -2.099 ns between u_chord_detector/c4_bin33_reg[2]/C (clocked by sys_clk_pin) and u_chord_detector/score_mem_reg[8][6]/D (clocked by sys_clk_pin). Large setup violations at the end of those stages might be difficult to fix during the post-placement implementation flow and could be the result of non-optimal XDC constraints or non-optimal design architecture
Related violations: <none>

TIMING-16#144 Warning
Large setup violation  
There is a large setup violation of -2.101 ns between u_chord_detector/c4_bin33_reg[2]/C (clocked by sys_clk_pin) and u_chord_detector/score_mem_reg[1][8]/D (clocked by sys_clk_pin). Large setup violations at the end of those stages might be difficult to fix during the post-placement implementation flow and could be the result of non-optimal XDC constraints or non-optimal design architecture
Related violations: <none>

TIMING-16#145 Warning
Large setup violation  
There is a large setup violation of -2.103 ns between u_chord_detector/c4_bin33_reg[2]/C (clocked by sys_clk_pin) and u_chord_detector/score_mem_reg[1][13]/D (clocked by sys_clk_pin). Large setup violations at the end of those stages might be difficult to fix during the post-placement implementation flow and could be the result of non-optimal XDC constraints or non-optimal design architecture
Related violations: <none>

TIMING-16#146 Warning
Large setup violation  
There is a large setup violation of -2.104 ns between u_chord_detector/c4_bin33_reg[2]/C (clocked by sys_clk_pin) and u_chord_detector/score_mem_reg[5][1]/D (clocked by sys_clk_pin). Large setup violations at the end of those stages might be difficult to fix during the post-placement implementation flow and could be the result of non-optimal XDC constraints or non-optimal design architecture
Related violations: <none>

TIMING-16#147 Warning
Large setup violation  
There is a large setup violation of -2.105 ns between u_chord_detector/c4_bin33_reg[2]/C (clocked by sys_clk_pin) and u_chord_detector/score_mem_reg[11][9]/D (clocked by sys_clk_pin). Large setup violations at the end of those stages might be difficult to fix during the post-placement implementation flow and could be the result of non-optimal XDC constraints or non-optimal design architecture
Related violations: <none>

TIMING-16#148 Warning
Large setup violation  
There is a large setup violation of -2.105 ns between u_chord_detector/c4_bin33_reg[2]/C (clocked by sys_clk_pin) and u_chord_detector/score_mem_reg[2][4]/D (clocked by sys_clk_pin). Large setup violations at the end of those stages might be difficult to fix during the post-placement implementation flow and could be the result of non-optimal XDC constraints or non-optimal design architecture
Related violations: <none>

TIMING-16#149 Warning
Large setup violation  
There is a large setup violation of -2.105 ns between u_chord_detector/c4_bin33_reg[2]/C (clocked by sys_clk_pin) and u_chord_detector/valid_mem_reg[12]/D (clocked by sys_clk_pin). Large setup violations at the end of those stages might be difficult to fix during the post-placement implementation flow and could be the result of non-optimal XDC constraints or non-optimal design architecture
Related violations: <none>

TIMING-16#150 Warning
Large setup violation  
There is a large setup violation of -2.106 ns between u_chord_detector/c4_bin33_reg[2]/C (clocked by sys_clk_pin) and u_chord_detector/score_mem_reg[0][9]/D (clocked by sys_clk_pin). Large setup violations at the end of those stages might be difficult to fix during the post-placement implementation flow and could be the result of non-optimal XDC constraints or non-optimal design architecture
Related violations: <none>

TIMING-16#151 Warning
Large setup violation  
There is a large setup violation of -2.106 ns between u_chord_detector/c4_bin33_reg[2]/C (clocked by sys_clk_pin) and u_chord_detector/score_mem_reg[9][9]/D (clocked by sys_clk_pin). Large setup violations at the end of those stages might be difficult to fix during the post-placement implementation flow and could be the result of non-optimal XDC constraints or non-optimal design architecture
Related violations: <none>

TIMING-16#152 Warning
Large setup violation  
There is a large setup violation of -2.108 ns between u_chord_detector/c4_bin33_reg[2]/C (clocked by sys_clk_pin) and u_chord_detector/score_mem_reg[10][6]/D (clocked by sys_clk_pin). Large setup violations at the end of those stages might be difficult to fix during the post-placement implementation flow and could be the result of non-optimal XDC constraints or non-optimal design architecture
Related violations: <none>

TIMING-16#153 Warning
Large setup violation  
There is a large setup violation of -2.108 ns between u_chord_detector/c4_bin33_reg[2]/C (clocked by sys_clk_pin) and u_chord_detector/score_mem_reg[6][1]/D (clocked by sys_clk_pin). Large setup violations at the end of those stages might be difficult to fix during the post-placement implementation flow and could be the result of non-optimal XDC constraints or non-optimal design architecture
Related violations: <none>

TIMING-16#154 Warning
Large setup violation  
There is a large setup violation of -2.110 ns between u_chord_detector/c4_bin33_reg[2]/C (clocked by sys_clk_pin) and u_chord_detector/score_mem_reg[2][9]/D (clocked by sys_clk_pin). Large setup violations at the end of those stages might be difficult to fix during the post-placement implementation flow and could be the result of non-optimal XDC constraints or non-optimal design architecture
Related violations: <none>

TIMING-16#155 Warning
Large setup violation  
There is a large setup violation of -2.113 ns between u_chord_detector/c4_bin33_reg[2]/C (clocked by sys_clk_pin) and u_chord_detector/score_mem_reg[10][27]/D (clocked by sys_clk_pin). Large setup violations at the end of those stages might be difficult to fix during the post-placement implementation flow and could be the result of non-optimal XDC constraints or non-optimal design architecture
Related violations: <none>

TIMING-16#156 Warning
Large setup violation  
There is a large setup violation of -2.118 ns between u_chord_detector/c4_bin33_reg[2]/C (clocked by sys_clk_pin) and u_chord_detector/score_mem_reg[10][26]/D (clocked by sys_clk_pin). Large setup violations at the end of those stages might be difficult to fix during the post-placement implementation flow and could be the result of non-optimal XDC constraints or non-optimal design architecture
Related violations: <none>

TIMING-16#157 Warning
Large setup violation  
There is a large setup violation of -2.120 ns between u_chord_detector/c4_bin33_reg[2]/C (clocked by sys_clk_pin) and u_chord_detector/score_mem_reg[11][15]/D (clocked by sys_clk_pin). Large setup violations at the end of those stages might be difficult to fix during the post-placement implementation flow and could be the result of non-optimal XDC constraints or non-optimal design architecture
Related violations: <none>

TIMING-16#158 Warning
Large setup violation  
There is a large setup violation of -2.121 ns between u_chord_detector/c4_bin33_reg[2]/C (clocked by sys_clk_pin) and u_chord_detector/score_mem_reg[11][13]/D (clocked by sys_clk_pin). Large setup violations at the end of those stages might be difficult to fix during the post-placement implementation flow and could be the result of non-optimal XDC constraints or non-optimal design architecture
Related violations: <none>

TIMING-16#159 Warning
Large setup violation  
There is a large setup violation of -2.122 ns between u_chord_detector/c4_bin33_reg[2]/C (clocked by sys_clk_pin) and u_chord_detector/score_mem_reg[8][26]/D (clocked by sys_clk_pin). Large setup violations at the end of those stages might be difficult to fix during the post-placement implementation flow and could be the result of non-optimal XDC constraints or non-optimal design architecture
Related violations: <none>

TIMING-16#160 Warning
Large setup violation  
There is a large setup violation of -2.125 ns between u_chord_detector/c4_bin33_reg[2]/C (clocked by sys_clk_pin) and u_chord_detector/score_mem_reg[4][8]/D (clocked by sys_clk_pin). Large setup violations at the end of those stages might be difficult to fix during the post-placement implementation flow and could be the result of non-optimal XDC constraints or non-optimal design architecture
Related violations: <none>

TIMING-16#161 Warning
Large setup violation  
There is a large setup violation of -2.128 ns between u_chord_detector/c4_bin33_reg[2]/C (clocked by sys_clk_pin) and u_chord_detector/score_mem_reg[1][10]/D (clocked by sys_clk_pin). Large setup violations at the end of those stages might be difficult to fix during the post-placement implementation flow and could be the result of non-optimal XDC constraints or non-optimal design architecture
Related violations: <none>

TIMING-16#162 Warning
Large setup violation  
There is a large setup violation of -2.128 ns between u_chord_detector/c4_bin33_reg[2]/C (clocked by sys_clk_pin) and u_chord_detector/score_mem_reg[4][12]/D (clocked by sys_clk_pin). Large setup violations at the end of those stages might be difficult to fix during the post-placement implementation flow and could be the result of non-optimal XDC constraints or non-optimal design architecture
Related violations: <none>

TIMING-16#163 Warning
Large setup violation  
There is a large setup violation of -2.128 ns between u_chord_detector/c4_bin33_reg[2]/C (clocked by sys_clk_pin) and u_chord_detector/valid_mem_reg[7]/D (clocked by sys_clk_pin). Large setup violations at the end of those stages might be difficult to fix during the post-placement implementation flow and could be the result of non-optimal XDC constraints or non-optimal design architecture
Related violations: <none>

TIMING-16#164 Warning
Large setup violation  
There is a large setup violation of -2.130 ns between u_chord_detector/c4_bin33_reg[2]/C (clocked by sys_clk_pin) and u_chord_detector/score_mem_reg[6][24]/D (clocked by sys_clk_pin). Large setup violations at the end of those stages might be difficult to fix during the post-placement implementation flow and could be the result of non-optimal XDC constraints or non-optimal design architecture
Related violations: <none>

TIMING-16#165 Warning
Large setup violation  
There is a large setup violation of -2.130 ns between u_chord_detector/c4_bin33_reg[2]/C (clocked by sys_clk_pin) and u_chord_detector/valid_mem_reg[3]/D (clocked by sys_clk_pin). Large setup violations at the end of those stages might be difficult to fix during the post-placement implementation flow and could be the result of non-optimal XDC constraints or non-optimal design architecture
Related violations: <none>

TIMING-16#166 Warning
Large setup violation  
There is a large setup violation of -2.131 ns between u_chord_detector/c4_bin33_reg[2]/C (clocked by sys_clk_pin) and u_chord_detector/score_mem_reg[10][14]/D (clocked by sys_clk_pin). Large setup violations at the end of those stages might be difficult to fix during the post-placement implementation flow and could be the result of non-optimal XDC constraints or non-optimal design architecture
Related violations: <none>

TIMING-16#167 Warning
Large setup violation  
There is a large setup violation of -2.133 ns between u_chord_detector/c4_bin33_reg[2]/C (clocked by sys_clk_pin) and u_chord_detector/score_mem_reg[5][19]/D (clocked by sys_clk_pin). Large setup violations at the end of those stages might be difficult to fix during the post-placement implementation flow and could be the result of non-optimal XDC constraints or non-optimal design architecture
Related violations: <none>

TIMING-16#168 Warning
Large setup violation  
There is a large setup violation of -2.135 ns between u_chord_detector/c4_bin33_reg[2]/C (clocked by sys_clk_pin) and u_chord_detector/score_mem_reg[5][5]/D (clocked by sys_clk_pin). Large setup violations at the end of those stages might be difficult to fix during the post-placement implementation flow and could be the result of non-optimal XDC constraints or non-optimal design architecture
Related violations: <none>

TIMING-16#169 Warning
Large setup violation  
There is a large setup violation of -2.138 ns between u_chord_detector/c4_bin33_reg[2]/C (clocked by sys_clk_pin) and u_chord_detector/valid_mem_reg[1]/D (clocked by sys_clk_pin). Large setup violations at the end of those stages might be difficult to fix during the post-placement implementation flow and could be the result of non-optimal XDC constraints or non-optimal design architecture
Related violations: <none>

TIMING-16#170 Warning
Large setup violation  
There is a large setup violation of -2.140 ns between u_chord_detector/c4_bin33_reg[2]/C (clocked by sys_clk_pin) and u_chord_detector/score_mem_reg[9][12]/D (clocked by sys_clk_pin). Large setup violations at the end of those stages might be difficult to fix during the post-placement implementation flow and could be the result of non-optimal XDC constraints or non-optimal design architecture
Related violations: <none>

TIMING-16#171 Warning
Large setup violation  
There is a large setup violation of -2.142 ns between u_chord_detector/c4_bin33_reg[2]/C (clocked by sys_clk_pin) and u_chord_detector/score_mem_reg[8][13]/D (clocked by sys_clk_pin). Large setup violations at the end of those stages might be difficult to fix during the post-placement implementation flow and could be the result of non-optimal XDC constraints or non-optimal design architecture
Related violations: <none>

TIMING-16#172 Warning
Large setup violation  
There is a large setup violation of -2.143 ns between u_chord_detector/c4_bin33_reg[2]/C (clocked by sys_clk_pin) and u_chord_detector/score_mem_reg[5][14]/D (clocked by sys_clk_pin). Large setup violations at the end of those stages might be difficult to fix during the post-placement implementation flow and could be the result of non-optimal XDC constraints or non-optimal design architecture
Related violations: <none>

TIMING-16#173 Warning
Large setup violation  
There is a large setup violation of -2.146 ns between u_chord_detector/c4_bin33_reg[2]/C (clocked by sys_clk_pin) and u_chord_detector/score_mem_reg[8][8]/D (clocked by sys_clk_pin). Large setup violations at the end of those stages might be difficult to fix during the post-placement implementation flow and could be the result of non-optimal XDC constraints or non-optimal design architecture
Related violations: <none>

TIMING-16#174 Warning
Large setup violation  
There is a large setup violation of -2.149 ns between u_chord_detector/c4_bin33_reg[2]/C (clocked by sys_clk_pin) and u_chord_detector/score_mem_reg[7][20]/D (clocked by sys_clk_pin). Large setup violations at the end of those stages might be difficult to fix during the post-placement implementation flow and could be the result of non-optimal XDC constraints or non-optimal design architecture
Related violations: <none>

TIMING-16#175 Warning
Large setup violation  
There is a large setup violation of -2.150 ns between u_chord_detector/c4_bin33_reg[2]/C (clocked by sys_clk_pin) and u_chord_detector/score_mem_reg[0][10]/D (clocked by sys_clk_pin). Large setup violations at the end of those stages might be difficult to fix during the post-placement implementation flow and could be the result of non-optimal XDC constraints or non-optimal design architecture
Related violations: <none>

TIMING-16#176 Warning
Large setup violation  
There is a large setup violation of -2.152 ns between u_chord_detector/c4_bin33_reg[2]/C (clocked by sys_clk_pin) and u_chord_detector/score_mem_reg[12][21]/D (clocked by sys_clk_pin). Large setup violations at the end of those stages might be difficult to fix during the post-placement implementation flow and could be the result of non-optimal XDC constraints or non-optimal design architecture
Related violations: <none>

TIMING-16#177 Warning
Large setup violation  
There is a large setup violation of -2.152 ns between u_chord_detector/c4_bin33_reg[2]/C (clocked by sys_clk_pin) and u_chord_detector/score_mem_reg[1][12]/D (clocked by sys_clk_pin). Large setup violations at the end of those stages might be difficult to fix during the post-placement implementation flow and could be the result of non-optimal XDC constraints or non-optimal design architecture
Related violations: <none>

TIMING-16#178 Warning
Large setup violation  
There is a large setup violation of -2.153 ns between u_chord_detector/c4_bin33_reg[2]/C (clocked by sys_clk_pin) and u_chord_detector/score_mem_reg[3][10]/D (clocked by sys_clk_pin). Large setup violations at the end of those stages might be difficult to fix during the post-placement implementation flow and could be the result of non-optimal XDC constraints or non-optimal design architecture
Related violations: <none>

TIMING-16#179 Warning
Large setup violation  
There is a large setup violation of -2.154 ns between u_chord_detector/c4_bin33_reg[2]/C (clocked by sys_clk_pin) and u_chord_detector/score_mem_reg[8][4]/D (clocked by sys_clk_pin). Large setup violations at the end of those stages might be difficult to fix during the post-placement implementation flow and could be the result of non-optimal XDC constraints or non-optimal design architecture
Related violations: <none>

TIMING-16#180 Warning
Large setup violation  
There is a large setup violation of -2.155 ns between u_chord_detector/c4_bin33_reg[2]/C (clocked by sys_clk_pin) and u_chord_detector/score_mem_reg[4][21]/D (clocked by sys_clk_pin). Large setup violations at the end of those stages might be difficult to fix during the post-placement implementation flow and could be the result of non-optimal XDC constraints or non-optimal design architecture
Related violations: <none>

TIMING-16#181 Warning
Large setup violation  
There is a large setup violation of -2.155 ns between u_chord_detector/c4_bin33_reg[2]/C (clocked by sys_clk_pin) and u_chord_detector/valid_mem_reg[9]/D (clocked by sys_clk_pin). Large setup violations at the end of those stages might be difficult to fix during the post-placement implementation flow and could be the result of non-optimal XDC constraints or non-optimal design architecture
Related violations: <none>

TIMING-16#182 Warning
Large setup violation  
There is a large setup violation of -2.158 ns between u_chord_detector/c4_bin33_reg[2]/C (clocked by sys_clk_pin) and u_chord_detector/valid_mem_reg[4]/D (clocked by sys_clk_pin). Large setup violations at the end of those stages might be difficult to fix during the post-placement implementation flow and could be the result of non-optimal XDC constraints or non-optimal design architecture
Related violations: <none>

TIMING-16#183 Warning
Large setup violation  
There is a large setup violation of -2.162 ns between u_chord_detector/c4_bin33_reg[2]/C (clocked by sys_clk_pin) and u_chord_detector/score_mem_reg[1][21]/D (clocked by sys_clk_pin). Large setup violations at the end of those stages might be difficult to fix during the post-placement implementation flow and could be the result of non-optimal XDC constraints or non-optimal design architecture
Related violations: <none>

TIMING-16#184 Warning
Large setup violation  
There is a large setup violation of -2.163 ns between u_chord_detector/c4_bin33_reg[2]/C (clocked by sys_clk_pin) and u_chord_detector/score_mem_reg[12][12]/D (clocked by sys_clk_pin). Large setup violations at the end of those stages might be difficult to fix during the post-placement implementation flow and could be the result of non-optimal XDC constraints or non-optimal design architecture
Related violations: <none>

TIMING-16#185 Warning
Large setup violation  
There is a large setup violation of -2.165 ns between u_chord_detector/c4_bin33_reg[2]/C (clocked by sys_clk_pin) and u_chord_detector/score_mem_reg[6][18]/D (clocked by sys_clk_pin). Large setup violations at the end of those stages might be difficult to fix during the post-placement implementation flow and could be the result of non-optimal XDC constraints or non-optimal design architecture
Related violations: <none>

TIMING-16#186 Warning
Large setup violation  
There is a large setup violation of -2.166 ns between u_chord_detector/c4_bin33_reg[2]/C (clocked by sys_clk_pin) and u_chord_detector/valid_mem_reg[10]/D (clocked by sys_clk_pin). Large setup violations at the end of those stages might be difficult to fix during the post-placement implementation flow and could be the result of non-optimal XDC constraints or non-optimal design architecture
Related violations: <none>

TIMING-16#187 Warning
Large setup violation  
There is a large setup violation of -2.167 ns between u_chord_detector/c4_bin33_reg[2]/C (clocked by sys_clk_pin) and u_chord_detector/score_mem_reg[7][16]/D (clocked by sys_clk_pin). Large setup violations at the end of those stages might be difficult to fix during the post-placement implementation flow and could be the result of non-optimal XDC constraints or non-optimal design architecture
Related violations: <none>

TIMING-16#188 Warning
Large setup violation  
There is a large setup violation of -2.170 ns between u_chord_detector/c4_bin33_reg[2]/C (clocked by sys_clk_pin) and u_chord_detector/valid_mem_reg[5]/D (clocked by sys_clk_pin). Large setup violations at the end of those stages might be difficult to fix during the post-placement implementation flow and could be the result of non-optimal XDC constraints or non-optimal design architecture
Related violations: <none>

TIMING-16#189 Warning
Large setup violation  
There is a large setup violation of -2.172 ns between u_chord_detector/c4_bin33_reg[2]/C (clocked by sys_clk_pin) and u_chord_detector/score_mem_reg[5][12]/D (clocked by sys_clk_pin). Large setup violations at the end of those stages might be difficult to fix during the post-placement implementation flow and could be the result of non-optimal XDC constraints or non-optimal design architecture
Related violations: <none>

TIMING-16#190 Warning
Large setup violation  
There is a large setup violation of -2.174 ns between u_chord_detector/c4_bin33_reg[2]/C (clocked by sys_clk_pin) and u_chord_detector/score_mem_reg[1][15]/D (clocked by sys_clk_pin). Large setup violations at the end of those stages might be difficult to fix during the post-placement implementation flow and could be the result of non-optimal XDC constraints or non-optimal design architecture
Related violations: <none>

TIMING-16#191 Warning
Large setup violation  
There is a large setup violation of -2.176 ns between u_chord_detector/c4_bin33_reg[2]/C (clocked by sys_clk_pin) and u_chord_detector/score_mem_reg[10][12]/D (clocked by sys_clk_pin). Large setup violations at the end of those stages might be difficult to fix during the post-placement implementation flow and could be the result of non-optimal XDC constraints or non-optimal design architecture
Related violations: <none>

TIMING-16#192 Warning
Large setup violation  
There is a large setup violation of -2.179 ns between u_chord_detector/c4_bin33_reg[2]/C (clocked by sys_clk_pin) and u_chord_detector/score_mem_reg[7][10]/D (clocked by sys_clk_pin). Large setup violations at the end of those stages might be difficult to fix during the post-placement implementation flow and could be the result of non-optimal XDC constraints or non-optimal design architecture
Related violations: <none>

TIMING-16#193 Warning
Large setup violation  
There is a large setup violation of -2.180 ns between u_chord_detector/c4_bin33_reg[2]/C (clocked by sys_clk_pin) and u_chord_detector/score_mem_reg[5][25]/D (clocked by sys_clk_pin). Large setup violations at the end of those stages might be difficult to fix during the post-placement implementation flow and could be the result of non-optimal XDC constraints or non-optimal design architecture
Related violations: <none>

TIMING-16#194 Warning
Large setup violation  
There is a large setup violation of -2.183 ns between u_chord_detector/c4_bin33_reg[2]/C (clocked by sys_clk_pin) and u_chord_detector/score_mem_reg[0][17]/D (clocked by sys_clk_pin). Large setup violations at the end of those stages might be difficult to fix during the post-placement implementation flow and could be the result of non-optimal XDC constraints or non-optimal design architecture
Related violations: <none>

TIMING-16#195 Warning
Large setup violation  
There is a large setup violation of -2.183 ns between u_chord_detector/c4_bin33_reg[2]/C (clocked by sys_clk_pin) and u_chord_detector/score_mem_reg[10][9]/D (clocked by sys_clk_pin). Large setup violations at the end of those stages might be difficult to fix during the post-placement implementation flow and could be the result of non-optimal XDC constraints or non-optimal design architecture
Related violations: <none>

TIMING-16#196 Warning
Large setup violation  
There is a large setup violation of -2.183 ns between u_chord_detector/c4_bin33_reg[2]/C (clocked by sys_clk_pin) and u_chord_detector/score_mem_reg[11][8]/D (clocked by sys_clk_pin). Large setup violations at the end of those stages might be difficult to fix during the post-placement implementation flow and could be the result of non-optimal XDC constraints or non-optimal design architecture
Related violations: <none>

TIMING-16#197 Warning
Large setup violation  
There is a large setup violation of -2.183 ns between u_chord_detector/c4_bin33_reg[2]/C (clocked by sys_clk_pin) and u_chord_detector/score_mem_reg[12][6]/D (clocked by sys_clk_pin). Large setup violations at the end of those stages might be difficult to fix during the post-placement implementation flow and could be the result of non-optimal XDC constraints or non-optimal design architecture
Related violations: <none>

TIMING-16#198 Warning
Large setup violation  
There is a large setup violation of -2.184 ns between u_chord_detector/c4_bin33_reg[2]/C (clocked by sys_clk_pin) and u_chord_detector/score_mem_reg[8][5]/D (clocked by sys_clk_pin). Large setup violations at the end of those stages might be difficult to fix during the post-placement implementation flow and could be the result of non-optimal XDC constraints or non-optimal design architecture
Related violations: <none>

TIMING-16#199 Warning
Large setup violation  
There is a large setup violation of -2.185 ns between u_chord_detector/c4_bin33_reg[2]/C (clocked by sys_clk_pin) and u_chord_detector/score_mem_reg[11][26]/D (clocked by sys_clk_pin). Large setup violations at the end of those stages might be difficult to fix during the post-placement implementation flow and could be the result of non-optimal XDC constraints or non-optimal design architecture
Related violations: <none>

TIMING-16#200 Warning
Large setup violation  
There is a large setup violation of -2.186 ns between u_chord_detector/c4_bin33_reg[2]/C (clocked by sys_clk_pin) and u_chord_detector/score_mem_reg[4][4]/D (clocked by sys_clk_pin). Large setup violations at the end of those stages might be difficult to fix during the post-placement implementation flow and could be the result of non-optimal XDC constraints or non-optimal design architecture
Related violations: <none>

TIMING-16#201 Warning
Large setup violation  
There is a large setup violation of -2.187 ns between u_chord_detector/c4_bin33_reg[2]/C (clocked by sys_clk_pin) and u_chord_detector/score_mem_reg[12][10]/D (clocked by sys_clk_pin). Large setup violations at the end of those stages might be difficult to fix during the post-placement implementation flow and could be the result of non-optimal XDC constraints or non-optimal design architecture
Related violations: <none>

TIMING-16#202 Warning
Large setup violation  
There is a large setup violation of -2.187 ns between u_chord_detector/c4_bin33_reg[2]/C (clocked by sys_clk_pin) and u_chord_detector/score_mem_reg[2][13]/D (clocked by sys_clk_pin). Large setup violations at the end of those stages might be difficult to fix during the post-placement implementation flow and could be the result of non-optimal XDC constraints or non-optimal design architecture
Related violations: <none>

TIMING-16#203 Warning
Large setup violation  
There is a large setup violation of -2.188 ns between u_chord_detector/c4_bin33_reg[2]/C (clocked by sys_clk_pin) and u_chord_detector/score_mem_reg[11][12]/D (clocked by sys_clk_pin). Large setup violations at the end of those stages might be difficult to fix during the post-placement implementation flow and could be the result of non-optimal XDC constraints or non-optimal design architecture
Related violations: <none>

TIMING-16#204 Warning
Large setup violation  
There is a large setup violation of -2.190 ns between u_chord_detector/c4_bin33_reg[2]/C (clocked by sys_clk_pin) and u_chord_detector/score_mem_reg[12][3]/D (clocked by sys_clk_pin). Large setup violations at the end of those stages might be difficult to fix during the post-placement implementation flow and could be the result of non-optimal XDC constraints or non-optimal design architecture
Related violations: <none>

TIMING-16#205 Warning
Large setup violation  
There is a large setup violation of -2.190 ns between u_chord_detector/c4_bin33_reg[2]/C (clocked by sys_clk_pin) and u_chord_detector/score_mem_reg[6][10]/D (clocked by sys_clk_pin). Large setup violations at the end of those stages might be difficult to fix during the post-placement implementation flow and could be the result of non-optimal XDC constraints or non-optimal design architecture
Related violations: <none>

TIMING-16#206 Warning
Large setup violation  
There is a large setup violation of -2.191 ns between u_chord_detector/c4_bin33_reg[2]/C (clocked by sys_clk_pin) and u_chord_detector/score_mem_reg[6][20]/D (clocked by sys_clk_pin). Large setup violations at the end of those stages might be difficult to fix during the post-placement implementation flow and could be the result of non-optimal XDC constraints or non-optimal design architecture
Related violations: <none>

TIMING-16#207 Warning
Large setup violation  
There is a large setup violation of -2.193 ns between u_chord_detector/held_idx1_reg[0]/C (clocked by sys_clk_pin) and u_chord_detector/note2_reg[3]/D (clocked by sys_clk_pin). Large setup violations at the end of those stages might be difficult to fix during the post-placement implementation flow and could be the result of non-optimal XDC constraints or non-optimal design architecture
Related violations: <none>

TIMING-16#208 Warning
Large setup violation  
There is a large setup violation of -2.195 ns between u_chord_detector/c4_bin33_reg[2]/C (clocked by sys_clk_pin) and u_chord_detector/score_mem_reg[2][20]/D (clocked by sys_clk_pin). Large setup violations at the end of those stages might be difficult to fix during the post-placement implementation flow and could be the result of non-optimal XDC constraints or non-optimal design architecture
Related violations: <none>

TIMING-16#209 Warning
Large setup violation  
There is a large setup violation of -2.196 ns between u_chord_detector/c4_bin33_reg[2]/C (clocked by sys_clk_pin) and u_chord_detector/score_mem_reg[3][4]/D (clocked by sys_clk_pin). Large setup violations at the end of those stages might be difficult to fix during the post-placement implementation flow and could be the result of non-optimal XDC constraints or non-optimal design architecture
Related violations: <none>

TIMING-16#210 Warning
Large setup violation  
There is a large setup violation of -2.196 ns between u_chord_detector/c4_bin33_reg[2]/C (clocked by sys_clk_pin) and u_chord_detector/score_mem_reg[7][3]/D (clocked by sys_clk_pin). Large setup violations at the end of those stages might be difficult to fix during the post-placement implementation flow and could be the result of non-optimal XDC constraints or non-optimal design architecture
Related violations: <none>

TIMING-16#211 Warning
Large setup violation  
There is a large setup violation of -2.198 ns between u_chord_detector/c4_bin33_reg[2]/C (clocked by sys_clk_pin) and u_chord_detector/score_mem_reg[7][5]/D (clocked by sys_clk_pin). Large setup violations at the end of those stages might be difficult to fix during the post-placement implementation flow and could be the result of non-optimal XDC constraints or non-optimal design architecture
Related violations: <none>

TIMING-16#212 Warning
Large setup violation  
There is a large setup violation of -2.199 ns between u_chord_detector/c4_bin33_reg[2]/C (clocked by sys_clk_pin) and u_chord_detector/score_mem_reg[10][21]/D (clocked by sys_clk_pin). Large setup violations at the end of those stages might be difficult to fix during the post-placement implementation flow and could be the result of non-optimal XDC constraints or non-optimal design architecture
Related violations: <none>

TIMING-16#213 Warning
Large setup violation  
There is a large setup violation of -2.199 ns between u_chord_detector/c4_bin33_reg[2]/C (clocked by sys_clk_pin) and u_chord_detector/score_mem_reg[2][17]/D (clocked by sys_clk_pin). Large setup violations at the end of those stages might be difficult to fix during the post-placement implementation flow and could be the result of non-optimal XDC constraints or non-optimal design architecture
Related violations: <none>

TIMING-16#214 Warning
Large setup violation  
There is a large setup violation of -2.199 ns between u_chord_detector/held_idx1_reg[0]/C (clocked by sys_clk_pin) and u_chord_detector/level_pair_seen_reg/D (clocked by sys_clk_pin). Large setup violations at the end of those stages might be difficult to fix during the post-placement implementation flow and could be the result of non-optimal XDC constraints or non-optimal design architecture
Related violations: <none>

TIMING-16#215 Warning
Large setup violation  
There is a large setup violation of -2.202 ns between u_chord_detector/c4_bin33_reg[2]/C (clocked by sys_clk_pin) and u_chord_detector/score_mem_reg[2][27]/D (clocked by sys_clk_pin). Large setup violations at the end of those stages might be difficult to fix during the post-placement implementation flow and could be the result of non-optimal XDC constraints or non-optimal design architecture
Related violations: <none>

TIMING-16#216 Warning
Large setup violation  
There is a large setup violation of -2.202 ns between u_chord_detector/c4_bin33_reg[2]/C (clocked by sys_clk_pin) and u_chord_detector/score_mem_reg[4][11]/D (clocked by sys_clk_pin). Large setup violations at the end of those stages might be difficult to fix during the post-placement implementation flow and could be the result of non-optimal XDC constraints or non-optimal design architecture
Related violations: <none>

TIMING-16#217 Warning
Large setup violation  
There is a large setup violation of -2.204 ns between u_chord_detector/c4_bin33_reg[2]/C (clocked by sys_clk_pin) and u_chord_detector/score_mem_reg[1][3]/D (clocked by sys_clk_pin). Large setup violations at the end of those stages might be difficult to fix during the post-placement implementation flow and could be the result of non-optimal XDC constraints or non-optimal design architecture
Related violations: <none>

TIMING-16#218 Warning
Large setup violation  
There is a large setup violation of -2.206 ns between u_chord_detector/c4_bin33_reg[2]/C (clocked by sys_clk_pin) and u_chord_detector/score_mem_reg[9][5]/D (clocked by sys_clk_pin). Large setup violations at the end of those stages might be difficult to fix during the post-placement implementation flow and could be the result of non-optimal XDC constraints or non-optimal design architecture
Related violations: <none>

TIMING-16#219 Warning
Large setup violation  
There is a large setup violation of -2.209 ns between u_chord_detector/c4_bin33_reg[2]/C (clocked by sys_clk_pin) and u_chord_detector/score_mem_reg[7][8]/D (clocked by sys_clk_pin). Large setup violations at the end of those stages might be difficult to fix during the post-placement implementation flow and could be the result of non-optimal XDC constraints or non-optimal design architecture
Related violations: <none>

TIMING-16#220 Warning
Large setup violation  
There is a large setup violation of -2.209 ns between u_chord_detector/held_idx1_reg[0]/C (clocked by sys_clk_pin) and u_chord_detector/note2_reg[2]/D (clocked by sys_clk_pin). Large setup violations at the end of those stages might be difficult to fix during the post-placement implementation flow and could be the result of non-optimal XDC constraints or non-optimal design architecture
Related violations: <none>

TIMING-16#221 Warning
Large setup violation  
There is a large setup violation of -2.211 ns between u_chord_detector/c4_bin33_reg[2]/C (clocked by sys_clk_pin) and u_chord_detector/score_mem_reg[3][13]/D (clocked by sys_clk_pin). Large setup violations at the end of those stages might be difficult to fix during the post-placement implementation flow and could be the result of non-optimal XDC constraints or non-optimal design architecture
Related violations: <none>

TIMING-16#222 Warning
Large setup violation  
There is a large setup violation of -2.211 ns between u_chord_detector/c4_bin33_reg[2]/C (clocked by sys_clk_pin) and u_chord_detector/score_mem_reg[8][18]/D (clocked by sys_clk_pin). Large setup violations at the end of those stages might be difficult to fix during the post-placement implementation flow and could be the result of non-optimal XDC constraints or non-optimal design architecture
Related violations: <none>

TIMING-16#223 Warning
Large setup violation  
There is a large setup violation of -2.211 ns between u_chord_detector/held_idx1_reg[0]/C (clocked by sys_clk_pin) and u_chord_detector/note1_reg[3]/D (clocked by sys_clk_pin). Large setup violations at the end of those stages might be difficult to fix during the post-placement implementation flow and could be the result of non-optimal XDC constraints or non-optimal design architecture
Related violations: <none>

TIMING-16#224 Warning
Large setup violation  
There is a large setup violation of -2.213 ns between u_chord_detector/c4_bin33_reg[2]/C (clocked by sys_clk_pin) and u_chord_detector/score_mem_reg[3][5]/D (clocked by sys_clk_pin). Large setup violations at the end of those stages might be difficult to fix during the post-placement implementation flow and could be the result of non-optimal XDC constraints or non-optimal design architecture
Related violations: <none>

TIMING-16#225 Warning
Large setup violation  
There is a large setup violation of -2.215 ns between u_chord_detector/c4_bin33_reg[2]/C (clocked by sys_clk_pin) and u_chord_detector/score_mem_reg[5][10]/D (clocked by sys_clk_pin). Large setup violations at the end of those stages might be difficult to fix during the post-placement implementation flow and could be the result of non-optimal XDC constraints or non-optimal design architecture
Related violations: <none>

TIMING-16#226 Warning
Large setup violation  
There is a large setup violation of -2.215 ns between u_chord_detector/c4_bin33_reg[2]/C (clocked by sys_clk_pin) and u_chord_detector/score_mem_reg[6][5]/D (clocked by sys_clk_pin). Large setup violations at the end of those stages might be difficult to fix during the post-placement implementation flow and could be the result of non-optimal XDC constraints or non-optimal design architecture
Related violations: <none>

TIMING-16#227 Warning
Large setup violation  
There is a large setup violation of -2.216 ns between u_chord_detector/c4_bin33_reg[2]/C (clocked by sys_clk_pin) and u_chord_detector/score_mem_reg[11][18]/D (clocked by sys_clk_pin). Large setup violations at the end of those stages might be difficult to fix during the post-placement implementation flow and could be the result of non-optimal XDC constraints or non-optimal design architecture
Related violations: <none>

TIMING-16#228 Warning
Large setup violation  
There is a large setup violation of -2.216 ns between u_chord_detector/c4_bin33_reg[2]/C (clocked by sys_clk_pin) and u_chord_detector/score_mem_reg[2][5]/D (clocked by sys_clk_pin). Large setup violations at the end of those stages might be difficult to fix during the post-placement implementation flow and could be the result of non-optimal XDC constraints or non-optimal design architecture
Related violations: <none>

TIMING-16#229 Warning
Large setup violation  
There is a large setup violation of -2.217 ns between u_chord_detector/c4_bin33_reg[2]/C (clocked by sys_clk_pin) and u_chord_detector/score_mem_reg[12][11]/D (clocked by sys_clk_pin). Large setup violations at the end of those stages might be difficult to fix during the post-placement implementation flow and could be the result of non-optimal XDC constraints or non-optimal design architecture
Related violations: <none>

TIMING-16#230 Warning
Large setup violation  
There is a large setup violation of -2.218 ns between u_chord_detector/c4_bin33_reg[2]/C (clocked by sys_clk_pin) and u_chord_detector/score_mem_reg[6][14]/D (clocked by sys_clk_pin). Large setup violations at the end of those stages might be difficult to fix during the post-placement implementation flow and could be the result of non-optimal XDC constraints or non-optimal design architecture
Related violations: <none>

TIMING-16#231 Warning
Large setup violation  
There is a large setup violation of -2.219 ns between u_chord_detector/c4_bin33_reg[2]/C (clocked by sys_clk_pin) and u_chord_detector/score_mem_reg[10][16]/D (clocked by sys_clk_pin). Large setup violations at the end of those stages might be difficult to fix during the post-placement implementation flow and could be the result of non-optimal XDC constraints or non-optimal design architecture
Related violations: <none>

TIMING-16#232 Warning
Large setup violation  
There is a large setup violation of -2.221 ns between u_chord_detector/c4_bin33_reg[2]/C (clocked by sys_clk_pin) and u_chord_detector/score_mem_reg[5][3]/D (clocked by sys_clk_pin). Large setup violations at the end of those stages might be difficult to fix during the post-placement implementation flow and could be the result of non-optimal XDC constraints or non-optimal design architecture
Related violations: <none>

TIMING-16#233 Warning
Large setup violation  
There is a large setup violation of -2.223 ns between u_chord_detector/c4_bin33_reg[2]/C (clocked by sys_clk_pin) and u_chord_detector/score_mem_reg[5][17]/D (clocked by sys_clk_pin). Large setup violations at the end of those stages might be difficult to fix during the post-placement implementation flow and could be the result of non-optimal XDC constraints or non-optimal design architecture
Related violations: <none>

TIMING-16#234 Warning
Large setup violation  
There is a large setup violation of -2.225 ns between u_chord_detector/c4_bin33_reg[2]/C (clocked by sys_clk_pin) and u_chord_detector/score_mem_reg[4][3]/D (clocked by sys_clk_pin). Large setup violations at the end of those stages might be difficult to fix during the post-placement implementation flow and could be the result of non-optimal XDC constraints or non-optimal design architecture
Related violations: <none>

TIMING-16#235 Warning
Large setup violation  
There is a large setup violation of -2.229 ns between u_chord_detector/held_idx1_reg[0]/C (clocked by sys_clk_pin) and u_chord_detector/note1_reg[2]/D (clocked by sys_clk_pin). Large setup violations at the end of those stages might be difficult to fix during the post-placement implementation flow and could be the result of non-optimal XDC constraints or non-optimal design architecture
Related violations: <none>

TIMING-16#236 Warning
Large setup violation  
There is a large setup violation of -2.230 ns between u_chord_detector/c4_bin33_reg[2]/C (clocked by sys_clk_pin) and u_chord_detector/score_mem_reg[5][15]/D (clocked by sys_clk_pin). Large setup violations at the end of those stages might be difficult to fix during the post-placement implementation flow and could be the result of non-optimal XDC constraints or non-optimal design architecture
Related violations: <none>

TIMING-16#237 Warning
Large setup violation  
There is a large setup violation of -2.232 ns between u_chord_detector/c4_bin33_reg[2]/C (clocked by sys_clk_pin) and u_chord_detector/score_mem_reg[7][17]/D (clocked by sys_clk_pin). Large setup violations at the end of those stages might be difficult to fix during the post-placement implementation flow and could be the result of non-optimal XDC constraints or non-optimal design architecture
Related violations: <none>

TIMING-16#238 Warning
Large setup violation  
There is a large setup violation of -2.233 ns between u_chord_detector/c4_bin33_reg[2]/C (clocked by sys_clk_pin) and u_chord_detector/score_mem_reg[1][18]/D (clocked by sys_clk_pin). Large setup violations at the end of those stages might be difficult to fix during the post-placement implementation flow and could be the result of non-optimal XDC constraints or non-optimal design architecture
Related violations: <none>

TIMING-16#239 Warning
Large setup violation  
There is a large setup violation of -2.233 ns between u_chord_detector/c4_bin33_reg[2]/C (clocked by sys_clk_pin) and u_chord_detector/score_mem_reg[2][15]/D (clocked by sys_clk_pin). Large setup violations at the end of those stages might be difficult to fix during the post-placement implementation flow and could be the result of non-optimal XDC constraints or non-optimal design architecture
Related violations: <none>

TIMING-16#240 Warning
Large setup violation  
There is a large setup violation of -2.235 ns between u_chord_detector/c4_bin33_reg[2]/C (clocked by sys_clk_pin) and u_chord_detector/score_mem_reg[3][14]/D (clocked by sys_clk_pin). Large setup violations at the end of those stages might be difficult to fix during the post-placement implementation flow and could be the result of non-optimal XDC constraints or non-optimal design architecture
Related violations: <none>

TIMING-16#241 Warning
Large setup violation  
There is a large setup violation of -2.237 ns between u_chord_detector/c4_bin33_reg[2]/C (clocked by sys_clk_pin) and u_chord_detector/score_mem_reg[8][1]/D (clocked by sys_clk_pin). Large setup violations at the end of those stages might be difficult to fix during the post-placement implementation flow and could be the result of non-optimal XDC constraints or non-optimal design architecture
Related violations: <none>

TIMING-16#242 Warning
Large setup violation  
There is a large setup violation of -2.239 ns between u_chord_detector/c4_bin33_reg[2]/C (clocked by sys_clk_pin) and u_chord_detector/score_mem_reg[9][17]/D (clocked by sys_clk_pin). Large setup violations at the end of those stages might be difficult to fix during the post-placement implementation flow and could be the result of non-optimal XDC constraints or non-optimal design architecture
Related violations: <none>

TIMING-16#243 Warning
Large setup violation  
There is a large setup violation of -2.245 ns between u_chord_detector/c4_bin33_reg[2]/C (clocked by sys_clk_pin) and u_chord_detector/score_mem_reg[12][19]/D (clocked by sys_clk_pin). Large setup violations at the end of those stages might be difficult to fix during the post-placement implementation flow and could be the result of non-optimal XDC constraints or non-optimal design architecture
Related violations: <none>

TIMING-16#244 Warning
Large setup violation  
There is a large setup violation of -2.245 ns between u_chord_detector/c4_bin33_reg[2]/C (clocked by sys_clk_pin) and u_chord_detector/score_mem_reg[12][26]/D (clocked by sys_clk_pin). Large setup violations at the end of those stages might be difficult to fix during the post-placement implementation flow and could be the result of non-optimal XDC constraints or non-optimal design architecture
Related violations: <none>

TIMING-16#245 Warning
Large setup violation  
There is a large setup violation of -2.245 ns between u_chord_detector/c4_bin33_reg[2]/C (clocked by sys_clk_pin) and u_chord_detector/score_mem_reg[1][14]/D (clocked by sys_clk_pin). Large setup violations at the end of those stages might be difficult to fix during the post-placement implementation flow and could be the result of non-optimal XDC constraints or non-optimal design architecture
Related violations: <none>

TIMING-16#246 Warning
Large setup violation  
There is a large setup violation of -2.246 ns between u_chord_detector/c4_bin33_reg[2]/C (clocked by sys_clk_pin) and u_chord_detector/score_mem_reg[3][19]/D (clocked by sys_clk_pin). Large setup violations at the end of those stages might be difficult to fix during the post-placement implementation flow and could be the result of non-optimal XDC constraints or non-optimal design architecture
Related violations: <none>

TIMING-16#247 Warning
Large setup violation  
There is a large setup violation of -2.247 ns between u_chord_detector/c4_bin33_reg[2]/C (clocked by sys_clk_pin) and u_chord_detector/score_mem_reg[0][18]/D (clocked by sys_clk_pin). Large setup violations at the end of those stages might be difficult to fix during the post-placement implementation flow and could be the result of non-optimal XDC constraints or non-optimal design architecture
Related violations: <none>

TIMING-16#248 Warning
Large setup violation  
There is a large setup violation of -2.247 ns between u_chord_detector/c4_bin33_reg[2]/C (clocked by sys_clk_pin) and u_chord_detector/score_mem_reg[12][18]/D (clocked by sys_clk_pin). Large setup violations at the end of those stages might be difficult to fix during the post-placement implementation flow and could be the result of non-optimal XDC constraints or non-optimal design architecture
Related violations: <none>

TIMING-16#249 Warning
Large setup violation  
There is a large setup violation of -2.247 ns between u_chord_detector/c4_bin33_reg[2]/C (clocked by sys_clk_pin) and u_chord_detector/score_mem_reg[7][18]/D (clocked by sys_clk_pin). Large setup violations at the end of those stages might be difficult to fix during the post-placement implementation flow and could be the result of non-optimal XDC constraints or non-optimal design architecture
Related violations: <none>

TIMING-16#250 Warning
Large setup violation  
There is a large setup violation of -2.248 ns between u_chord_detector/c4_bin33_reg[2]/C (clocked by sys_clk_pin) and u_chord_detector/score_mem_reg[2][22]/D (clocked by sys_clk_pin). Large setup violations at the end of those stages might be difficult to fix during the post-placement implementation flow and could be the result of non-optimal XDC constraints or non-optimal design architecture
Related violations: <none>

TIMING-16#251 Warning
Large setup violation  
There is a large setup violation of -2.250 ns between u_chord_detector/c4_bin33_reg[2]/C (clocked by sys_clk_pin) and u_chord_detector/score_mem_reg[11][2]/D (clocked by sys_clk_pin). Large setup violations at the end of those stages might be difficult to fix during the post-placement implementation flow and could be the result of non-optimal XDC constraints or non-optimal design architecture
Related violations: <none>

TIMING-16#252 Warning
Large setup violation  
There is a large setup violation of -2.252 ns between u_chord_detector/c4_bin33_reg[2]/C (clocked by sys_clk_pin) and u_chord_detector/score_mem_reg[4][14]/D (clocked by sys_clk_pin). Large setup violations at the end of those stages might be difficult to fix during the post-placement implementation flow and could be the result of non-optimal XDC constraints or non-optimal design architecture
Related violations: <none>

TIMING-16#253 Warning
Large setup violation  
There is a large setup violation of -2.256 ns between u_chord_detector/c4_bin33_reg[2]/C (clocked by sys_clk_pin) and u_chord_detector/score_mem_reg[4][24]/D (clocked by sys_clk_pin). Large setup violations at the end of those stages might be difficult to fix during the post-placement implementation flow and could be the result of non-optimal XDC constraints or non-optimal design architecture
Related violations: <none>

TIMING-16#254 Warning
Large setup violation  
There is a large setup violation of -2.256 ns between u_detector/c4_bin34_reg[3]/C (clocked by sys_clk_pin) and u_detector/best_bin_reg[5]/CE (clocked by sys_clk_pin). Large setup violations at the end of those stages might be difficult to fix during the post-placement implementation flow and could be the result of non-optimal XDC constraints or non-optimal design architecture
Related violations: <none>

TIMING-16#255 Warning
Large setup violation  
There is a large setup violation of -2.256 ns between u_detector/c4_bin34_reg[3]/C (clocked by sys_clk_pin) and u_detector/best_bin_reg[6]/CE (clocked by sys_clk_pin). Large setup violations at the end of those stages might be difficult to fix during the post-placement implementation flow and could be the result of non-optimal XDC constraints or non-optimal design architecture
Related violations: <none>

TIMING-16#256 Warning
Large setup violation  
There is a large setup violation of -2.256 ns between u_detector/c4_bin34_reg[3]/C (clocked by sys_clk_pin) and u_detector/best_found_reg/CE (clocked by sys_clk_pin). Large setup violations at the end of those stages might be difficult to fix during the post-placement implementation flow and could be the result of non-optimal XDC constraints or non-optimal design architecture
Related violations: <none>

TIMING-16#257 Warning
Large setup violation  
There is a large setup violation of -2.256 ns between u_detector/c4_bin34_reg[3]/C (clocked by sys_clk_pin) and u_detector/best_h2_reg[21]/CE (clocked by sys_clk_pin). Large setup violations at the end of those stages might be difficult to fix during the post-placement implementation flow and could be the result of non-optimal XDC constraints or non-optimal design architecture
Related violations: <none>

TIMING-16#258 Warning
Large setup violation  
There is a large setup violation of -2.256 ns between u_detector/c4_bin34_reg[3]/C (clocked by sys_clk_pin) and u_detector/best_h3_reg[19]/CE (clocked by sys_clk_pin). Large setup violations at the end of those stages might be difficult to fix during the post-placement implementation flow and could be the result of non-optimal XDC constraints or non-optimal design architecture
Related violations: <none>

TIMING-16#259 Warning
Large setup violation  
There is a large setup violation of -2.256 ns between u_detector/c4_bin34_reg[3]/C (clocked by sys_clk_pin) and u_detector/best_h3_reg[22]/CE (clocked by sys_clk_pin). Large setup violations at the end of those stages might be difficult to fix during the post-placement implementation flow and could be the result of non-optimal XDC constraints or non-optimal design architecture
Related violations: <none>

TIMING-16#260 Warning
Large setup violation  
There is a large setup violation of -2.256 ns between u_detector/c4_bin34_reg[3]/C (clocked by sys_clk_pin) and u_detector/best_h3_reg[23]/CE (clocked by sys_clk_pin). Large setup violations at the end of those stages might be difficult to fix during the post-placement implementation flow and could be the result of non-optimal XDC constraints or non-optimal design architecture
Related violations: <none>

TIMING-16#261 Warning
Large setup violation  
There is a large setup violation of -2.257 ns between u_chord_detector/c4_bin33_reg[2]/C (clocked by sys_clk_pin) and u_chord_detector/score_mem_reg[1][4]/D (clocked by sys_clk_pin). Large setup violations at the end of those stages might be difficult to fix during the post-placement implementation flow and could be the result of non-optimal XDC constraints or non-optimal design architecture
Related violations: <none>

TIMING-16#262 Warning
Large setup violation  
There is a large setup violation of -2.257 ns between u_chord_detector/c4_bin33_reg[2]/C (clocked by sys_clk_pin) and u_chord_detector/score_mem_reg[9][16]/D (clocked by sys_clk_pin). Large setup violations at the end of those stages might be difficult to fix during the post-placement implementation flow and could be the result of non-optimal XDC constraints or non-optimal design architecture
Related violations: <none>

TIMING-16#263 Warning
Large setup violation  
There is a large setup violation of -2.258 ns between u_chord_detector/c4_bin33_reg[2]/C (clocked by sys_clk_pin) and u_chord_detector/score_mem_reg[12][9]/D (clocked by sys_clk_pin). Large setup violations at the end of those stages might be difficult to fix during the post-placement implementation flow and could be the result of non-optimal XDC constraints or non-optimal design architecture
Related violations: <none>

TIMING-16#264 Warning
Large setup violation  
There is a large setup violation of -2.258 ns between u_chord_detector/c4_bin33_reg[2]/C (clocked by sys_clk_pin) and u_chord_detector/score_mem_reg[2][18]/D (clocked by sys_clk_pin). Large setup violations at the end of those stages might be difficult to fix during the post-placement implementation flow and could be the result of non-optimal XDC constraints or non-optimal design architecture
Related violations: <none>

TIMING-16#265 Warning
Large setup violation  
There is a large setup violation of -2.259 ns between u_chord_detector/c4_bin33_reg[2]/C (clocked by sys_clk_pin) and u_chord_detector/score_mem_reg[3][18]/D (clocked by sys_clk_pin). Large setup violations at the end of those stages might be difficult to fix during the post-placement implementation flow and could be the result of non-optimal XDC constraints or non-optimal design architecture
Related violations: <none>

TIMING-16#266 Warning
Large setup violation  
There is a large setup violation of -2.261 ns between u_chord_detector/c4_bin33_reg[2]/C (clocked by sys_clk_pin) and u_chord_detector/score_mem_reg[12][24]/D (clocked by sys_clk_pin). Large setup violations at the end of those stages might be difficult to fix during the post-placement implementation flow and could be the result of non-optimal XDC constraints or non-optimal design architecture
Related violations: <none>

TIMING-16#267 Warning
Large setup violation  
There is a large setup violation of -2.262 ns between u_chord_detector/c4_bin33_reg[2]/C (clocked by sys_clk_pin) and u_chord_detector/score_mem_reg[9][26]/D (clocked by sys_clk_pin). Large setup violations at the end of those stages might be difficult to fix during the post-placement implementation flow and could be the result of non-optimal XDC constraints or non-optimal design architecture
Related violations: <none>

TIMING-16#268 Warning
Large setup violation  
There is a large setup violation of -2.263 ns between u_chord_detector/c4_bin33_reg[2]/C (clocked by sys_clk_pin) and u_chord_detector/valid_mem_reg[6]/D (clocked by sys_clk_pin). Large setup violations at the end of those stages might be difficult to fix during the post-placement implementation flow and could be the result of non-optimal XDC constraints or non-optimal design architecture
Related violations: <none>

TIMING-16#269 Warning
Large setup violation  
There is a large setup violation of -2.263 ns between u_detector/c4_bin34_reg[3]/C (clocked by sys_clk_pin) and u_detector/best_h2_reg[10]/CE (clocked by sys_clk_pin). Large setup violations at the end of those stages might be difficult to fix during the post-placement implementation flow and could be the result of non-optimal XDC constraints or non-optimal design architecture
Related violations: <none>

TIMING-16#270 Warning
Large setup violation  
There is a large setup violation of -2.263 ns between u_detector/c4_bin34_reg[3]/C (clocked by sys_clk_pin) and u_detector/best_h3_reg[15]/CE (clocked by sys_clk_pin). Large setup violations at the end of those stages might be difficult to fix during the post-placement implementation flow and could be the result of non-optimal XDC constraints or non-optimal design architecture
Related violations: <none>

TIMING-16#271 Warning
Large setup violation  
There is a large setup violation of -2.263 ns between u_detector/c4_bin34_reg[3]/C (clocked by sys_clk_pin) and u_detector/best_h3_reg[1]/CE (clocked by sys_clk_pin). Large setup violations at the end of those stages might be difficult to fix during the post-placement implementation flow and could be the result of non-optimal XDC constraints or non-optimal design architecture
Related violations: <none>

TIMING-16#272 Warning
Large setup violation  
There is a large setup violation of -2.263 ns between u_detector/c4_bin34_reg[3]/C (clocked by sys_clk_pin) and u_detector/best_h3_reg[6]/CE (clocked by sys_clk_pin). Large setup violations at the end of those stages might be difficult to fix during the post-placement implementation flow and could be the result of non-optimal XDC constraints or non-optimal design architecture
Related violations: <none>

TIMING-16#273 Warning
Large setup violation  
There is a large setup violation of -2.263 ns between u_detector/c4_bin34_reg[3]/C (clocked by sys_clk_pin) and u_detector/best_h3_reg[7]/CE (clocked by sys_clk_pin). Large setup violations at the end of those stages might be difficult to fix during the post-placement implementation flow and could be the result of non-optimal XDC constraints or non-optimal design architecture
Related violations: <none>

TIMING-16#274 Warning
Large setup violation  
There is a large setup violation of -2.264 ns between u_chord_detector/c4_bin33_reg[2]/C (clocked by sys_clk_pin) and u_chord_detector/score_mem_reg[10][1]/D (clocked by sys_clk_pin). Large setup violations at the end of those stages might be difficult to fix during the post-placement implementation flow and could be the result of non-optimal XDC constraints or non-optimal design architecture
Related violations: <none>

TIMING-16#275 Warning
Large setup violation  
There is a large setup violation of -2.264 ns between u_chord_detector/c4_bin33_reg[2]/C (clocked by sys_clk_pin) and u_chord_detector/score_mem_reg[2][1]/D (clocked by sys_clk_pin). Large setup violations at the end of those stages might be difficult to fix during the post-placement implementation flow and could be the result of non-optimal XDC constraints or non-optimal design architecture
Related violations: <none>

TIMING-16#276 Warning
Large setup violation  
There is a large setup violation of -2.265 ns between u_chord_detector/c4_bin33_reg[2]/C (clocked by sys_clk_pin) and u_chord_detector/score_mem_reg[5][26]/D (clocked by sys_clk_pin). Large setup violations at the end of those stages might be difficult to fix during the post-placement implementation flow and could be the result of non-optimal XDC constraints or non-optimal design architecture
Related violations: <none>

TIMING-16#277 Warning
Large setup violation  
There is a large setup violation of -2.268 ns between u_chord_detector/c4_bin33_reg[2]/C (clocked by sys_clk_pin) and u_chord_detector/score_mem_reg[3][6]/D (clocked by sys_clk_pin). Large setup violations at the end of those stages might be difficult to fix during the post-placement implementation flow and could be the result of non-optimal XDC constraints or non-optimal design architecture
Related violations: <none>

TIMING-16#278 Warning
Large setup violation  
There is a large setup violation of -2.268 ns between u_chord_detector/c4_bin33_reg[2]/C (clocked by sys_clk_pin) and u_chord_detector/score_mem_reg[8][16]/D (clocked by sys_clk_pin). Large setup violations at the end of those stages might be difficult to fix during the post-placement implementation flow and could be the result of non-optimal XDC constraints or non-optimal design architecture
Related violations: <none>

TIMING-16#279 Warning
Large setup violation  
There is a large setup violation of -2.270 ns between u_chord_detector/c4_bin33_reg[2]/C (clocked by sys_clk_pin) and u_chord_detector/score_mem_reg[1][16]/D (clocked by sys_clk_pin). Large setup violations at the end of those stages might be difficult to fix during the post-placement implementation flow and could be the result of non-optimal XDC constraints or non-optimal design architecture
Related violations: <none>

TIMING-16#280 Warning
Large setup violation  
There is a large setup violation of -2.270 ns between u_chord_detector/c4_bin33_reg[2]/C (clocked by sys_clk_pin) and u_chord_detector/score_mem_reg[3][26]/D (clocked by sys_clk_pin). Large setup violations at the end of those stages might be difficult to fix during the post-placement implementation flow and could be the result of non-optimal XDC constraints or non-optimal design architecture
Related violations: <none>

TIMING-16#281 Warning
Large setup violation  
There is a large setup violation of -2.270 ns between u_chord_detector/c4_bin33_reg[2]/C (clocked by sys_clk_pin) and u_chord_detector/score_mem_reg[7][15]/D (clocked by sys_clk_pin). Large setup violations at the end of those stages might be difficult to fix during the post-placement implementation flow and could be the result of non-optimal XDC constraints or non-optimal design architecture
Related violations: <none>

TIMING-16#282 Warning
Large setup violation  
There is a large setup violation of -2.271 ns between u_chord_detector/c4_bin33_reg[2]/C (clocked by sys_clk_pin) and u_chord_detector/score_mem_reg[8][10]/D (clocked by sys_clk_pin). Large setup violations at the end of those stages might be difficult to fix during the post-placement implementation flow and could be the result of non-optimal XDC constraints or non-optimal design architecture
Related violations: <none>

TIMING-16#283 Warning
Large setup violation  
There is a large setup violation of -2.282 ns between u_chord_detector/c4_bin33_reg[2]/C (clocked by sys_clk_pin) and u_chord_detector/score_mem_reg[0][15]/D (clocked by sys_clk_pin). Large setup violations at the end of those stages might be difficult to fix during the post-placement implementation flow and could be the result of non-optimal XDC constraints or non-optimal design architecture
Related violations: <none>

TIMING-16#284 Warning
Large setup violation  
There is a large setup violation of -2.282 ns between u_chord_detector/c4_bin33_reg[2]/C (clocked by sys_clk_pin) and u_chord_detector/score_mem_reg[6][26]/D (clocked by sys_clk_pin). Large setup violations at the end of those stages might be difficult to fix during the post-placement implementation flow and could be the result of non-optimal XDC constraints or non-optimal design architecture
Related violations: <none>

TIMING-16#285 Warning
Large setup violation  
There is a large setup violation of -2.283 ns between u_chord_detector/c4_bin33_reg[2]/C (clocked by sys_clk_pin) and u_chord_detector/score_mem_reg[1][24]/D (clocked by sys_clk_pin). Large setup violations at the end of those stages might be difficult to fix during the post-placement implementation flow and could be the result of non-optimal XDC constraints or non-optimal design architecture
Related violations: <none>

TIMING-16#286 Warning
Large setup violation  
There is a large setup violation of -2.284 ns between u_chord_detector/c4_bin33_reg[2]/C (clocked by sys_clk_pin) and u_chord_detector/score_mem_reg[12][13]/D (clocked by sys_clk_pin). Large setup violations at the end of those stages might be difficult to fix during the post-placement implementation flow and could be the result of non-optimal XDC constraints or non-optimal design architecture
Related violations: <none>

TIMING-16#287 Warning
Large setup violation  
There is a large setup violation of -2.286 ns between u_chord_detector/c4_bin33_reg[2]/C (clocked by sys_clk_pin) and u_chord_detector/score_mem_reg[5][21]/D (clocked by sys_clk_pin). Large setup violations at the end of those stages might be difficult to fix during the post-placement implementation flow and could be the result of non-optimal XDC constraints or non-optimal design architecture
Related violations: <none>

TIMING-16#288 Warning
Large setup violation  
There is a large setup violation of -2.289 ns between u_chord_detector/c4_bin33_reg[2]/C (clocked by sys_clk_pin) and u_chord_detector/score_mem_reg[1][27]/D (clocked by sys_clk_pin). Large setup violations at the end of those stages might be difficult to fix during the post-placement implementation flow and could be the result of non-optimal XDC constraints or non-optimal design architecture
Related violations: <none>

TIMING-16#289 Warning
Large setup violation  
There is a large setup violation of -2.292 ns between u_chord_detector/c4_bin33_reg[2]/C (clocked by sys_clk_pin) and u_chord_detector/score_mem_reg[4][9]/D (clocked by sys_clk_pin). Large setup violations at the end of those stages might be difficult to fix during the post-placement implementation flow and could be the result of non-optimal XDC constraints or non-optimal design architecture
Related violations: <none>

TIMING-16#290 Warning
Large setup violation  
There is a large setup violation of -2.294 ns between u_chord_detector/c4_bin33_reg[2]/C (clocked by sys_clk_pin) and u_chord_detector/score_mem_reg[2][24]/D (clocked by sys_clk_pin). Large setup violations at the end of those stages might be difficult to fix during the post-placement implementation flow and could be the result of non-optimal XDC constraints or non-optimal design architecture
Related violations: <none>

TIMING-16#291 Warning
Large setup violation  
There is a large setup violation of -2.295 ns between u_chord_detector/c4_bin33_reg[2]/C (clocked by sys_clk_pin) and u_chord_detector/score_mem_reg[7][26]/D (clocked by sys_clk_pin). Large setup violations at the end of those stages might be difficult to fix during the post-placement implementation flow and could be the result of non-optimal XDC constraints or non-optimal design architecture
Related violations: <none>

TIMING-16#292 Warning
Large setup violation  
There is a large setup violation of -2.297 ns between u_chord_detector/c4_bin33_reg[2]/C (clocked by sys_clk_pin) and u_chord_detector/score_mem_reg[10][3]/D (clocked by sys_clk_pin). Large setup violations at the end of those stages might be difficult to fix during the post-placement implementation flow and could be the result of non-optimal XDC constraints or non-optimal design architecture
Related violations: <none>

TIMING-16#293 Warning
Large setup violation  
There is a large setup violation of -2.298 ns between u_chord_detector/c4_bin33_reg[2]/C (clocked by sys_clk_pin) and u_chord_detector/score_mem_reg[10][18]/D (clocked by sys_clk_pin). Large setup violations at the end of those stages might be difficult to fix during the post-placement implementation flow and could be the result of non-optimal XDC constraints or non-optimal design architecture
Related violations: <none>

TIMING-16#294 Warning
Large setup violation  
There is a large setup violation of -2.301 ns between u_chord_detector/c4_bin33_reg[2]/C (clocked by sys_clk_pin) and u_chord_detector/score_mem_reg[6][15]/D (clocked by sys_clk_pin). Large setup violations at the end of those stages might be difficult to fix during the post-placement implementation flow and could be the result of non-optimal XDC constraints or non-optimal design architecture
Related violations: <none>

TIMING-16#295 Warning
Large setup violation  
There is a large setup violation of -2.306 ns between u_chord_detector/c4_bin33_reg[2]/C (clocked by sys_clk_pin) and u_chord_detector/score_mem_reg[0][26]/D (clocked by sys_clk_pin). Large setup violations at the end of those stages might be difficult to fix during the post-placement implementation flow and could be the result of non-optimal XDC constraints or non-optimal design architecture
Related violations: <none>

TIMING-16#296 Warning
Large setup violation  
There is a large setup violation of -2.306 ns between u_chord_detector/c4_bin33_reg[2]/C (clocked by sys_clk_pin) and u_chord_detector/score_mem_reg[4][18]/D (clocked by sys_clk_pin). Large setup violations at the end of those stages might be difficult to fix during the post-placement implementation flow and could be the result of non-optimal XDC constraints or non-optimal design architecture
Related violations: <none>

TIMING-16#297 Warning
Large setup violation  
There is a large setup violation of -2.308 ns between u_chord_detector/c4_bin33_reg[2]/C (clocked by sys_clk_pin) and u_chord_detector/score_mem_reg[1][26]/D (clocked by sys_clk_pin). Large setup violations at the end of those stages might be difficult to fix during the post-placement implementation flow and could be the result of non-optimal XDC constraints or non-optimal design architecture
Related violations: <none>

TIMING-16#298 Warning
Large setup violation  
There is a large setup violation of -2.309 ns between u_chord_detector/c4_bin33_reg[2]/C (clocked by sys_clk_pin) and u_chord_detector/score_mem_reg[4][16]/D (clocked by sys_clk_pin). Large setup violations at the end of those stages might be difficult to fix during the post-placement implementation flow and could be the result of non-optimal XDC constraints or non-optimal design architecture
Related violations: <none>

TIMING-16#299 Warning
Large setup violation  
There is a large setup violation of -2.309 ns between u_chord_detector/c4_bin33_reg[2]/C (clocked by sys_clk_pin) and u_chord_detector/score_mem_reg[6][16]/D (clocked by sys_clk_pin). Large setup violations at the end of those stages might be difficult to fix during the post-placement implementation flow and could be the result of non-optimal XDC constraints or non-optimal design architecture
Related violations: <none>

TIMING-16#300 Warning
Large setup violation  
There is a large setup violation of -2.309 ns between u_chord_detector/held_idx1_reg[0]/C (clocked by sys_clk_pin) and u_chord_detector/event_peak_reg[12]/D (clocked by sys_clk_pin). Large setup violations at the end of those stages might be difficult to fix during the post-placement implementation flow and could be the result of non-optimal XDC constraints or non-optimal design architecture
Related violations: <none>

TIMING-16#301 Warning
Large setup violation  
There is a large setup violation of -2.311 ns between u_chord_detector/c4_bin33_reg[2]/C (clocked by sys_clk_pin) and u_chord_detector/score_mem_reg[0][12]/D (clocked by sys_clk_pin). Large setup violations at the end of those stages might be difficult to fix during the post-placement implementation flow and could be the result of non-optimal XDC constraints or non-optimal design architecture
Related violations: <none>

TIMING-16#302 Warning
Large setup violation  
There is a large setup violation of -2.311 ns between u_chord_detector/c4_bin33_reg[2]/C (clocked by sys_clk_pin) and u_chord_detector/valid_mem_reg[2]/D (clocked by sys_clk_pin). Large setup violations at the end of those stages might be difficult to fix during the post-placement implementation flow and could be the result of non-optimal XDC constraints or non-optimal design architecture
Related violations: <none>

TIMING-16#303 Warning
Large setup violation  
There is a large setup violation of -2.314 ns between u_chord_detector/c4_bin33_reg[2]/C (clocked by sys_clk_pin) and u_chord_detector/score_mem_reg[0][16]/D (clocked by sys_clk_pin). Large setup violations at the end of those stages might be difficult to fix during the post-placement implementation flow and could be the result of non-optimal XDC constraints or non-optimal design architecture
Related violations: <none>

TIMING-16#304 Warning
Large setup violation  
There is a large setup violation of -2.316 ns between u_chord_detector/c4_bin33_reg[2]/C (clocked by sys_clk_pin) and u_chord_detector/score_mem_reg[10][5]/D (clocked by sys_clk_pin). Large setup violations at the end of those stages might be difficult to fix during the post-placement implementation flow and could be the result of non-optimal XDC constraints or non-optimal design architecture
Related violations: <none>

TIMING-16#305 Warning
Large setup violation  
There is a large setup violation of -2.316 ns between u_chord_detector/held_idx1_reg[0]/C (clocked by sys_clk_pin) and u_chord_detector/event_peak_reg[25]/D (clocked by sys_clk_pin). Large setup violations at the end of those stages might be difficult to fix during the post-placement implementation flow and could be the result of non-optimal XDC constraints or non-optimal design architecture
Related violations: <none>

TIMING-16#306 Warning
Large setup violation  
There is a large setup violation of -2.318 ns between u_chord_detector/c4_bin33_reg[2]/C (clocked by sys_clk_pin) and u_chord_detector/score_mem_reg[5][16]/D (clocked by sys_clk_pin). Large setup violations at the end of those stages might be difficult to fix during the post-placement implementation flow and could be the result of non-optimal XDC constraints or non-optimal design architecture
Related violations: <none>

TIMING-16#307 Warning
Large setup violation  
There is a large setup violation of -2.321 ns between u_chord_detector/c4_bin33_reg[2]/C (clocked by sys_clk_pin) and u_chord_detector/score_mem_reg[8][15]/D (clocked by sys_clk_pin). Large setup violations at the end of those stages might be difficult to fix during the post-placement implementation flow and could be the result of non-optimal XDC constraints or non-optimal design architecture
Related violations: <none>

TIMING-16#308 Warning
Large setup violation  
There is a large setup violation of -2.324 ns between u_chord_detector/c4_bin33_reg[2]/C (clocked by sys_clk_pin) and u_chord_detector/score_mem_reg[5][18]/D (clocked by sys_clk_pin). Large setup violations at the end of those stages might be difficult to fix during the post-placement implementation flow and could be the result of non-optimal XDC constraints or non-optimal design architecture
Related violations: <none>

TIMING-16#309 Warning
Large setup violation  
There is a large setup violation of -2.326 ns between u_chord_detector/c4_bin33_reg[2]/C (clocked by sys_clk_pin) and u_chord_detector/score_mem_reg[4][26]/D (clocked by sys_clk_pin). Large setup violations at the end of those stages might be difficult to fix during the post-placement implementation flow and could be the result of non-optimal XDC constraints or non-optimal design architecture
Related violations: <none>

TIMING-16#310 Warning
Large setup violation  
There is a large setup violation of -2.326 ns between u_detector/c4_bin34_reg[3]/C (clocked by sys_clk_pin) and u_detector/best_bin_reg[1]/CE (clocked by sys_clk_pin). Large setup violations at the end of those stages might be difficult to fix during the post-placement implementation flow and could be the result of non-optimal XDC constraints or non-optimal design architecture
Related violations: <none>

TIMING-16#311 Warning
Large setup violation  
There is a large setup violation of -2.326 ns between u_detector/c4_bin34_reg[3]/C (clocked by sys_clk_pin) and u_detector/best_bin_reg[2]/CE (clocked by sys_clk_pin). Large setup violations at the end of those stages might be difficult to fix during the post-placement implementation flow and could be the result of non-optimal XDC constraints or non-optimal design architecture
Related violations: <none>

TIMING-16#312 Warning
Large setup violation  
There is a large setup violation of -2.326 ns between u_detector/c4_bin34_reg[3]/C (clocked by sys_clk_pin) and u_detector/best_bin_reg[3]/CE (clocked by sys_clk_pin). Large setup violations at the end of those stages might be difficult to fix during the post-placement implementation flow and could be the result of non-optimal XDC constraints or non-optimal design architecture
Related violations: <none>

TIMING-16#313 Warning
Large setup violation  
There is a large setup violation of -2.326 ns between u_detector/c4_bin34_reg[3]/C (clocked by sys_clk_pin) and u_detector/best_bin_reg[4]/CE (clocked by sys_clk_pin). Large setup violations at the end of those stages might be difficult to fix during the post-placement implementation flow and could be the result of non-optimal XDC constraints or non-optimal design architecture
Related violations: <none>

TIMING-16#314 Warning
Large setup violation  
There is a large setup violation of -2.326 ns between u_detector/c4_bin34_reg[3]/C (clocked by sys_clk_pin) and u_detector/best_h2_reg[24]/CE (clocked by sys_clk_pin). Large setup violations at the end of those stages might be difficult to fix during the post-placement implementation flow and could be the result of non-optimal XDC constraints or non-optimal design architecture
Related violations: <none>

TIMING-16#315 Warning
Large setup violation  
There is a large setup violation of -2.326 ns between u_detector/c4_bin34_reg[3]/C (clocked by sys_clk_pin) and u_detector/best_h2_reg[26]/CE (clocked by sys_clk_pin). Large setup violations at the end of those stages might be difficult to fix during the post-placement implementation flow and could be the result of non-optimal XDC constraints or non-optimal design architecture
Related violations: <none>

TIMING-16#316 Warning
Large setup violation  
There is a large setup violation of -2.326 ns between u_detector/c4_bin34_reg[3]/C (clocked by sys_clk_pin) and u_detector/best_h3_reg[25]/CE (clocked by sys_clk_pin). Large setup violations at the end of those stages might be difficult to fix during the post-placement implementation flow and could be the result of non-optimal XDC constraints or non-optimal design architecture
Related violations: <none>

TIMING-16#317 Warning
Large setup violation  
There is a large setup violation of -2.329 ns between u_chord_detector/c4_bin33_reg[2]/C (clocked by sys_clk_pin) and u_chord_detector/score_mem_reg[11][3]/D (clocked by sys_clk_pin). Large setup violations at the end of those stages might be difficult to fix during the post-placement implementation flow and could be the result of non-optimal XDC constraints or non-optimal design architecture
Related violations: <none>

TIMING-16#318 Warning
Large setup violation  
There is a large setup violation of -2.329 ns between u_chord_detector/c4_bin33_reg[2]/C (clocked by sys_clk_pin) and u_chord_detector/score_mem_reg[2][3]/D (clocked by sys_clk_pin). Large setup violations at the end of those stages might be difficult to fix during the post-placement implementation flow and could be the result of non-optimal XDC constraints or non-optimal design architecture
Related violations: <none>

TIMING-16#319 Warning
Large setup violation  
There is a large setup violation of -2.331 ns between u_chord_detector/c4_bin33_reg[2]/C (clocked by sys_clk_pin) and u_chord_detector/score_mem_reg[3][3]/D (clocked by sys_clk_pin). Large setup violations at the end of those stages might be difficult to fix during the post-placement implementation flow and could be the result of non-optimal XDC constraints or non-optimal design architecture
Related violations: <none>

TIMING-16#320 Warning
Large setup violation  
There is a large setup violation of -2.335 ns between u_chord_detector/c4_bin33_reg[2]/C (clocked by sys_clk_pin) and u_chord_detector/score_mem_reg[0][19]/D (clocked by sys_clk_pin). Large setup violations at the end of those stages might be difficult to fix during the post-placement implementation flow and could be the result of non-optimal XDC constraints or non-optimal design architecture
Related violations: <none>

TIMING-16#321 Warning
Large setup violation  
There is a large setup violation of -2.340 ns between u_chord_detector/c4_bin33_reg[2]/C (clocked by sys_clk_pin) and u_chord_detector/score_mem_reg[11][15]_replica/D (clocked by sys_clk_pin). Large setup violations at the end of those stages might be difficult to fix during the post-placement implementation flow and could be the result of non-optimal XDC constraints or non-optimal design architecture
Related violations: <none>

TIMING-16#322 Warning
Large setup violation  
There is a large setup violation of -2.340 ns between u_chord_detector/c4_bin33_reg[2]/C (clocked by sys_clk_pin) and u_chord_detector/score_mem_reg[3][12]/D (clocked by sys_clk_pin). Large setup violations at the end of those stages might be difficult to fix during the post-placement implementation flow and could be the result of non-optimal XDC constraints or non-optimal design architecture
Related violations: <none>

TIMING-16#323 Warning
Large setup violation  
There is a large setup violation of -2.341 ns between u_chord_detector/c4_bin33_reg[2]/C (clocked by sys_clk_pin) and u_chord_detector/score_mem_reg[6][17]/D (clocked by sys_clk_pin). Large setup violations at the end of those stages might be difficult to fix during the post-placement implementation flow and could be the result of non-optimal XDC constraints or non-optimal design architecture
Related violations: <none>

TIMING-16#324 Warning
Large setup violation  
There is a large setup violation of -2.342 ns between u_chord_detector/c4_bin33_reg[2]/C (clocked by sys_clk_pin) and u_chord_detector/score_mem_reg[7][25]/D (clocked by sys_clk_pin). Large setup violations at the end of those stages might be difficult to fix during the post-placement implementation flow and could be the result of non-optimal XDC constraints or non-optimal design architecture
Related violations: <none>

TIMING-16#325 Warning
Large setup violation  
There is a large setup violation of -2.344 ns between u_chord_detector/c4_bin33_reg[2]/C (clocked by sys_clk_pin) and u_chord_detector/score_mem_reg[10][20]/D (clocked by sys_clk_pin). Large setup violations at the end of those stages might be difficult to fix during the post-placement implementation flow and could be the result of non-optimal XDC constraints or non-optimal design architecture
Related violations: <none>

TIMING-16#326 Warning
Large setup violation  
There is a large setup violation of -2.345 ns between u_chord_detector/c4_bin33_reg[2]/C (clocked by sys_clk_pin) and u_chord_detector/score_mem_reg[9][1]/D (clocked by sys_clk_pin). Large setup violations at the end of those stages might be difficult to fix during the post-placement implementation flow and could be the result of non-optimal XDC constraints or non-optimal design architecture
Related violations: <none>

TIMING-16#327 Warning
Large setup violation  
There is a large setup violation of -2.352 ns between u_chord_detector/c4_bin33_reg[2]/C (clocked by sys_clk_pin) and u_chord_detector/score_mem_reg[6][21]/D (clocked by sys_clk_pin). Large setup violations at the end of those stages might be difficult to fix during the post-placement implementation flow and could be the result of non-optimal XDC constraints or non-optimal design architecture
Related violations: <none>

TIMING-16#328 Warning
Large setup violation  
There is a large setup violation of -2.353 ns between u_chord_detector/c4_bin33_reg[2]/C (clocked by sys_clk_pin) and u_chord_detector/score_mem_reg[4][1]/D (clocked by sys_clk_pin). Large setup violations at the end of those stages might be difficult to fix during the post-placement implementation flow and could be the result of non-optimal XDC constraints or non-optimal design architecture
Related violations: <none>

TIMING-16#329 Warning
Large setup violation  
There is a large setup violation of -2.358 ns between u_detector/c4_bin34_reg[3]/C (clocked by sys_clk_pin) and u_detector/best_h2_reg[14]/CE (clocked by sys_clk_pin). Large setup violations at the end of those stages might be difficult to fix during the post-placement implementation flow and could be the result of non-optimal XDC constraints or non-optimal design architecture
Related violations: <none>

TIMING-16#330 Warning
Large setup violation  
There is a large setup violation of -2.358 ns between u_detector/c4_bin34_reg[3]/C (clocked by sys_clk_pin) and u_detector/best_h2_reg[19]/CE (clocked by sys_clk_pin). Large setup violations at the end of those stages might be difficult to fix during the post-placement implementation flow and could be the result of non-optimal XDC constraints or non-optimal design architecture
Related violations: <none>

TIMING-16#331 Warning
Large setup violation  
There is a large setup violation of -2.358 ns between u_detector/c4_bin34_reg[3]/C (clocked by sys_clk_pin) and u_detector/best_h3_reg[21]/CE (clocked by sys_clk_pin). Large setup violations at the end of those stages might be difficult to fix during the post-placement implementation flow and could be the result of non-optimal XDC constraints or non-optimal design architecture
Related violations: <none>

TIMING-16#332 Warning
Large setup violation  
There is a large setup violation of -2.361 ns between u_detector/c4_bin34_reg[3]/C (clocked by sys_clk_pin) and u_detector/best_h2_reg[16]/CE (clocked by sys_clk_pin). Large setup violations at the end of those stages might be difficult to fix during the post-placement implementation flow and could be the result of non-optimal XDC constraints or non-optimal design architecture
Related violations: <none>

TIMING-16#333 Warning
Large setup violation  
There is a large setup violation of -2.361 ns between u_detector/c4_bin34_reg[3]/C (clocked by sys_clk_pin) and u_detector/best_h2_reg[17]/CE (clocked by sys_clk_pin). Large setup violations at the end of those stages might be difficult to fix during the post-placement implementation flow and could be the result of non-optimal XDC constraints or non-optimal design architecture
Related violations: <none>

TIMING-16#334 Warning
Large setup violation  
There is a large setup violation of -2.361 ns between u_detector/c4_bin34_reg[3]/C (clocked by sys_clk_pin) and u_detector/best_h2_reg[18]/CE (clocked by sys_clk_pin). Large setup violations at the end of those stages might be difficult to fix during the post-placement implementation flow and could be the result of non-optimal XDC constraints or non-optimal design architecture
Related violations: <none>

TIMING-16#335 Warning
Large setup violation  
There is a large setup violation of -2.361 ns between u_detector/c4_bin34_reg[3]/C (clocked by sys_clk_pin) and u_detector/best_h3_reg[24]/CE (clocked by sys_clk_pin). Large setup violations at the end of those stages might be difficult to fix during the post-placement implementation flow and could be the result of non-optimal XDC constraints or non-optimal design architecture
Related violations: <none>

TIMING-16#336 Warning
Large setup violation  
There is a large setup violation of -2.364 ns between u_chord_detector/c4_bin33_reg[2]/C (clocked by sys_clk_pin) and u_chord_detector/score_mem_reg[1][1]/D (clocked by sys_clk_pin). Large setup violations at the end of those stages might be difficult to fix during the post-placement implementation flow and could be the result of non-optimal XDC constraints or non-optimal design architecture
Related violations: <none>

TIMING-16#337 Warning
Large setup violation  
There is a large setup violation of -2.367 ns between u_chord_detector/c4_bin33_reg[2]/C (clocked by sys_clk_pin) and u_chord_detector/score_mem_reg[2][12]/D (clocked by sys_clk_pin). Large setup violations at the end of those stages might be difficult to fix during the post-placement implementation flow and could be the result of non-optimal XDC constraints or non-optimal design architecture
Related violations: <none>

TIMING-16#338 Warning
Large setup violation  
There is a large setup violation of -2.370 ns between u_chord_detector/held_idx1_reg[0]/C (clocked by sys_clk_pin) and u_chord_detector/event_peak_reg[21]/D (clocked by sys_clk_pin). Large setup violations at the end of those stages might be difficult to fix during the post-placement implementation flow and could be the result of non-optimal XDC constraints or non-optimal design architecture
Related violations: <none>

TIMING-16#339 Warning
Large setup violation  
There is a large setup violation of -2.374 ns between u_chord_detector/c4_bin33_reg[2]/C (clocked by sys_clk_pin) and u_chord_detector/score_mem_reg[11][24]/D (clocked by sys_clk_pin). Large setup violations at the end of those stages might be difficult to fix during the post-placement implementation flow and could be the result of non-optimal XDC constraints or non-optimal design architecture
Related violations: <none>

TIMING-16#340 Warning
Large setup violation  
There is a large setup violation of -2.374 ns between u_chord_detector/c4_bin33_reg[2]/C (clocked by sys_clk_pin) and u_chord_detector/score_mem_reg[8][28]/D (clocked by sys_clk_pin). Large setup violations at the end of those stages might be difficult to fix during the post-placement implementation flow and could be the result of non-optimal XDC constraints or non-optimal design architecture
Related violations: <none>

TIMING-16#341 Warning
Large setup violation  
There is a large setup violation of -2.376 ns between u_chord_detector/c4_bin33_reg[2]/C (clocked by sys_clk_pin) and u_chord_detector/score_mem_reg[2][21]/D (clocked by sys_clk_pin). Large setup violations at the end of those stages might be difficult to fix during the post-placement implementation flow and could be the result of non-optimal XDC constraints or non-optimal design architecture
Related violations: <none>

TIMING-16#342 Warning
Large setup violation  
There is a large setup violation of -2.376 ns between u_chord_detector/c4_bin33_reg[2]/C (clocked by sys_clk_pin) and u_chord_detector/score_mem_reg[2][25]/D (clocked by sys_clk_pin). Large setup violations at the end of those stages might be difficult to fix during the post-placement implementation flow and could be the result of non-optimal XDC constraints or non-optimal design architecture
Related violations: <none>

TIMING-16#343 Warning
Large setup violation  
There is a large setup violation of -2.381 ns between u_chord_detector/c4_bin33_reg[2]/C (clocked by sys_clk_pin) and u_chord_detector/score_mem_reg[11][27]/D (clocked by sys_clk_pin). Large setup violations at the end of those stages might be difficult to fix during the post-placement implementation flow and could be the result of non-optimal XDC constraints or non-optimal design architecture
Related violations: <none>

TIMING-16#344 Warning
Large setup violation  
There is a large setup violation of -2.381 ns between u_chord_detector/c4_bin33_reg[2]/C (clocked by sys_clk_pin) and u_chord_detector/score_mem_reg[12][0]/D (clocked by sys_clk_pin). Large setup violations at the end of those stages might be difficult to fix during the post-placement implementation flow and could be the result of non-optimal XDC constraints or non-optimal design architecture
Related violations: <none>

TIMING-16#345 Warning
Large setup violation  
There is a large setup violation of -2.381 ns between u_chord_detector/c4_bin33_reg[2]/C (clocked by sys_clk_pin) and u_chord_detector/score_mem_reg[1][9]/D (clocked by sys_clk_pin). Large setup violations at the end of those stages might be difficult to fix during the post-placement implementation flow and could be the result of non-optimal XDC constraints or non-optimal design architecture
Related violations: <none>

TIMING-16#346 Warning
Large setup violation  
There is a large setup violation of -2.383 ns between u_chord_detector/c4_bin33_reg[2]/C (clocked by sys_clk_pin) and u_chord_detector/score_mem_reg[1][22]/D (clocked by sys_clk_pin). Large setup violations at the end of those stages might be difficult to fix during the post-placement implementation flow and could be the result of non-optimal XDC constraints or non-optimal design architecture
Related violations: <none>

TIMING-16#347 Warning
Large setup violation  
There is a large setup violation of -2.383 ns between u_chord_detector/c4_bin33_reg[2]/C (clocked by sys_clk_pin) and u_chord_detector/score_mem_reg[4][20]/D (clocked by sys_clk_pin). Large setup violations at the end of those stages might be difficult to fix during the post-placement implementation flow and could be the result of non-optimal XDC constraints or non-optimal design architecture
Related violations: <none>

TIMING-16#348 Warning
Large setup violation  
There is a large setup violation of -2.384 ns between u_chord_detector/c4_bin33_reg[2]/C (clocked by sys_clk_pin) and u_chord_detector/score_mem_reg[9][27]/D (clocked by sys_clk_pin). Large setup violations at the end of those stages might be difficult to fix during the post-placement implementation flow and could be the result of non-optimal XDC constraints or non-optimal design architecture
Related violations: <none>

TIMING-16#349 Warning
Large setup violation  
There is a large setup violation of -2.385 ns between u_chord_detector/c4_bin33_reg[2]/C (clocked by sys_clk_pin) and u_chord_detector/score_mem_reg[0][21]/D (clocked by sys_clk_pin). Large setup violations at the end of those stages might be difficult to fix during the post-placement implementation flow and could be the result of non-optimal XDC constraints or non-optimal design architecture
Related violations: <none>

TIMING-16#350 Warning
Large setup violation  
There is a large setup violation of -2.386 ns between u_chord_detector/c4_bin33_reg[2]/C (clocked by sys_clk_pin) and u_chord_detector/score_mem_reg[10][24]/D (clocked by sys_clk_pin). Large setup violations at the end of those stages might be difficult to fix during the post-placement implementation flow and could be the result of non-optimal XDC constraints or non-optimal design architecture
Related violations: <none>

TIMING-16#351 Warning
Large setup violation  
There is a large setup violation of -2.389 ns between u_chord_detector/c4_bin33_reg[2]/C (clocked by sys_clk_pin) and u_chord_detector/score_mem_reg[4][25]/D (clocked by sys_clk_pin). Large setup violations at the end of those stages might be difficult to fix during the post-placement implementation flow and could be the result of non-optimal XDC constraints or non-optimal design architecture
Related violations: <none>

TIMING-16#352 Warning
Large setup violation  
There is a large setup violation of -2.393 ns between u_chord_detector/c4_bin33_reg[2]/C (clocked by sys_clk_pin) and u_chord_detector/score_mem_reg[7][27]/D (clocked by sys_clk_pin). Large setup violations at the end of those stages might be difficult to fix during the post-placement implementation flow and could be the result of non-optimal XDC constraints or non-optimal design architecture
Related violations: <none>

TIMING-16#353 Warning
Large setup violation  
There is a large setup violation of -2.393 ns between u_chord_detector/c4_bin33_reg[2]/C (clocked by sys_clk_pin) and u_chord_detector/score_mem_reg[8][22]/D (clocked by sys_clk_pin). Large setup violations at the end of those stages might be difficult to fix during the post-placement implementation flow and could be the result of non-optimal XDC constraints or non-optimal design architecture
Related violations: <none>

TIMING-16#354 Warning
Large setup violation  
There is a large setup violation of -2.394 ns between u_chord_detector/held_idx1_reg[0]/C (clocked by sys_clk_pin) and u_chord_detector/event_peak_reg[17]/D (clocked by sys_clk_pin). Large setup violations at the end of those stages might be difficult to fix during the post-placement implementation flow and could be the result of non-optimal XDC constraints or non-optimal design architecture
Related violations: <none>

TIMING-16#355 Warning
Large setup violation  
There is a large setup violation of -2.396 ns between u_chord_detector/c4_bin33_reg[2]/C (clocked by sys_clk_pin) and u_chord_detector/score_mem_reg[9][0]/D (clocked by sys_clk_pin). Large setup violations at the end of those stages might be difficult to fix during the post-placement implementation flow and could be the result of non-optimal XDC constraints or non-optimal design architecture
Related violations: <none>

TIMING-16#356 Warning
Large setup violation  
There is a large setup violation of -2.397 ns between u_chord_detector/c4_bin33_reg[2]/C (clocked by sys_clk_pin) and u_chord_detector/score_mem_reg[11][16]/D (clocked by sys_clk_pin). Large setup violations at the end of those stages might be difficult to fix during the post-placement implementation flow and could be the result of non-optimal XDC constraints or non-optimal design architecture
Related violations: <none>

TIMING-16#357 Warning
Large setup violation  
There is a large setup violation of -2.399 ns between u_chord_detector/c4_bin33_reg[2]/C (clocked by sys_clk_pin) and u_chord_detector/score_mem_reg[3][16]/D (clocked by sys_clk_pin). Large setup violations at the end of those stages might be difficult to fix during the post-placement implementation flow and could be the result of non-optimal XDC constraints or non-optimal design architecture
Related violations: <none>

TIMING-16#358 Warning
Large setup violation  
There is a large setup violation of -2.400 ns between u_chord_detector/c4_bin33_reg[2]/C (clocked by sys_clk_pin) and u_chord_detector/score_mem_reg[10][15]/D (clocked by sys_clk_pin). Large setup violations at the end of those stages might be difficult to fix during the post-placement implementation flow and could be the result of non-optimal XDC constraints or non-optimal design architecture
Related violations: <none>

TIMING-16#359 Warning
Large setup violation  
There is a large setup violation of -2.403 ns between u_chord_detector/c4_bin33_reg[2]/C (clocked by sys_clk_pin) and u_chord_detector/score_mem_reg[10][25]/D (clocked by sys_clk_pin). Large setup violations at the end of those stages might be difficult to fix during the post-placement implementation flow and could be the result of non-optimal XDC constraints or non-optimal design architecture
Related violations: <none>

TIMING-16#360 Warning
Large setup violation  
There is a large setup violation of -2.405 ns between u_chord_detector/c4_bin33_reg[2]/C (clocked by sys_clk_pin) and u_chord_detector/score_mem_reg[9][22]/D (clocked by sys_clk_pin). Large setup violations at the end of those stages might be difficult to fix during the post-placement implementation flow and could be the result of non-optimal XDC constraints or non-optimal design architecture
Related violations: <none>

TIMING-16#361 Warning
Large setup violation  
There is a large setup violation of -2.407 ns between u_chord_detector/c4_bin33_reg[2]/C (clocked by sys_clk_pin) and u_chord_detector/score_mem_reg[9][18]/D (clocked by sys_clk_pin). Large setup violations at the end of those stages might be difficult to fix during the post-placement implementation flow and could be the result of non-optimal XDC constraints or non-optimal design architecture
Related violations: <none>

TIMING-16#362 Warning
Large setup violation  
There is a large setup violation of -2.410 ns between u_chord_detector/c4_bin33_reg[2]/C (clocked by sys_clk_pin) and u_chord_detector/score_mem_reg[8][24]/D (clocked by sys_clk_pin). Large setup violations at the end of those stages might be difficult to fix during the post-placement implementation flow and could be the result of non-optimal XDC constraints or non-optimal design architecture
Related violations: <none>

TIMING-16#363 Warning
Large setup violation  
There is a large setup violation of -2.411 ns between u_chord_detector/c4_bin33_reg[2]/C (clocked by sys_clk_pin) and u_chord_detector/score_mem_reg[7][22]/D (clocked by sys_clk_pin). Large setup violations at the end of those stages might be difficult to fix during the post-placement implementation flow and could be the result of non-optimal XDC constraints or non-optimal design architecture
Related violations: <none>

TIMING-16#364 Warning
Large setup violation  
There is a large setup violation of -2.412 ns between u_chord_detector/c4_bin33_reg[2]/C (clocked by sys_clk_pin) and u_chord_detector/score_mem_reg[9][15]/D (clocked by sys_clk_pin). Large setup violations at the end of those stages might be difficult to fix during the post-placement implementation flow and could be the result of non-optimal XDC constraints or non-optimal design architecture
Related violations: <none>

TIMING-16#365 Warning
Large setup violation  
There is a large setup violation of -2.419 ns between u_chord_detector/c4_bin33_reg[2]/C (clocked by sys_clk_pin) and u_chord_detector/score_mem_reg[9][21]/D (clocked by sys_clk_pin). Large setup violations at the end of those stages might be difficult to fix during the post-placement implementation flow and could be the result of non-optimal XDC constraints or non-optimal design architecture
Related violations: <none>

TIMING-16#366 Warning
Large setup violation  
There is a large setup violation of -2.422 ns between u_chord_detector/c4_bin33_reg[2]/C (clocked by sys_clk_pin) and u_chord_detector/score_mem_reg[6][27]/D (clocked by sys_clk_pin). Large setup violations at the end of those stages might be difficult to fix during the post-placement implementation flow and could be the result of non-optimal XDC constraints or non-optimal design architecture
Related violations: <none>

TIMING-16#367 Warning
Large setup violation  
There is a large setup violation of -2.423 ns between u_chord_detector/c4_bin33_reg[2]/C (clocked by sys_clk_pin) and u_chord_detector/score_mem_reg[10][22]/D (clocked by sys_clk_pin). Large setup violations at the end of those stages might be difficult to fix during the post-placement implementation flow and could be the result of non-optimal XDC constraints or non-optimal design architecture
Related violations: <none>

TIMING-16#368 Warning
Large setup violation  
There is a large setup violation of -2.425 ns between u_chord_detector/c4_bin33_reg[2]/C (clocked by sys_clk_pin) and u_chord_detector/score_mem_reg[2][19]/D (clocked by sys_clk_pin). Large setup violations at the end of those stages might be difficult to fix during the post-placement implementation flow and could be the result of non-optimal XDC constraints or non-optimal design architecture
Related violations: <none>

TIMING-16#369 Warning
Large setup violation  
There is a large setup violation of -2.426 ns between u_chord_detector/c4_bin33_reg[2]/C (clocked by sys_clk_pin) and u_chord_detector/score_mem_reg[12][25]/D (clocked by sys_clk_pin). Large setup violations at the end of those stages might be difficult to fix during the post-placement implementation flow and could be the result of non-optimal XDC constraints or non-optimal design architecture
Related violations: <none>

TIMING-16#370 Warning
Large setup violation  
There is a large setup violation of -2.426 ns between u_chord_detector/c4_bin33_reg[2]/C (clocked by sys_clk_pin) and u_chord_detector/score_mem_reg[3][24]/D (clocked by sys_clk_pin). Large setup violations at the end of those stages might be difficult to fix during the post-placement implementation flow and could be the result of non-optimal XDC constraints or non-optimal design architecture
Related violations: <none>

TIMING-16#371 Warning
Large setup violation  
There is a large setup violation of -2.427 ns between u_chord_detector/c4_bin33_reg[2]/C (clocked by sys_clk_pin) and u_chord_detector/score_mem_reg[7][24]/D (clocked by sys_clk_pin). Large setup violations at the end of those stages might be difficult to fix during the post-placement implementation flow and could be the result of non-optimal XDC constraints or non-optimal design architecture
Related violations: <none>

TIMING-16#372 Warning
Large setup violation  
There is a large setup violation of -2.428 ns between u_chord_detector/c4_bin33_reg[2]/C (clocked by sys_clk_pin) and u_chord_detector/score_mem_reg[1][25]/D (clocked by sys_clk_pin). Large setup violations at the end of those stages might be difficult to fix during the post-placement implementation flow and could be the result of non-optimal XDC constraints or non-optimal design architecture
Related violations: <none>

TIMING-16#373 Warning
Large setup violation  
There is a large setup violation of -2.430 ns between u_chord_detector/c4_bin33_reg[2]/C (clocked by sys_clk_pin) and u_chord_detector/score_mem_reg[6][19]/D (clocked by sys_clk_pin). Large setup violations at the end of those stages might be difficult to fix during the post-placement implementation flow and could be the result of non-optimal XDC constraints or non-optimal design architecture
Related violations: <none>

TIMING-16#374 Warning
Large setup violation  
There is a large setup violation of -2.430 ns between u_chord_detector/c4_bin33_reg[2]/C (clocked by sys_clk_pin) and u_chord_detector/score_mem_reg[7][19]/D (clocked by sys_clk_pin). Large setup violations at the end of those stages might be difficult to fix during the post-placement implementation flow and could be the result of non-optimal XDC constraints or non-optimal design architecture
Related violations: <none>

TIMING-16#375 Warning
Large setup violation  
There is a large setup violation of -2.438 ns between u_chord_detector/c4_bin33_reg[2]/C (clocked by sys_clk_pin) and u_chord_detector/score_mem_reg[3][21]/D (clocked by sys_clk_pin). Large setup violations at the end of those stages might be difficult to fix during the post-placement implementation flow and could be the result of non-optimal XDC constraints or non-optimal design architecture
Related violations: <none>

TIMING-16#376 Warning
Large setup violation  
There is a large setup violation of -2.439 ns between u_detector/c4_bin34_reg[3]/C (clocked by sys_clk_pin) and u_detector/best_f_reg[26]/CE (clocked by sys_clk_pin). Large setup violations at the end of those stages might be difficult to fix during the post-placement implementation flow and could be the result of non-optimal XDC constraints or non-optimal design architecture
Related violations: <none>

TIMING-16#377 Warning
Large setup violation  
There is a large setup violation of -2.439 ns between u_detector/c4_bin34_reg[3]/C (clocked by sys_clk_pin) and u_detector/best_h2_reg[20]/CE (clocked by sys_clk_pin). Large setup violations at the end of those stages might be difficult to fix during the post-placement implementation flow and could be the result of non-optimal XDC constraints or non-optimal design architecture
Related violations: <none>

TIMING-16#378 Warning
Large setup violation  
There is a large setup violation of -2.439 ns between u_detector/c4_bin34_reg[3]/C (clocked by sys_clk_pin) and u_detector/best_h2_reg[22]/CE (clocked by sys_clk_pin). Large setup violations at the end of those stages might be difficult to fix during the post-placement implementation flow and could be the result of non-optimal XDC constraints or non-optimal design architecture
Related violations: <none>

TIMING-16#379 Warning
Large setup violation  
There is a large setup violation of -2.439 ns between u_detector/c4_bin34_reg[3]/C (clocked by sys_clk_pin) and u_detector/best_h2_reg[23]/CE (clocked by sys_clk_pin). Large setup violations at the end of those stages might be difficult to fix during the post-placement implementation flow and could be the result of non-optimal XDC constraints or non-optimal design architecture
Related violations: <none>

TIMING-16#380 Warning
Large setup violation  
There is a large setup violation of -2.439 ns between u_detector/c4_bin34_reg[3]/C (clocked by sys_clk_pin) and u_detector/best_h3_reg[16]/CE (clocked by sys_clk_pin). Large setup violations at the end of those stages might be difficult to fix during the post-placement implementation flow and could be the result of non-optimal XDC constraints or non-optimal design architecture
Related violations: <none>

TIMING-16#381 Warning
Large setup violation  
There is a large setup violation of -2.439 ns between u_detector/c4_bin34_reg[3]/C (clocked by sys_clk_pin) and u_detector/best_h3_reg[18]/CE (clocked by sys_clk_pin). Large setup violations at the end of those stages might be difficult to fix during the post-placement implementation flow and could be the result of non-optimal XDC constraints or non-optimal design architecture
Related violations: <none>

TIMING-16#382 Warning
Large setup violation  
There is a large setup violation of -2.445 ns between u_detector/c4_bin34_reg[3]/C (clocked by sys_clk_pin) and u_detector/best_h3_reg[17]/CE (clocked by sys_clk_pin). Large setup violations at the end of those stages might be difficult to fix during the post-placement implementation flow and could be the result of non-optimal XDC constraints or non-optimal design architecture
Related violations: <none>

TIMING-16#383 Warning
Large setup violation  
There is a large setup violation of -2.447 ns between u_chord_detector/c4_bin33_reg[2]/C (clocked by sys_clk_pin) and u_chord_detector/score_mem_reg[12][23]/D (clocked by sys_clk_pin). Large setup violations at the end of those stages might be difficult to fix during the post-placement implementation flow and could be the result of non-optimal XDC constraints or non-optimal design architecture
Related violations: <none>

TIMING-16#384 Warning
Large setup violation  
There is a large setup violation of -2.447 ns between u_chord_detector/c4_bin33_reg[2]/C (clocked by sys_clk_pin) and u_chord_detector/score_mem_reg[3][9]/D (clocked by sys_clk_pin). Large setup violations at the end of those stages might be difficult to fix during the post-placement implementation flow and could be the result of non-optimal XDC constraints or non-optimal design architecture
Related violations: <none>

TIMING-16#385 Warning
Large setup violation  
There is a large setup violation of -2.448 ns between u_chord_detector/c4_bin33_reg[2]/C (clocked by sys_clk_pin) and u_chord_detector/score_mem_reg[4][5]/D (clocked by sys_clk_pin). Large setup violations at the end of those stages might be difficult to fix during the post-placement implementation flow and could be the result of non-optimal XDC constraints or non-optimal design architecture
Related violations: <none>

TIMING-16#386 Warning
Large setup violation  
There is a large setup violation of -2.454 ns between u_chord_detector/c4_bin33_reg[2]/C (clocked by sys_clk_pin) and u_chord_detector/score_mem_reg[10][19]/D (clocked by sys_clk_pin). Large setup violations at the end of those stages might be difficult to fix during the post-placement implementation flow and could be the result of non-optimal XDC constraints or non-optimal design architecture
Related violations: <none>

TIMING-16#387 Warning
Large setup violation  
There is a large setup violation of -2.459 ns between u_chord_detector/c4_bin33_reg[2]/C (clocked by sys_clk_pin) and u_chord_detector/score_mem_reg[12][27]/D (clocked by sys_clk_pin). Large setup violations at the end of those stages might be difficult to fix during the post-placement implementation flow and could be the result of non-optimal XDC constraints or non-optimal design architecture
Related violations: <none>

TIMING-16#388 Warning
Large setup violation  
There is a large setup violation of -2.460 ns between u_chord_detector/held_idx1_reg[0]/C (clocked by sys_clk_pin) and u_chord_detector/event_peak_reg[1]/D (clocked by sys_clk_pin). Large setup violations at the end of those stages might be difficult to fix during the post-placement implementation flow and could be the result of non-optimal XDC constraints or non-optimal design architecture
Related violations: <none>

TIMING-16#389 Warning
Large setup violation  
There is a large setup violation of -2.461 ns between u_chord_detector/c4_bin33_reg[2]/C (clocked by sys_clk_pin) and u_chord_detector/score_mem_reg[9][24]/D (clocked by sys_clk_pin). Large setup violations at the end of those stages might be difficult to fix during the post-placement implementation flow and could be the result of non-optimal XDC constraints or non-optimal design architecture
Related violations: <none>

TIMING-16#390 Warning
Large setup violation  
There is a large setup violation of -2.462 ns between u_chord_detector/held_idx1_reg[0]/C (clocked by sys_clk_pin) and u_chord_detector/event_peak_reg[9]/D (clocked by sys_clk_pin). Large setup violations at the end of those stages might be difficult to fix during the post-placement implementation flow and could be the result of non-optimal XDC constraints or non-optimal design architecture
Related violations: <none>

TIMING-16#391 Warning
Large setup violation  
There is a large setup violation of -2.464 ns between u_chord_detector/c4_bin33_reg[2]/C (clocked by sys_clk_pin) and u_chord_detector/score_mem_reg[1][19]/D (clocked by sys_clk_pin). Large setup violations at the end of those stages might be difficult to fix during the post-placement implementation flow and could be the result of non-optimal XDC constraints or non-optimal design architecture
Related violations: <none>

TIMING-16#392 Warning
Large setup violation  
There is a large setup violation of -2.464 ns between u_chord_detector/c4_bin33_reg[2]/C (clocked by sys_clk_pin) and u_chord_detector/score_mem_reg[2][16]/D (clocked by sys_clk_pin). Large setup violations at the end of those stages might be difficult to fix during the post-placement implementation flow and could be the result of non-optimal XDC constraints or non-optimal design architecture
Related violations: <none>

TIMING-16#393 Warning
Large setup violation  
There is a large setup violation of -2.464 ns between u_chord_detector/c4_bin33_reg[2]/C (clocked by sys_clk_pin) and u_chord_detector/score_mem_reg[6][22]/D (clocked by sys_clk_pin). Large setup violations at the end of those stages might be difficult to fix during the post-placement implementation flow and could be the result of non-optimal XDC constraints or non-optimal design architecture
Related violations: <none>

TIMING-16#394 Warning
Large setup violation  
There is a large setup violation of -2.467 ns between u_chord_detector/c4_bin33_reg[2]/C (clocked by sys_clk_pin) and u_chord_detector/score_mem_reg[9][19]/D (clocked by sys_clk_pin). Large setup violations at the end of those stages might be difficult to fix during the post-placement implementation flow and could be the result of non-optimal XDC constraints or non-optimal design architecture
Related violations: <none>

TIMING-16#395 Warning
Large setup violation  
There is a large setup violation of -2.469 ns between u_chord_detector/c4_bin33_reg[2]/C (clocked by sys_clk_pin) and u_chord_detector/score_mem_reg[11][20]/D (clocked by sys_clk_pin). Large setup violations at the end of those stages might be difficult to fix during the post-placement implementation flow and could be the result of non-optimal XDC constraints or non-optimal design architecture
Related violations: <none>

TIMING-16#396 Warning
Large setup violation  
There is a large setup violation of -2.470 ns between u_chord_detector/c4_bin33_reg[2]/C (clocked by sys_clk_pin) and u_chord_detector/score_mem_reg[9][20]/D (clocked by sys_clk_pin). Large setup violations at the end of those stages might be difficult to fix during the post-placement implementation flow and could be the result of non-optimal XDC constraints or non-optimal design architecture
Related violations: <none>

TIMING-16#397 Warning
Large setup violation  
There is a large setup violation of -2.471 ns between u_chord_detector/c4_bin33_reg[2]/C (clocked by sys_clk_pin) and u_chord_detector/score_mem_reg[3][20]/D (clocked by sys_clk_pin). Large setup violations at the end of those stages might be difficult to fix during the post-placement implementation flow and could be the result of non-optimal XDC constraints or non-optimal design architecture
Related violations: <none>

TIMING-16#398 Warning
Large setup violation  
There is a large setup violation of -2.471 ns between u_detector/c4_bin34_reg[3]/C (clocked by sys_clk_pin) and u_detector/best_h3_reg[3]/CE (clocked by sys_clk_pin). Large setup violations at the end of those stages might be difficult to fix during the post-placement implementation flow and could be the result of non-optimal XDC constraints or non-optimal design architecture
Related violations: <none>

TIMING-16#399 Warning
Large setup violation  
There is a large setup violation of -2.473 ns between u_chord_detector/c4_bin33_reg[2]/C (clocked by sys_clk_pin) and u_chord_detector/score_mem_reg[10][4]/D (clocked by sys_clk_pin). Large setup violations at the end of those stages might be difficult to fix during the post-placement implementation flow and could be the result of non-optimal XDC constraints or non-optimal design architecture
Related violations: <none>

TIMING-16#400 Warning
Large setup violation  
There is a large setup violation of -2.474 ns between u_chord_detector/c4_bin33_reg[2]/C (clocked by sys_clk_pin) and u_chord_detector/score_mem_reg[8][19]/D (clocked by sys_clk_pin). Large setup violations at the end of those stages might be difficult to fix during the post-placement implementation flow and could be the result of non-optimal XDC constraints or non-optimal design architecture
Related violations: <none>

TIMING-16#401 Warning
Large setup violation  
There is a large setup violation of -2.478 ns between u_chord_detector/c4_bin33_reg[2]/C (clocked by sys_clk_pin) and u_chord_detector/score_mem_reg[1][5]/D (clocked by sys_clk_pin). Large setup violations at the end of those stages might be difficult to fix during the post-placement implementation flow and could be the result of non-optimal XDC constraints or non-optimal design architecture
Related violations: <none>

TIMING-16#402 Warning
Large setup violation  
There is a large setup violation of -2.479 ns between u_chord_detector/c4_bin33_reg[2]/C (clocked by sys_clk_pin) and u_chord_detector/score_mem_reg[0][27]/D (clocked by sys_clk_pin). Large setup violations at the end of those stages might be difficult to fix during the post-placement implementation flow and could be the result of non-optimal XDC constraints or non-optimal design architecture
Related violations: <none>

TIMING-16#403 Warning
Large setup violation  
There is a large setup violation of -2.480 ns between u_chord_detector/c4_bin33_reg[2]/C (clocked by sys_clk_pin) and u_chord_detector/score_mem_reg[0][1]/D (clocked by sys_clk_pin). Large setup violations at the end of those stages might be difficult to fix during the post-placement implementation flow and could be the result of non-optimal XDC constraints or non-optimal design architecture
Related violations: <none>

TIMING-16#404 Warning
Large setup violation  
There is a large setup violation of -2.485 ns between u_chord_detector/c4_bin33_reg[2]/C (clocked by sys_clk_pin) and u_chord_detector/score_mem_reg[11][19]/D (clocked by sys_clk_pin). Large setup violations at the end of those stages might be difficult to fix during the post-placement implementation flow and could be the result of non-optimal XDC constraints or non-optimal design architecture
Related violations: <none>

TIMING-16#405 Warning
Large setup violation  
There is a large setup violation of -2.485 ns between u_chord_detector/c4_bin33_reg[2]/C (clocked by sys_clk_pin) and u_chord_detector/score_mem_reg[8][27]/D (clocked by sys_clk_pin). Large setup violations at the end of those stages might be difficult to fix during the post-placement implementation flow and could be the result of non-optimal XDC constraints or non-optimal design architecture
Related violations: <none>

TIMING-16#406 Warning
Large setup violation  
There is a large setup violation of -2.489 ns between u_chord_detector/c4_bin33_reg[2]/C (clocked by sys_clk_pin) and u_chord_detector/score_mem_reg[0][5]/D (clocked by sys_clk_pin). Large setup violations at the end of those stages might be difficult to fix during the post-placement implementation flow and could be the result of non-optimal XDC constraints or non-optimal design architecture
Related violations: <none>

TIMING-16#407 Warning
Large setup violation  
There is a large setup violation of -2.489 ns between u_chord_detector/c4_bin33_reg[2]/C (clocked by sys_clk_pin) and u_chord_detector/score_mem_reg[9][28]/D (clocked by sys_clk_pin). Large setup violations at the end of those stages might be difficult to fix during the post-placement implementation flow and could be the result of non-optimal XDC constraints or non-optimal design architecture
Related violations: <none>

TIMING-16#408 Warning
Large setup violation  
There is a large setup violation of -2.490 ns between u_chord_detector/c4_bin33_reg[2]/C (clocked by sys_clk_pin) and u_chord_detector/score_mem_reg[10][0]/D (clocked by sys_clk_pin). Large setup violations at the end of those stages might be difficult to fix during the post-placement implementation flow and could be the result of non-optimal XDC constraints or non-optimal design architecture
Related violations: <none>

TIMING-16#409 Warning
Large setup violation  
There is a large setup violation of -2.490 ns between u_chord_detector/c4_bin33_reg[2]/C (clocked by sys_clk_pin) and u_chord_detector/score_mem_reg[6][25]/D (clocked by sys_clk_pin). Large setup violations at the end of those stages might be difficult to fix during the post-placement implementation flow and could be the result of non-optimal XDC constraints or non-optimal design architecture
Related violations: <none>

TIMING-16#410 Warning
Large setup violation  
There is a large setup violation of -2.491 ns between u_chord_detector/c4_bin33_reg[2]/C (clocked by sys_clk_pin) and u_chord_detector/score_mem_reg[7][12]/D (clocked by sys_clk_pin). Large setup violations at the end of those stages might be difficult to fix during the post-placement implementation flow and could be the result of non-optimal XDC constraints or non-optimal design architecture
Related violations: <none>

TIMING-16#411 Warning
Large setup violation  
There is a large setup violation of -2.495 ns between u_chord_detector/c4_bin33_reg[2]/C (clocked by sys_clk_pin) and u_chord_detector/score_mem_reg[3][22]/D (clocked by sys_clk_pin). Large setup violations at the end of those stages might be difficult to fix during the post-placement implementation flow and could be the result of non-optimal XDC constraints or non-optimal design architecture
Related violations: <none>

TIMING-16#412 Warning
Large setup violation  
There is a large setup violation of -2.495 ns between u_chord_detector/c4_bin33_reg[2]/C (clocked by sys_clk_pin) and u_chord_detector/score_mem_reg[4][22]/D (clocked by sys_clk_pin). Large setup violations at the end of those stages might be difficult to fix during the post-placement implementation flow and could be the result of non-optimal XDC constraints or non-optimal design architecture
Related violations: <none>

TIMING-16#413 Warning
Large setup violation  
There is a large setup violation of -2.496 ns between u_chord_detector/c4_bin33_reg[2]/C (clocked by sys_clk_pin) and u_chord_detector/score_mem_reg[4][19]/D (clocked by sys_clk_pin). Large setup violations at the end of those stages might be difficult to fix during the post-placement implementation flow and could be the result of non-optimal XDC constraints or non-optimal design architecture
Related violations: <none>

TIMING-16#414 Warning
Large setup violation  
There is a large setup violation of -2.498 ns between u_chord_detector/c4_bin33_reg[2]/C (clocked by sys_clk_pin) and u_chord_detector/score_mem_reg[5][20]/D (clocked by sys_clk_pin). Large setup violations at the end of those stages might be difficult to fix during the post-placement implementation flow and could be the result of non-optimal XDC constraints or non-optimal design architecture
Related violations: <none>

TIMING-16#415 Warning
Large setup violation  
There is a large setup violation of -2.498 ns between u_chord_detector/c4_bin33_reg[2]/C (clocked by sys_clk_pin) and u_chord_detector/score_mem_reg[9][25]/D (clocked by sys_clk_pin). Large setup violations at the end of those stages might be difficult to fix during the post-placement implementation flow and could be the result of non-optimal XDC constraints or non-optimal design architecture
Related violations: <none>

TIMING-16#416 Warning
Large setup violation  
There is a large setup violation of -2.500 ns between u_chord_detector/c4_bin33_reg[2]/C (clocked by sys_clk_pin) and u_chord_detector/score_mem_reg[1][20]/D (clocked by sys_clk_pin). Large setup violations at the end of those stages might be difficult to fix during the post-placement implementation flow and could be the result of non-optimal XDC constraints or non-optimal design architecture
Related violations: <none>

TIMING-16#417 Warning
Large setup violation  
There is a large setup violation of -2.500 ns between u_chord_detector/c4_bin33_reg[2]/C (clocked by sys_clk_pin) and u_chord_detector/score_mem_reg[5][24]/D (clocked by sys_clk_pin). Large setup violations at the end of those stages might be difficult to fix during the post-placement implementation flow and could be the result of non-optimal XDC constraints or non-optimal design architecture
Related violations: <none>

TIMING-16#418 Warning
Large setup violation  
There is a large setup violation of -2.500 ns between u_chord_detector/c4_bin33_reg[2]/C (clocked by sys_clk_pin) and u_chord_detector/score_mem_reg[8][20]/D (clocked by sys_clk_pin). Large setup violations at the end of those stages might be difficult to fix during the post-placement implementation flow and could be the result of non-optimal XDC constraints or non-optimal design architecture
Related violations: <none>

TIMING-16#419 Warning
Large setup violation  
There is a large setup violation of -2.502 ns between u_chord_detector/c4_bin33_reg[2]/C (clocked by sys_clk_pin) and u_chord_detector/score_mem_reg[8][12]/D (clocked by sys_clk_pin). Large setup violations at the end of those stages might be difficult to fix during the post-placement implementation flow and could be the result of non-optimal XDC constraints or non-optimal design architecture
Related violations: <none>

TIMING-16#420 Warning
Large setup violation  
There is a large setup violation of -2.504 ns between u_chord_detector/c4_bin33_reg[2]/C (clocked by sys_clk_pin) and u_chord_detector/score_mem_reg[0][24]/D (clocked by sys_clk_pin). Large setup violations at the end of those stages might be difficult to fix during the post-placement implementation flow and could be the result of non-optimal XDC constraints or non-optimal design architecture
Related violations: <none>

TIMING-16#421 Warning
Large setup violation  
There is a large setup violation of -2.511 ns between u_chord_detector/held_idx1_reg[0]/C (clocked by sys_clk_pin) and u_chord_detector/event_peak_reg[7]/D (clocked by sys_clk_pin). Large setup violations at the end of those stages might be difficult to fix during the post-placement implementation flow and could be the result of non-optimal XDC constraints or non-optimal design architecture
Related violations: <none>

TIMING-16#422 Warning
Large setup violation  
There is a large setup violation of -2.513 ns between u_chord_detector/held_idx1_reg[0]/C (clocked by sys_clk_pin) and u_chord_detector/event_peak_reg[5]/D (clocked by sys_clk_pin). Large setup violations at the end of those stages might be difficult to fix during the post-placement implementation flow and could be the result of non-optimal XDC constraints or non-optimal design architecture
Related violations: <none>

TIMING-16#423 Warning
Large setup violation  
There is a large setup violation of -2.515 ns between u_detector/c4_bin34_reg[3]/C (clocked by sys_clk_pin) and u_detector/best_h3_reg[14]/CE (clocked by sys_clk_pin). Large setup violations at the end of those stages might be difficult to fix during the post-placement implementation flow and could be the result of non-optimal XDC constraints or non-optimal design architecture
Related violations: <none>

TIMING-16#424 Warning
Large setup violation  
There is a large setup violation of -2.517 ns between u_chord_detector/c4_bin33_reg[2]/C (clocked by sys_clk_pin) and u_chord_detector/score_mem_reg[5][11]/D (clocked by sys_clk_pin). Large setup violations at the end of those stages might be difficult to fix during the post-placement implementation flow and could be the result of non-optimal XDC constraints or non-optimal design architecture
Related violations: <none>

TIMING-16#425 Warning
Large setup violation  
There is a large setup violation of -2.520 ns between u_chord_detector/c4_bin33_reg[2]/C (clocked by sys_clk_pin) and u_chord_detector/score_mem_reg[11][22]/D (clocked by sys_clk_pin). Large setup violations at the end of those stages might be difficult to fix during the post-placement implementation flow and could be the result of non-optimal XDC constraints or non-optimal design architecture
Related violations: <none>

TIMING-16#426 Warning
Large setup violation  
There is a large setup violation of -2.521 ns between u_chord_detector/held_idx1_reg[0]/C (clocked by sys_clk_pin) and u_chord_detector/event_peak_reg[18]/D (clocked by sys_clk_pin). Large setup violations at the end of those stages might be difficult to fix during the post-placement implementation flow and could be the result of non-optimal XDC constraints or non-optimal design architecture
Related violations: <none>

TIMING-16#427 Warning
Large setup violation  
There is a large setup violation of -2.523 ns between u_chord_detector/held_idx1_reg[0]/C (clocked by sys_clk_pin) and u_chord_detector/event_peak_reg[23]/D (clocked by sys_clk_pin). Large setup violations at the end of those stages might be difficult to fix during the post-placement implementation flow and could be the result of non-optimal XDC constraints or non-optimal design architecture
Related violations: <none>

TIMING-16#428 Warning
Large setup violation  
There is a large setup violation of -2.525 ns between u_chord_detector/c4_bin33_reg[2]/C (clocked by sys_clk_pin) and u_chord_detector/score_mem_reg[5][22]/D (clocked by sys_clk_pin). Large setup violations at the end of those stages might be difficult to fix during the post-placement implementation flow and could be the result of non-optimal XDC constraints or non-optimal design architecture
Related violations: <none>

TIMING-16#429 Warning
Large setup violation  
There is a large setup violation of -2.527 ns between u_chord_detector/held_idx1_reg[0]/C (clocked by sys_clk_pin) and u_chord_detector/event_peak_reg[11]/D (clocked by sys_clk_pin). Large setup violations at the end of those stages might be difficult to fix during the post-placement implementation flow and could be the result of non-optimal XDC constraints or non-optimal design architecture
Related violations: <none>

TIMING-16#430 Warning
Large setup violation  
There is a large setup violation of -2.529 ns between u_chord_detector/held_idx1_reg[0]/C (clocked by sys_clk_pin) and u_chord_detector/event_peak_reg[10]/D (clocked by sys_clk_pin). Large setup violations at the end of those stages might be difficult to fix during the post-placement implementation flow and could be the result of non-optimal XDC constraints or non-optimal design architecture
Related violations: <none>

TIMING-16#431 Warning
Large setup violation  
There is a large setup violation of -2.529 ns between u_chord_detector/held_idx1_reg[0]/C (clocked by sys_clk_pin) and u_chord_detector/event_peak_reg[14]/D (clocked by sys_clk_pin). Large setup violations at the end of those stages might be difficult to fix during the post-placement implementation flow and could be the result of non-optimal XDC constraints or non-optimal design architecture
Related violations: <none>

TIMING-16#432 Warning
Large setup violation  
There is a large setup violation of -2.531 ns between u_chord_detector/c4_bin33_reg[2]/C (clocked by sys_clk_pin) and u_chord_detector/score_mem_reg[4][27]/D (clocked by sys_clk_pin). Large setup violations at the end of those stages might be difficult to fix during the post-placement implementation flow and could be the result of non-optimal XDC constraints or non-optimal design architecture
Related violations: <none>

TIMING-16#433 Warning
Large setup violation  
There is a large setup violation of -2.531 ns between u_chord_detector/held_idx1_reg[0]/C (clocked by sys_clk_pin) and u_chord_detector/event_peak_reg[8]/D (clocked by sys_clk_pin). Large setup violations at the end of those stages might be difficult to fix during the post-placement implementation flow and could be the result of non-optimal XDC constraints or non-optimal design architecture
Related violations: <none>

TIMING-16#434 Warning
Large setup violation  
There is a large setup violation of -2.535 ns between u_chord_detector/c4_bin33_reg[2]/C (clocked by sys_clk_pin) and u_chord_detector/score_mem_reg[11][25]/D (clocked by sys_clk_pin). Large setup violations at the end of those stages might be difficult to fix during the post-placement implementation flow and could be the result of non-optimal XDC constraints or non-optimal design architecture
Related violations: <none>

TIMING-16#435 Warning
Large setup violation  
There is a large setup violation of -2.539 ns between u_chord_detector/c4_bin33_reg[2]/C (clocked by sys_clk_pin) and u_chord_detector/score_mem_reg[7][9]/D (clocked by sys_clk_pin). Large setup violations at the end of those stages might be difficult to fix during the post-placement implementation flow and could be the result of non-optimal XDC constraints or non-optimal design architecture
Related violations: <none>

TIMING-16#436 Warning
Large setup violation  
There is a large setup violation of -2.549 ns between u_detector/c4_bin34_reg[3]/C (clocked by sys_clk_pin) and u_detector/best_h3_reg[8]/CE (clocked by sys_clk_pin). Large setup violations at the end of those stages might be difficult to fix during the post-placement implementation flow and could be the result of non-optimal XDC constraints or non-optimal design architecture
Related violations: <none>

TIMING-16#437 Warning
Large setup violation  
There is a large setup violation of -2.557 ns between u_detector/c4_bin34_reg[3]/C (clocked by sys_clk_pin) and u_detector/best_f_reg[12]/CE (clocked by sys_clk_pin). Large setup violations at the end of those stages might be difficult to fix during the post-placement implementation flow and could be the result of non-optimal XDC constraints or non-optimal design architecture
Related violations: <none>

TIMING-16#438 Warning
Large setup violation  
There is a large setup violation of -2.557 ns between u_detector/c4_bin34_reg[3]/C (clocked by sys_clk_pin) and u_detector/best_h3_reg[0]/CE (clocked by sys_clk_pin). Large setup violations at the end of those stages might be difficult to fix during the post-placement implementation flow and could be the result of non-optimal XDC constraints or non-optimal design architecture
Related violations: <none>

TIMING-16#439 Warning
Large setup violation  
There is a large setup violation of -2.561 ns between u_chord_detector/c4_bin33_reg[2]/C (clocked by sys_clk_pin) and u_chord_detector/score_mem_reg[3][27]/D (clocked by sys_clk_pin). Large setup violations at the end of those stages might be difficult to fix during the post-placement implementation flow and could be the result of non-optimal XDC constraints or non-optimal design architecture
Related violations: <none>

TIMING-16#440 Warning
Large setup violation  
There is a large setup violation of -2.563 ns between u_chord_detector/c4_bin33_reg[2]/C (clocked by sys_clk_pin) and u_chord_detector/score_mem_reg[12][20]/D (clocked by sys_clk_pin). Large setup violations at the end of those stages might be difficult to fix during the post-placement implementation flow and could be the result of non-optimal XDC constraints or non-optimal design architecture
Related violations: <none>

TIMING-16#441 Warning
Large setup violation  
There is a large setup violation of -2.563 ns between u_chord_detector/held_idx1_reg[0]/C (clocked by sys_clk_pin) and u_chord_detector/event_peak_reg[20]/D (clocked by sys_clk_pin). Large setup violations at the end of those stages might be difficult to fix during the post-placement implementation flow and could be the result of non-optimal XDC constraints or non-optimal design architecture
Related violations: <none>

TIMING-16#442 Warning
Large setup violation  
There is a large setup violation of -2.568 ns between u_chord_detector/c4_bin33_reg[2]/C (clocked by sys_clk_pin) and u_chord_detector/score_mem_reg[9][11]/D (clocked by sys_clk_pin). Large setup violations at the end of those stages might be difficult to fix during the post-placement implementation flow and could be the result of non-optimal XDC constraints or non-optimal design architecture
Related violations: <none>

TIMING-16#443 Warning
Large setup violation  
There is a large setup violation of -2.574 ns between u_chord_detector/c4_bin33_reg[2]/C (clocked by sys_clk_pin) and u_chord_detector/score_mem_reg[8][25]/D (clocked by sys_clk_pin). Large setup violations at the end of those stages might be difficult to fix during the post-placement implementation flow and could be the result of non-optimal XDC constraints or non-optimal design architecture
Related violations: <none>

TIMING-16#444 Warning
Large setup violation  
There is a large setup violation of -2.574 ns between u_detector/c4_bin34_reg[3]/C (clocked by sys_clk_pin) and u_detector/best_h2_reg[7]/CE (clocked by sys_clk_pin). Large setup violations at the end of those stages might be difficult to fix during the post-placement implementation flow and could be the result of non-optimal XDC constraints or non-optimal design architecture
Related violations: <none>

TIMING-16#445 Warning
Large setup violation  
There is a large setup violation of -2.580 ns between u_detector/c4_bin34_reg[3]/C (clocked by sys_clk_pin) and u_detector/best_f_reg[16]/CE (clocked by sys_clk_pin). Large setup violations at the end of those stages might be difficult to fix during the post-placement implementation flow and could be the result of non-optimal XDC constraints or non-optimal design architecture
Related violations: <none>

TIMING-16#446 Warning
Large setup violation  
There is a large setup violation of -2.580 ns between u_detector/c4_bin34_reg[3]/C (clocked by sys_clk_pin) and u_detector/best_f_reg[17]/CE (clocked by sys_clk_pin). Large setup violations at the end of those stages might be difficult to fix during the post-placement implementation flow and could be the result of non-optimal XDC constraints or non-optimal design architecture
Related violations: <none>

TIMING-16#447 Warning
Large setup violation  
There is a large setup violation of -2.580 ns between u_detector/c4_bin34_reg[3]/C (clocked by sys_clk_pin) and u_detector/best_f_reg[19]/CE (clocked by sys_clk_pin). Large setup violations at the end of those stages might be difficult to fix during the post-placement implementation flow and could be the result of non-optimal XDC constraints or non-optimal design architecture
Related violations: <none>

TIMING-16#448 Warning
Large setup violation  
There is a large setup violation of -2.580 ns between u_detector/c4_bin34_reg[3]/C (clocked by sys_clk_pin) and u_detector/best_f_reg[20]/CE (clocked by sys_clk_pin). Large setup violations at the end of those stages might be difficult to fix during the post-placement implementation flow and could be the result of non-optimal XDC constraints or non-optimal design architecture
Related violations: <none>

TIMING-16#449 Warning
Large setup violation  
There is a large setup violation of -2.585 ns between u_chord_detector/c4_bin33_reg[2]/C (clocked by sys_clk_pin) and u_chord_detector/score_mem_reg[10][23]/D (clocked by sys_clk_pin). Large setup violations at the end of those stages might be difficult to fix during the post-placement implementation flow and could be the result of non-optimal XDC constraints or non-optimal design architecture
Related violations: <none>

TIMING-16#450 Warning
Large setup violation  
There is a large setup violation of -2.589 ns between u_chord_detector/c4_bin33_reg[2]/C (clocked by sys_clk_pin) and u_chord_detector/score_mem_reg[0][25]/D (clocked by sys_clk_pin). Large setup violations at the end of those stages might be difficult to fix during the post-placement implementation flow and could be the result of non-optimal XDC constraints or non-optimal design architecture
Related violations: <none>

TIMING-16#451 Warning
Large setup violation  
There is a large setup violation of -2.592 ns between u_chord_detector/c4_bin33_reg[2]/C (clocked by sys_clk_pin) and u_chord_detector/score_mem_reg[6][23]/D (clocked by sys_clk_pin). Large setup violations at the end of those stages might be difficult to fix during the post-placement implementation flow and could be the result of non-optimal XDC constraints or non-optimal design architecture
Related violations: <none>

TIMING-16#452 Warning
Large setup violation  
There is a large setup violation of -2.595 ns between u_chord_detector/c4_bin33_reg[2]/C (clocked by sys_clk_pin) and u_chord_detector/score_mem_reg[7][23]/D (clocked by sys_clk_pin). Large setup violations at the end of those stages might be difficult to fix during the post-placement implementation flow and could be the result of non-optimal XDC constraints or non-optimal design architecture
Related violations: <none>

TIMING-16#453 Warning
Large setup violation  
There is a large setup violation of -2.600 ns between u_detector/c4_bin34_reg[3]/C (clocked by sys_clk_pin) and u_detector/best_h3_reg[20]/CE (clocked by sys_clk_pin). Large setup violations at the end of those stages might be difficult to fix during the post-placement implementation flow and could be the result of non-optimal XDC constraints or non-optimal design architecture
Related violations: <none>

TIMING-16#454 Warning
Large setup violation  
There is a large setup violation of -2.610 ns between u_chord_detector/c4_bin33_reg[2]/C (clocked by sys_clk_pin) and u_chord_detector/score_mem_reg[10][11]/D (clocked by sys_clk_pin). Large setup violations at the end of those stages might be difficult to fix during the post-placement implementation flow and could be the result of non-optimal XDC constraints or non-optimal design architecture
Related violations: <none>

TIMING-16#455 Warning
Large setup violation  
There is a large setup violation of -2.610 ns between u_chord_detector/c4_bin33_reg[2]/C (clocked by sys_clk_pin) and u_chord_detector/score_mem_reg[7][11]/D (clocked by sys_clk_pin). Large setup violations at the end of those stages might be difficult to fix during the post-placement implementation flow and could be the result of non-optimal XDC constraints or non-optimal design architecture
Related violations: <none>

TIMING-16#456 Warning
Large setup violation  
There is a large setup violation of -2.615 ns between u_chord_detector/c4_bin33_reg[2]/C (clocked by sys_clk_pin) and u_chord_detector/score_mem_reg[2][28]/D (clocked by sys_clk_pin). Large setup violations at the end of those stages might be difficult to fix during the post-placement implementation flow and could be the result of non-optimal XDC constraints or non-optimal design architecture
Related violations: <none>

TIMING-16#457 Warning
Large setup violation  
There is a large setup violation of -2.616 ns between u_chord_detector/c4_bin33_reg[2]/C (clocked by sys_clk_pin) and u_chord_detector/score_mem_reg[5][27]/D (clocked by sys_clk_pin). Large setup violations at the end of those stages might be difficult to fix during the post-placement implementation flow and could be the result of non-optimal XDC constraints or non-optimal design architecture
Related violations: <none>

TIMING-16#458 Warning
Large setup violation  
There is a large setup violation of -2.620 ns between u_chord_detector/c4_bin33_reg[2]/C (clocked by sys_clk_pin) and u_chord_detector/score_mem_reg[12][28]/D (clocked by sys_clk_pin). Large setup violations at the end of those stages might be difficult to fix during the post-placement implementation flow and could be the result of non-optimal XDC constraints or non-optimal design architecture
Related violations: <none>

TIMING-16#459 Warning
Large setup violation  
There is a large setup violation of -2.622 ns between u_chord_detector/c4_bin33_reg[2]/C (clocked by sys_clk_pin) and u_chord_detector/score_mem_reg[6][12]/D (clocked by sys_clk_pin). Large setup violations at the end of those stages might be difficult to fix during the post-placement implementation flow and could be the result of non-optimal XDC constraints or non-optimal design architecture
Related violations: <none>

TIMING-16#460 Warning
Large setup violation  
There is a large setup violation of -2.624 ns between u_chord_detector/c4_bin33_reg[2]/C (clocked by sys_clk_pin) and u_chord_detector/score_mem_reg[1][28]/D (clocked by sys_clk_pin). Large setup violations at the end of those stages might be difficult to fix during the post-placement implementation flow and could be the result of non-optimal XDC constraints or non-optimal design architecture
Related violations: <none>

TIMING-16#461 Warning
Large setup violation  
There is a large setup violation of -2.627 ns between u_chord_detector/c4_bin33_reg[2]/C (clocked by sys_clk_pin) and u_chord_detector/score_mem_reg[5][28]/D (clocked by sys_clk_pin). Large setup violations at the end of those stages might be difficult to fix during the post-placement implementation flow and could be the result of non-optimal XDC constraints or non-optimal design architecture
Related violations: <none>

TIMING-16#462 Warning
Large setup violation  
There is a large setup violation of -2.629 ns between u_chord_detector/c4_bin33_reg[2]/C (clocked by sys_clk_pin) and u_chord_detector/score_mem_reg[1][23]/D (clocked by sys_clk_pin). Large setup violations at the end of those stages might be difficult to fix during the post-placement implementation flow and could be the result of non-optimal XDC constraints or non-optimal design architecture
Related violations: <none>

TIMING-16#463 Warning
Large setup violation  
There is a large setup violation of -2.631 ns between u_detector/c4_bin34_reg[3]/C (clocked by sys_clk_pin) and u_detector/best_h2_reg[11]/CE (clocked by sys_clk_pin). Large setup violations at the end of those stages might be difficult to fix during the post-placement implementation flow and could be the result of non-optimal XDC constraints or non-optimal design architecture
Related violations: <none>

TIMING-16#464 Warning
Large setup violation  
There is a large setup violation of -2.631 ns between u_detector/c4_bin34_reg[3]/C (clocked by sys_clk_pin) and u_detector/best_h3_reg[12]/CE (clocked by sys_clk_pin). Large setup violations at the end of those stages might be difficult to fix during the post-placement implementation flow and could be the result of non-optimal XDC constraints or non-optimal design architecture
Related violations: <none>

TIMING-16#465 Warning
Large setup violation  
There is a large setup violation of -2.631 ns between u_detector/c4_bin34_reg[3]/C (clocked by sys_clk_pin) and u_detector/best_h3_reg[13]/CE (clocked by sys_clk_pin). Large setup violations at the end of those stages might be difficult to fix during the post-placement implementation flow and could be the result of non-optimal XDC constraints or non-optimal design architecture
Related violations: <none>

TIMING-16#466 Warning
Large setup violation  
There is a large setup violation of -2.635 ns between u_chord_detector/c4_bin33_reg[2]/C (clocked by sys_clk_pin) and u_chord_detector/score_mem_reg[0][11]/D (clocked by sys_clk_pin). Large setup violations at the end of those stages might be difficult to fix during the post-placement implementation flow and could be the result of non-optimal XDC constraints or non-optimal design architecture
Related violations: <none>

TIMING-16#467 Warning
Large setup violation  
There is a large setup violation of -2.636 ns between u_chord_detector/held_idx1_reg[0]/C (clocked by sys_clk_pin) and u_chord_detector/event_peak_reg[13]/D (clocked by sys_clk_pin). Large setup violations at the end of those stages might be difficult to fix during the post-placement implementation flow and could be the result of non-optimal XDC constraints or non-optimal design architecture
Related violations: <none>

TIMING-16#468 Warning
Large setup violation  
There is a large setup violation of -2.637 ns between u_chord_detector/c4_bin33_reg[2]/C (clocked by sys_clk_pin) and u_chord_detector/score_mem_reg[10][28]/D (clocked by sys_clk_pin). Large setup violations at the end of those stages might be difficult to fix during the post-placement implementation flow and could be the result of non-optimal XDC constraints or non-optimal design architecture
Related violations: <none>

TIMING-16#469 Warning
Large setup violation  
There is a large setup violation of -2.637 ns between u_chord_detector/held_idx1_reg[0]/C (clocked by sys_clk_pin) and u_chord_detector/event_peak_reg[15]/D (clocked by sys_clk_pin). Large setup violations at the end of those stages might be difficult to fix during the post-placement implementation flow and could be the result of non-optimal XDC constraints or non-optimal design architecture
Related violations: <none>

TIMING-16#470 Warning
Large setup violation  
There is a large setup violation of -2.639 ns between u_chord_detector/held_idx1_reg[0]/C (clocked by sys_clk_pin) and u_chord_detector/event_peak_reg[16]/D (clocked by sys_clk_pin). Large setup violations at the end of those stages might be difficult to fix during the post-placement implementation flow and could be the result of non-optimal XDC constraints or non-optimal design architecture
Related violations: <none>

TIMING-16#471 Warning
Large setup violation  
There is a large setup violation of -2.642 ns between u_chord_detector/c4_bin33_reg[2]/C (clocked by sys_clk_pin) and u_chord_detector/score_mem_reg[6][11]/D (clocked by sys_clk_pin). Large setup violations at the end of those stages might be difficult to fix during the post-placement implementation flow and could be the result of non-optimal XDC constraints or non-optimal design architecture
Related violations: <none>

TIMING-16#472 Warning
Large setup violation  
There is a large setup violation of -2.646 ns between u_chord_detector/c4_bin33_reg[2]/C (clocked by sys_clk_pin) and u_chord_detector/score_mem_reg[7][21]/D (clocked by sys_clk_pin). Large setup violations at the end of those stages might be difficult to fix during the post-placement implementation flow and could be the result of non-optimal XDC constraints or non-optimal design architecture
Related violations: <none>

TIMING-16#473 Warning
Large setup violation  
There is a large setup violation of -2.652 ns between u_detector/c4_bin34_reg[3]/C (clocked by sys_clk_pin) and u_detector/best_f_reg[6]/CE (clocked by sys_clk_pin). Large setup violations at the end of those stages might be difficult to fix during the post-placement implementation flow and could be the result of non-optimal XDC constraints or non-optimal design architecture
Related violations: <none>

TIMING-16#474 Warning
Large setup violation  
There is a large setup violation of -2.654 ns between u_chord_detector/held_idx1_reg[0]/C (clocked by sys_clk_pin) and u_chord_detector/event_peak_reg[4]/D (clocked by sys_clk_pin). Large setup violations at the end of those stages might be difficult to fix during the post-placement implementation flow and could be the result of non-optimal XDC constraints or non-optimal design architecture
Related violations: <none>

TIMING-16#475 Warning
Large setup violation  
There is a large setup violation of -2.655 ns between u_detector/c4_bin34_reg[3]/C (clocked by sys_clk_pin) and u_detector/best_f_reg[24]/CE (clocked by sys_clk_pin). Large setup violations at the end of those stages might be difficult to fix during the post-placement implementation flow and could be the result of non-optimal XDC constraints or non-optimal design architecture
Related violations: <none>

TIMING-16#476 Warning
Large setup violation  
There is a large setup violation of -2.655 ns between u_detector/c4_bin34_reg[3]/C (clocked by sys_clk_pin) and u_detector/best_h3_reg[26]/CE (clocked by sys_clk_pin). Large setup violations at the end of those stages might be difficult to fix during the post-placement implementation flow and could be the result of non-optimal XDC constraints or non-optimal design architecture
Related violations: <none>

TIMING-16#477 Warning
Large setup violation  
There is a large setup violation of -2.658 ns between u_chord_detector/c4_bin33_reg[2]/C (clocked by sys_clk_pin) and u_chord_detector/score_mem_reg[1][11]/D (clocked by sys_clk_pin). Large setup violations at the end of those stages might be difficult to fix during the post-placement implementation flow and could be the result of non-optimal XDC constraints or non-optimal design architecture
Related violations: <none>

TIMING-16#478 Warning
Large setup violation  
There is a large setup violation of -2.664 ns between u_chord_detector/c4_bin33_reg[2]/C (clocked by sys_clk_pin) and u_chord_detector/score_mem_reg[11][28]/D (clocked by sys_clk_pin). Large setup violations at the end of those stages might be difficult to fix during the post-placement implementation flow and could be the result of non-optimal XDC constraints or non-optimal design architecture
Related violations: <none>

TIMING-16#479 Warning
Large setup violation  
There is a large setup violation of -2.664 ns between u_detector/c4_bin34_reg[3]/C (clocked by sys_clk_pin) and u_detector/best_h2_reg[25]/CE (clocked by sys_clk_pin). Large setup violations at the end of those stages might be difficult to fix during the post-placement implementation flow and could be the result of non-optimal XDC constraints or non-optimal design architecture
Related violations: <none>

TIMING-16#480 Warning
Large setup violation  
There is a large setup violation of -2.664 ns between u_detector/c4_bin34_reg[3]/C (clocked by sys_clk_pin) and u_detector/best_score_reg[8]/CE (clocked by sys_clk_pin). Large setup violations at the end of those stages might be difficult to fix during the post-placement implementation flow and could be the result of non-optimal XDC constraints or non-optimal design architecture
Related violations: <none>

TIMING-16#481 Warning
Large setup violation  
There is a large setup violation of -2.668 ns between u_chord_detector/c4_bin33_reg[2]/C (clocked by sys_clk_pin) and u_chord_detector/score_mem_reg[3][23]/D (clocked by sys_clk_pin). Large setup violations at the end of those stages might be difficult to fix during the post-placement implementation flow and could be the result of non-optimal XDC constraints or non-optimal design architecture
Related violations: <none>

TIMING-16#482 Warning
Large setup violation  
There is a large setup violation of -2.669 ns between u_chord_detector/c4_bin33_reg[2]/C (clocked by sys_clk_pin) and u_chord_detector/score_mem_reg[0][22]/D (clocked by sys_clk_pin). Large setup violations at the end of those stages might be difficult to fix during the post-placement implementation flow and could be the result of non-optimal XDC constraints or non-optimal design architecture
Related violations: <none>

TIMING-16#483 Warning
Large setup violation  
There is a large setup violation of -2.671 ns between u_detector/c4_bin34_reg[3]/C (clocked by sys_clk_pin) and u_detector/best_f_reg[23]/CE (clocked by sys_clk_pin). Large setup violations at the end of those stages might be difficult to fix during the post-placement implementation flow and could be the result of non-optimal XDC constraints or non-optimal design architecture
Related violations: <none>

TIMING-16#484 Warning
Large setup violation  
There is a large setup violation of -2.673 ns between u_detector/c4_bin34_reg[3]/C (clocked by sys_clk_pin) and u_detector/best_h2_reg[12]/CE (clocked by sys_clk_pin). Large setup violations at the end of those stages might be difficult to fix during the post-placement implementation flow and could be the result of non-optimal XDC constraints or non-optimal design architecture
Related violations: <none>

TIMING-16#485 Warning
Large setup violation  
There is a large setup violation of -2.673 ns between u_detector/c4_bin34_reg[3]/C (clocked by sys_clk_pin) and u_detector/best_score_reg[7]/CE (clocked by sys_clk_pin). Large setup violations at the end of those stages might be difficult to fix during the post-placement implementation flow and could be the result of non-optimal XDC constraints or non-optimal design architecture
Related violations: <none>

TIMING-16#486 Warning
Large setup violation  
There is a large setup violation of -2.693 ns between u_detector/c4_bin34_reg[3]/C (clocked by sys_clk_pin) and u_detector/best_f_reg[13]/CE (clocked by sys_clk_pin). Large setup violations at the end of those stages might be difficult to fix during the post-placement implementation flow and could be the result of non-optimal XDC constraints or non-optimal design architecture
Related violations: <none>

TIMING-16#487 Warning
Large setup violation  
There is a large setup violation of -2.693 ns between u_detector/c4_bin34_reg[3]/C (clocked by sys_clk_pin) and u_detector/best_h2_reg[3]/CE (clocked by sys_clk_pin). Large setup violations at the end of those stages might be difficult to fix during the post-placement implementation flow and could be the result of non-optimal XDC constraints or non-optimal design architecture
Related violations: <none>

TIMING-16#488 Warning
Large setup violation  
There is a large setup violation of -2.693 ns between u_detector/c4_bin34_reg[3]/C (clocked by sys_clk_pin) and u_detector/best_h2_reg[6]/CE (clocked by sys_clk_pin). Large setup violations at the end of those stages might be difficult to fix during the post-placement implementation flow and could be the result of non-optimal XDC constraints or non-optimal design architecture
Related violations: <none>

TIMING-16#489 Warning
Large setup violation  
There is a large setup violation of -2.693 ns between u_detector/c4_bin34_reg[3]/C (clocked by sys_clk_pin) and u_detector/best_h2_reg[8]/CE (clocked by sys_clk_pin). Large setup violations at the end of those stages might be difficult to fix during the post-placement implementation flow and could be the result of non-optimal XDC constraints or non-optimal design architecture
Related violations: <none>

TIMING-16#490 Warning
Large setup violation  
There is a large setup violation of -2.693 ns between u_detector/c4_bin34_reg[3]/C (clocked by sys_clk_pin) and u_detector/best_h3_reg[5]/CE (clocked by sys_clk_pin). Large setup violations at the end of those stages might be difficult to fix during the post-placement implementation flow and could be the result of non-optimal XDC constraints or non-optimal design architecture
Related violations: <none>

TIMING-16#491 Warning
Large setup violation  
There is a large setup violation of -2.693 ns between u_detector/c4_bin34_reg[3]/C (clocked by sys_clk_pin) and u_detector/best_score_reg[1]/CE (clocked by sys_clk_pin). Large setup violations at the end of those stages might be difficult to fix during the post-placement implementation flow and could be the result of non-optimal XDC constraints or non-optimal design architecture
Related violations: <none>

TIMING-16#492 Warning
Large setup violation  
There is a large setup violation of -2.699 ns between u_detector/c4_bin34_reg[3]/C (clocked by sys_clk_pin) and u_detector/best_h2_reg[13]/CE (clocked by sys_clk_pin). Large setup violations at the end of those stages might be difficult to fix during the post-placement implementation flow and could be the result of non-optimal XDC constraints or non-optimal design architecture
Related violations: <none>

TIMING-16#493 Warning
Large setup violation  
There is a large setup violation of -2.699 ns between u_detector/c4_bin34_reg[3]/C (clocked by sys_clk_pin) and u_detector/best_h2_reg[9]/CE (clocked by sys_clk_pin). Large setup violations at the end of those stages might be difficult to fix during the post-placement implementation flow and could be the result of non-optimal XDC constraints or non-optimal design architecture
Related violations: <none>

TIMING-16#494 Warning
Large setup violation  
There is a large setup violation of -2.701 ns between u_detector/c4_bin34_reg[3]/C (clocked by sys_clk_pin) and u_detector/best_f_reg[1]/CE (clocked by sys_clk_pin). Large setup violations at the end of those stages might be difficult to fix during the post-placement implementation flow and could be the result of non-optimal XDC constraints or non-optimal design architecture
Related violations: <none>

TIMING-16#495 Warning
Large setup violation  
There is a large setup violation of -2.701 ns between u_detector/c4_bin34_reg[3]/C (clocked by sys_clk_pin) and u_detector/best_f_reg[2]/CE (clocked by sys_clk_pin). Large setup violations at the end of those stages might be difficult to fix during the post-placement implementation flow and could be the result of non-optimal XDC constraints or non-optimal design architecture
Related violations: <none>

TIMING-16#496 Warning
Large setup violation  
There is a large setup violation of -2.714 ns between u_detector/c4_bin34_reg[3]/C (clocked by sys_clk_pin) and u_detector/best_bin_reg[0]/CE (clocked by sys_clk_pin). Large setup violations at the end of those stages might be difficult to fix during the post-placement implementation flow and could be the result of non-optimal XDC constraints or non-optimal design architecture
Related violations: <none>

TIMING-16#497 Warning
Large setup violation  
There is a large setup violation of -2.716 ns between u_chord_detector/c4_bin33_reg[2]/C (clocked by sys_clk_pin) and u_chord_detector/score_mem_reg[5][23]/D (clocked by sys_clk_pin). Large setup violations at the end of those stages might be difficult to fix during the post-placement implementation flow and could be the result of non-optimal XDC constraints or non-optimal design architecture
Related violations: <none>

TIMING-16#498 Warning
Large setup violation  
There is a large setup violation of -2.726 ns between u_chord_detector/c4_bin33_reg[2]/C (clocked by sys_clk_pin) and u_chord_detector/score_mem_reg[4][23]/D (clocked by sys_clk_pin). Large setup violations at the end of those stages might be difficult to fix during the post-placement implementation flow and could be the result of non-optimal XDC constraints or non-optimal design architecture
Related violations: <none>

TIMING-16#499 Warning
Large setup violation  
There is a large setup violation of -2.727 ns between u_detector/c4_bin34_reg[3]/C (clocked by sys_clk_pin) and u_detector/best_score_reg[22]/CE (clocked by sys_clk_pin). Large setup violations at the end of those stages might be difficult to fix during the post-placement implementation flow and could be the result of non-optimal XDC constraints or non-optimal design architecture
Related violations: <none>

TIMING-16#500 Warning
Large setup violation  
There is a large setup violation of -2.727 ns between u_detector/c4_bin34_reg[3]/C (clocked by sys_clk_pin) and u_detector/best_score_reg[23]/CE (clocked by sys_clk_pin). Large setup violations at the end of those stages might be difficult to fix during the post-placement implementation flow and could be the result of non-optimal XDC constraints or non-optimal design architecture
Related violations: <none>

TIMING-16#501 Warning
Large setup violation  
There is a large setup violation of -2.729 ns between u_detector/c4_bin34_reg[3]/C (clocked by sys_clk_pin) and u_detector/best_f_reg[11]/CE (clocked by sys_clk_pin). Large setup violations at the end of those stages might be difficult to fix during the post-placement implementation flow and could be the result of non-optimal XDC constraints or non-optimal design architecture
Related violations: <none>

TIMING-16#502 Warning
Large setup violation  
There is a large setup violation of -2.729 ns between u_detector/c4_bin34_reg[3]/C (clocked by sys_clk_pin) and u_detector/best_f_reg[14]/CE (clocked by sys_clk_pin). Large setup violations at the end of those stages might be difficult to fix during the post-placement implementation flow and could be the result of non-optimal XDC constraints or non-optimal design architecture
Related violations: <none>

TIMING-16#503 Warning
Large setup violation  
There is a large setup violation of -2.729 ns between u_detector/c4_bin34_reg[3]/C (clocked by sys_clk_pin) and u_detector/best_f_reg[15]/CE (clocked by sys_clk_pin). Large setup violations at the end of those stages might be difficult to fix during the post-placement implementation flow and could be the result of non-optimal XDC constraints or non-optimal design architecture
Related violations: <none>

TIMING-16#504 Warning
Large setup violation  
There is a large setup violation of -2.729 ns between u_detector/c4_bin34_reg[3]/C (clocked by sys_clk_pin) and u_detector/best_h3_reg[2]/CE (clocked by sys_clk_pin). Large setup violations at the end of those stages might be difficult to fix during the post-placement implementation flow and could be the result of non-optimal XDC constraints or non-optimal design architecture
Related violations: <none>

TIMING-16#505 Warning
Large setup violation  
There is a large setup violation of -2.731 ns between u_chord_detector/c4_bin33_reg[2]/C (clocked by sys_clk_pin) and u_chord_detector/score_mem_reg[7][28]/D (clocked by sys_clk_pin). Large setup violations at the end of those stages might be difficult to fix during the post-placement implementation flow and could be the result of non-optimal XDC constraints or non-optimal design architecture
Related violations: <none>

TIMING-16#506 Warning
Large setup violation  
There is a large setup violation of -2.733 ns between u_detector/c4_bin34_reg[3]/C (clocked by sys_clk_pin) and u_detector/best_f_reg[3]/CE (clocked by sys_clk_pin). Large setup violations at the end of those stages might be difficult to fix during the post-placement implementation flow and could be the result of non-optimal XDC constraints or non-optimal design architecture
Related violations: <none>

TIMING-16#507 Warning
Large setup violation  
There is a large setup violation of -2.733 ns between u_detector/c4_bin34_reg[3]/C (clocked by sys_clk_pin) and u_detector/best_f_reg[5]/CE (clocked by sys_clk_pin). Large setup violations at the end of those stages might be difficult to fix during the post-placement implementation flow and could be the result of non-optimal XDC constraints or non-optimal design architecture
Related violations: <none>

TIMING-16#508 Warning
Large setup violation  
There is a large setup violation of -2.734 ns between u_detector/c4_bin34_reg[3]/C (clocked by sys_clk_pin) and u_detector/best_h2_reg[1]/CE (clocked by sys_clk_pin). Large setup violations at the end of those stages might be difficult to fix during the post-placement implementation flow and could be the result of non-optimal XDC constraints or non-optimal design architecture
Related violations: <none>

TIMING-16#509 Warning
Large setup violation  
There is a large setup violation of -2.734 ns between u_detector/c4_bin34_reg[3]/C (clocked by sys_clk_pin) and u_detector/best_score_reg[2]/CE (clocked by sys_clk_pin). Large setup violations at the end of those stages might be difficult to fix during the post-placement implementation flow and could be the result of non-optimal XDC constraints or non-optimal design architecture
Related violations: <none>

TIMING-16#510 Warning
Large setup violation  
There is a large setup violation of -2.734 ns between u_detector/c4_bin34_reg[3]/C (clocked by sys_clk_pin) and u_detector/best_score_reg[4]/CE (clocked by sys_clk_pin). Large setup violations at the end of those stages might be difficult to fix during the post-placement implementation flow and could be the result of non-optimal XDC constraints or non-optimal design architecture
Related violations: <none>

TIMING-16#511 Warning
Large setup violation  
There is a large setup violation of -2.734 ns between u_detector/c4_bin34_reg[3]/C (clocked by sys_clk_pin) and u_detector/best_score_reg[5]/CE (clocked by sys_clk_pin). Large setup violations at the end of those stages might be difficult to fix during the post-placement implementation flow and could be the result of non-optimal XDC constraints or non-optimal design architecture
Related violations: <none>

TIMING-16#512 Warning
Large setup violation  
There is a large setup violation of -2.734 ns between u_detector/c4_bin34_reg[3]/C (clocked by sys_clk_pin) and u_detector/best_score_reg[6]/CE (clocked by sys_clk_pin). Large setup violations at the end of those stages might be difficult to fix during the post-placement implementation flow and could be the result of non-optimal XDC constraints or non-optimal design architecture
Related violations: <none>

TIMING-16#513 Warning
Large setup violation  
There is a large setup violation of -2.739 ns between u_chord_detector/c4_bin33_reg[2]/C (clocked by sys_clk_pin) and u_chord_detector/score_mem_reg[8][23]/D (clocked by sys_clk_pin). Large setup violations at the end of those stages might be difficult to fix during the post-placement implementation flow and could be the result of non-optimal XDC constraints or non-optimal design architecture
Related violations: <none>

TIMING-16#514 Warning
Large setup violation  
There is a large setup violation of -2.745 ns between u_chord_detector/held_idx1_reg[0]/C (clocked by sys_clk_pin) and u_chord_detector/event_peak_reg[19]/D (clocked by sys_clk_pin). Large setup violations at the end of those stages might be difficult to fix during the post-placement implementation flow and could be the result of non-optimal XDC constraints or non-optimal design architecture
Related violations: <none>

TIMING-16#515 Warning
Large setup violation  
There is a large setup violation of -2.746 ns between u_detector/c4_bin34_reg[3]/C (clocked by sys_clk_pin) and u_detector/best_h2_reg[2]/CE (clocked by sys_clk_pin). Large setup violations at the end of those stages might be difficult to fix during the post-placement implementation flow and could be the result of non-optimal XDC constraints or non-optimal design architecture
Related violations: <none>

TIMING-16#516 Warning
Large setup violation  
There is a large setup violation of -2.746 ns between u_detector/c4_bin34_reg[3]/C (clocked by sys_clk_pin) and u_detector/best_h2_reg[4]/CE (clocked by sys_clk_pin). Large setup violations at the end of those stages might be difficult to fix during the post-placement implementation flow and could be the result of non-optimal XDC constraints or non-optimal design architecture
Related violations: <none>

TIMING-16#517 Warning
Large setup violation  
There is a large setup violation of -2.748 ns between u_chord_detector/c4_bin33_reg[2]/C (clocked by sys_clk_pin) and u_chord_detector/score_mem_reg[9][23]/D (clocked by sys_clk_pin). Large setup violations at the end of those stages might be difficult to fix during the post-placement implementation flow and could be the result of non-optimal XDC constraints or non-optimal design architecture
Related violations: <none>

TIMING-16#518 Warning
Large setup violation  
There is a large setup violation of -2.749 ns between u_chord_detector/c4_bin33_reg[2]/C (clocked by sys_clk_pin) and u_chord_detector/score_mem_reg[2][23]/D (clocked by sys_clk_pin). Large setup violations at the end of those stages might be difficult to fix during the post-placement implementation flow and could be the result of non-optimal XDC constraints or non-optimal design architecture
Related violations: <none>

TIMING-16#519 Warning
Large setup violation  
There is a large setup violation of -2.749 ns between u_chord_detector/c4_bin33_reg[2]/C (clocked by sys_clk_pin) and u_chord_detector/score_mem_reg[8][11]/D (clocked by sys_clk_pin). Large setup violations at the end of those stages might be difficult to fix during the post-placement implementation flow and could be the result of non-optimal XDC constraints or non-optimal design architecture
Related violations: <none>

TIMING-16#520 Warning
Large setup violation  
There is a large setup violation of -2.751 ns between u_chord_detector/c4_bin33_reg[2]/C (clocked by sys_clk_pin) and u_chord_detector/score_mem_reg[12][22]/D (clocked by sys_clk_pin). Large setup violations at the end of those stages might be difficult to fix during the post-placement implementation flow and could be the result of non-optimal XDC constraints or non-optimal design architecture
Related violations: <none>

TIMING-16#521 Warning
Large setup violation  
There is a large setup violation of -2.758 ns between u_detector/c4_bin34_reg[3]/C (clocked by sys_clk_pin) and u_detector/best_score_reg[16]/CE (clocked by sys_clk_pin). Large setup violations at the end of those stages might be difficult to fix during the post-placement implementation flow and could be the result of non-optimal XDC constraints or non-optimal design architecture
Related violations: <none>

TIMING-16#522 Warning
Large setup violation  
There is a large setup violation of -2.762 ns between u_chord_detector/c4_bin33_reg[2]/C (clocked by sys_clk_pin) and u_chord_detector/score_mem_reg[2][11]/D (clocked by sys_clk_pin). Large setup violations at the end of those stages might be difficult to fix during the post-placement implementation flow and could be the result of non-optimal XDC constraints or non-optimal design architecture
Related violations: <none>

TIMING-16#523 Warning
Large setup violation  
There is a large setup violation of -2.765 ns between u_detector/c4_bin34_reg[3]/C (clocked by sys_clk_pin) and u_detector/best_score_reg[27]/CE (clocked by sys_clk_pin). Large setup violations at the end of those stages might be difficult to fix during the post-placement implementation flow and could be the result of non-optimal XDC constraints or non-optimal design architecture
Related violations: <none>

TIMING-16#524 Warning
Large setup violation  
There is a large setup violation of -2.766 ns between u_chord_detector/c4_bin33_reg[2]/C (clocked by sys_clk_pin) and u_chord_detector/score_mem_reg[3][11]/D (clocked by sys_clk_pin). Large setup violations at the end of those stages might be difficult to fix during the post-placement implementation flow and could be the result of non-optimal XDC constraints or non-optimal design architecture
Related violations: <none>

TIMING-16#525 Warning
Large setup violation  
There is a large setup violation of -2.788 ns between u_chord_detector/held_idx1_reg[0]/C (clocked by sys_clk_pin) and u_chord_detector/event_peak_reg[2]/D (clocked by sys_clk_pin). Large setup violations at the end of those stages might be difficult to fix during the post-placement implementation flow and could be the result of non-optimal XDC constraints or non-optimal design architecture
Related violations: <none>

TIMING-16#526 Warning
Large setup violation  
There is a large setup violation of -2.796 ns between u_chord_detector/c4_bin33_reg[2]/C (clocked by sys_clk_pin) and u_chord_detector/score_mem_reg[0][23]/D (clocked by sys_clk_pin). Large setup violations at the end of those stages might be difficult to fix during the post-placement implementation flow and could be the result of non-optimal XDC constraints or non-optimal design architecture
Related violations: <none>

TIMING-16#527 Warning
Large setup violation  
There is a large setup violation of -2.800 ns between u_chord_detector/held_idx1_reg[0]/C (clocked by sys_clk_pin) and u_chord_detector/event_peak_reg[22]/D (clocked by sys_clk_pin). Large setup violations at the end of those stages might be difficult to fix during the post-placement implementation flow and could be the result of non-optimal XDC constraints or non-optimal design architecture
Related violations: <none>

TIMING-16#528 Warning
Large setup violation  
There is a large setup violation of -2.807 ns between u_chord_detector/c4_bin33_reg[2]/C (clocked by sys_clk_pin) and u_chord_detector/score_mem_reg[11][23]/D (clocked by sys_clk_pin). Large setup violations at the end of those stages might be difficult to fix during the post-placement implementation flow and could be the result of non-optimal XDC constraints or non-optimal design architecture
Related violations: <none>

TIMING-16#529 Warning
Large setup violation  
There is a large setup violation of -2.811 ns between u_chord_detector/c4_bin33_reg[2]/C (clocked by sys_clk_pin) and u_chord_detector/score_mem_reg[11][11]/D (clocked by sys_clk_pin). Large setup violations at the end of those stages might be difficult to fix during the post-placement implementation flow and could be the result of non-optimal XDC constraints or non-optimal design architecture
Related violations: <none>

TIMING-16#530 Warning
Large setup violation  
There is a large setup violation of -2.813 ns between u_detector/c4_bin34_reg[3]/C (clocked by sys_clk_pin) and u_detector/best_score_reg[11]/CE (clocked by sys_clk_pin). Large setup violations at the end of those stages might be difficult to fix during the post-placement implementation flow and could be the result of non-optimal XDC constraints or non-optimal design architecture
Related violations: <none>

TIMING-16#531 Warning
Large setup violation  
There is a large setup violation of -2.813 ns between u_detector/c4_bin34_reg[3]/C (clocked by sys_clk_pin) and u_detector/best_score_reg[12]/CE (clocked by sys_clk_pin). Large setup violations at the end of those stages might be difficult to fix during the post-placement implementation flow and could be the result of non-optimal XDC constraints or non-optimal design architecture
Related violations: <none>

TIMING-16#532 Warning
Large setup violation  
There is a large setup violation of -2.813 ns between u_detector/c4_bin34_reg[3]/C (clocked by sys_clk_pin) and u_detector/best_score_reg[13]/CE (clocked by sys_clk_pin). Large setup violations at the end of those stages might be difficult to fix during the post-placement implementation flow and could be the result of non-optimal XDC constraints or non-optimal design architecture
Related violations: <none>

TIMING-16#533 Warning
Large setup violation  
There is a large setup violation of -2.813 ns between u_detector/c4_bin34_reg[3]/C (clocked by sys_clk_pin) and u_detector/best_score_reg[26]/CE (clocked by sys_clk_pin). Large setup violations at the end of those stages might be difficult to fix during the post-placement implementation flow and could be the result of non-optimal XDC constraints or non-optimal design architecture
Related violations: <none>

TIMING-16#534 Warning
Large setup violation  
There is a large setup violation of -2.818 ns between u_chord_detector/c4_bin33_reg[2]/C (clocked by sys_clk_pin) and u_chord_detector/score_mem_reg[3][28]/D (clocked by sys_clk_pin). Large setup violations at the end of those stages might be difficult to fix during the post-placement implementation flow and could be the result of non-optimal XDC constraints or non-optimal design architecture
Related violations: <none>

TIMING-16#535 Warning
Large setup violation  
There is a large setup violation of -2.818 ns between u_chord_detector/held_idx1_reg[0]/C (clocked by sys_clk_pin) and u_chord_detector/event_peak_reg[0]/CE (clocked by sys_clk_pin). Large setup violations at the end of those stages might be difficult to fix during the post-placement implementation flow and could be the result of non-optimal XDC constraints or non-optimal design architecture
Related violations: <none>

TIMING-16#536 Warning
Large setup violation  
There is a large setup violation of -2.818 ns between u_chord_detector/held_idx1_reg[0]/C (clocked by sys_clk_pin) and u_chord_detector/event_peak_reg[26]/CE (clocked by sys_clk_pin). Large setup violations at the end of those stages might be difficult to fix during the post-placement implementation flow and could be the result of non-optimal XDC constraints or non-optimal design architecture
Related violations: <none>

TIMING-16#537 Warning
Large setup violation  
There is a large setup violation of -2.818 ns between u_chord_detector/held_idx1_reg[0]/C (clocked by sys_clk_pin) and u_chord_detector/event_peak_reg[6]/CE (clocked by sys_clk_pin). Large setup violations at the end of those stages might be difficult to fix during the post-placement implementation flow and could be the result of non-optimal XDC constraints or non-optimal design architecture
Related violations: <none>

TIMING-16#538 Warning
Large setup violation  
There is a large setup violation of -2.822 ns between u_detector/c4_bin34_reg[3]/C (clocked by sys_clk_pin) and u_detector/best_f_reg[21]/CE (clocked by sys_clk_pin). Large setup violations at the end of those stages might be difficult to fix during the post-placement implementation flow and could be the result of non-optimal XDC constraints or non-optimal design architecture
Related violations: <none>

TIMING-16#539 Warning
Large setup violation  
There is a large setup violation of -2.822 ns between u_detector/c4_bin34_reg[3]/C (clocked by sys_clk_pin) and u_detector/best_f_reg[25]/CE (clocked by sys_clk_pin). Large setup violations at the end of those stages might be difficult to fix during the post-placement implementation flow and could be the result of non-optimal XDC constraints or non-optimal design architecture
Related violations: <none>

TIMING-16#540 Warning
Large setup violation  
There is a large setup violation of -2.822 ns between u_detector/c4_bin34_reg[3]/C (clocked by sys_clk_pin) and u_detector/best_score_reg[0]/CE (clocked by sys_clk_pin). Large setup violations at the end of those stages might be difficult to fix during the post-placement implementation flow and could be the result of non-optimal XDC constraints or non-optimal design architecture
Related violations: <none>

TIMING-16#541 Warning
Large setup violation  
There is a large setup violation of -2.822 ns between u_detector/c4_bin34_reg[3]/C (clocked by sys_clk_pin) and u_detector/best_score_reg[21]/CE (clocked by sys_clk_pin). Large setup violations at the end of those stages might be difficult to fix during the post-placement implementation flow and could be the result of non-optimal XDC constraints or non-optimal design architecture
Related violations: <none>

TIMING-16#542 Warning
Large setup violation  
There is a large setup violation of -2.822 ns between u_detector/c4_bin34_reg[3]/C (clocked by sys_clk_pin) and u_detector/best_score_reg[24]/CE (clocked by sys_clk_pin). Large setup violations at the end of those stages might be difficult to fix during the post-placement implementation flow and could be the result of non-optimal XDC constraints or non-optimal design architecture
Related violations: <none>

TIMING-16#543 Warning
Large setup violation  
There is a large setup violation of -2.822 ns between u_detector/c4_bin34_reg[3]/C (clocked by sys_clk_pin) and u_detector/best_score_reg[25]/CE (clocked by sys_clk_pin). Large setup violations at the end of those stages might be difficult to fix during the post-placement implementation flow and could be the result of non-optimal XDC constraints or non-optimal design architecture
Related violations: <none>

TIMING-16#544 Warning
Large setup violation  
There is a large setup violation of -2.822 ns between u_detector/c4_bin34_reg[3]/C (clocked by sys_clk_pin) and u_detector/best_score_reg[28]/CE (clocked by sys_clk_pin). Large setup violations at the end of those stages might be difficult to fix during the post-placement implementation flow and could be the result of non-optimal XDC constraints or non-optimal design architecture
Related violations: <none>

TIMING-16#545 Warning
Large setup violation  
There is a large setup violation of -2.824 ns between u_chord_detector/held_idx1_reg[0]/C (clocked by sys_clk_pin) and u_chord_detector/event_peak_reg[18]/CE (clocked by sys_clk_pin). Large setup violations at the end of those stages might be difficult to fix during the post-placement implementation flow and could be the result of non-optimal XDC constraints or non-optimal design architecture
Related violations: <none>

TIMING-16#546 Warning
Large setup violation  
There is a large setup violation of -2.824 ns between u_chord_detector/held_idx1_reg[0]/C (clocked by sys_clk_pin) and u_chord_detector/event_peak_reg[22]/CE (clocked by sys_clk_pin). Large setup violations at the end of those stages might be difficult to fix during the post-placement implementation flow and could be the result of non-optimal XDC constraints or non-optimal design architecture
Related violations: <none>

TIMING-16#547 Warning
Large setup violation  
There is a large setup violation of -2.824 ns between u_chord_detector/held_idx1_reg[0]/C (clocked by sys_clk_pin) and u_chord_detector/event_peak_reg[23]/CE (clocked by sys_clk_pin). Large setup violations at the end of those stages might be difficult to fix during the post-placement implementation flow and could be the result of non-optimal XDC constraints or non-optimal design architecture
Related violations: <none>

TIMING-16#548 Warning
Large setup violation  
There is a large setup violation of -2.824 ns between u_chord_detector/held_idx1_reg[0]/C (clocked by sys_clk_pin) and u_chord_detector/event_peak_reg[24]/CE (clocked by sys_clk_pin). Large setup violations at the end of those stages might be difficult to fix during the post-placement implementation flow and could be the result of non-optimal XDC constraints or non-optimal design architecture
Related violations: <none>

TIMING-16#549 Warning
Large setup violation  
There is a large setup violation of -2.824 ns between u_chord_detector/held_idx1_reg[0]/C (clocked by sys_clk_pin) and u_chord_detector/event_peak_reg[2]/CE (clocked by sys_clk_pin). Large setup violations at the end of those stages might be difficult to fix during the post-placement implementation flow and could be the result of non-optimal XDC constraints or non-optimal design architecture
Related violations: <none>

TIMING-16#550 Warning
Large setup violation  
There is a large setup violation of -2.824 ns between u_chord_detector/held_idx1_reg[0]/C (clocked by sys_clk_pin) and u_chord_detector/event_peak_reg[3]/CE (clocked by sys_clk_pin). Large setup violations at the end of those stages might be difficult to fix during the post-placement implementation flow and could be the result of non-optimal XDC constraints or non-optimal design architecture
Related violations: <none>

TIMING-16#551 Warning
Large setup violation  
There is a large setup violation of -2.824 ns between u_chord_detector/held_idx1_reg[0]/C (clocked by sys_clk_pin) and u_chord_detector/event_peak_reg[5]/CE (clocked by sys_clk_pin). Large setup violations at the end of those stages might be difficult to fix during the post-placement implementation flow and could be the result of non-optimal XDC constraints or non-optimal design architecture
Related violations: <none>

TIMING-16#552 Warning
Large setup violation  
There is a large setup violation of -2.824 ns between u_chord_detector/held_idx1_reg[0]/C (clocked by sys_clk_pin) and u_chord_detector/event_peak_reg[7]/CE (clocked by sys_clk_pin). Large setup violations at the end of those stages might be difficult to fix during the post-placement implementation flow and could be the result of non-optimal XDC constraints or non-optimal design architecture
Related violations: <none>

TIMING-16#553 Warning
Large setup violation  
There is a large setup violation of -2.826 ns between u_chord_detector/held_idx1_reg[0]/C (clocked by sys_clk_pin) and u_chord_detector/event_peak_reg[13]/CE (clocked by sys_clk_pin). Large setup violations at the end of those stages might be difficult to fix during the post-placement implementation flow and could be the result of non-optimal XDC constraints or non-optimal design architecture
Related violations: <none>

TIMING-16#554 Warning
Large setup violation  
There is a large setup violation of -2.826 ns between u_chord_detector/held_idx1_reg[0]/C (clocked by sys_clk_pin) and u_chord_detector/event_peak_reg[8]/CE (clocked by sys_clk_pin). Large setup violations at the end of those stages might be difficult to fix during the post-placement implementation flow and could be the result of non-optimal XDC constraints or non-optimal design architecture
Related violations: <none>

TIMING-16#555 Warning
Large setup violation  
There is a large setup violation of -2.831 ns between u_detector/c4_bin34_reg[3]/C (clocked by sys_clk_pin) and u_detector/best_h3_reg[11]/CE (clocked by sys_clk_pin). Large setup violations at the end of those stages might be difficult to fix during the post-placement implementation flow and could be the result of non-optimal XDC constraints or non-optimal design architecture
Related violations: <none>

TIMING-16#556 Warning
Large setup violation  
There is a large setup violation of -2.831 ns between u_detector/c4_bin34_reg[3]/C (clocked by sys_clk_pin) and u_detector/best_score_reg[3]/CE (clocked by sys_clk_pin). Large setup violations at the end of those stages might be difficult to fix during the post-placement implementation flow and could be the result of non-optimal XDC constraints or non-optimal design architecture
Related violations: <none>

TIMING-16#557 Warning
Large setup violation  
There is a large setup violation of -2.834 ns between u_chord_detector/held_idx1_reg[0]/C (clocked by sys_clk_pin) and u_chord_detector/event_peak_reg[19]/CE (clocked by sys_clk_pin). Large setup violations at the end of those stages might be difficult to fix during the post-placement implementation flow and could be the result of non-optimal XDC constraints or non-optimal design architecture
Related violations: <none>

TIMING-16#558 Warning
Large setup violation  
There is a large setup violation of -2.834 ns between u_chord_detector/held_idx1_reg[0]/C (clocked by sys_clk_pin) and u_chord_detector/event_peak_reg[20]/CE (clocked by sys_clk_pin). Large setup violations at the end of those stages might be difficult to fix during the post-placement implementation flow and could be the result of non-optimal XDC constraints or non-optimal design architecture
Related violations: <none>

TIMING-16#559 Warning
Large setup violation  
There is a large setup violation of -2.834 ns between u_chord_detector/held_idx1_reg[0]/C (clocked by sys_clk_pin) and u_chord_detector/event_peak_reg[21]/CE (clocked by sys_clk_pin). Large setup violations at the end of those stages might be difficult to fix during the post-placement implementation flow and could be the result of non-optimal XDC constraints or non-optimal design architecture
Related violations: <none>

TIMING-16#560 Warning
Large setup violation  
There is a large setup violation of -2.840 ns between u_detector/c4_bin34_reg[3]/C (clocked by sys_clk_pin) and u_detector/best_f_reg[10]/CE (clocked by sys_clk_pin). Large setup violations at the end of those stages might be difficult to fix during the post-placement implementation flow and could be the result of non-optimal XDC constraints or non-optimal design architecture
Related violations: <none>

TIMING-16#561 Warning
Large setup violation  
There is a large setup violation of -2.840 ns between u_detector/c4_bin34_reg[3]/C (clocked by sys_clk_pin) and u_detector/best_f_reg[7]/CE (clocked by sys_clk_pin). Large setup violations at the end of those stages might be difficult to fix during the post-placement implementation flow and could be the result of non-optimal XDC constraints or non-optimal design architecture
Related violations: <none>

TIMING-16#562 Warning
Large setup violation  
There is a large setup violation of -2.840 ns between u_detector/c4_bin34_reg[3]/C (clocked by sys_clk_pin) and u_detector/best_f_reg[8]/CE (clocked by sys_clk_pin). Large setup violations at the end of those stages might be difficult to fix during the post-placement implementation flow and could be the result of non-optimal XDC constraints or non-optimal design architecture
Related violations: <none>

TIMING-16#563 Warning
Large setup violation  
There is a large setup violation of -2.840 ns between u_detector/c4_bin34_reg[3]/C (clocked by sys_clk_pin) and u_detector/best_f_reg[9]/CE (clocked by sys_clk_pin). Large setup violations at the end of those stages might be difficult to fix during the post-placement implementation flow and could be the result of non-optimal XDC constraints or non-optimal design architecture
Related violations: <none>

TIMING-16#564 Warning
Large setup violation  
There is a large setup violation of -2.858 ns between u_detector/c4_bin34_reg[3]/C (clocked by sys_clk_pin) and u_detector/best_f_reg[18]/CE (clocked by sys_clk_pin). Large setup violations at the end of those stages might be difficult to fix during the post-placement implementation flow and could be the result of non-optimal XDC constraints or non-optimal design architecture
Related violations: <none>

TIMING-16#565 Warning
Large setup violation  
There is a large setup violation of -2.858 ns between u_detector/c4_bin34_reg[3]/C (clocked by sys_clk_pin) and u_detector/best_f_reg[22]/CE (clocked by sys_clk_pin). Large setup violations at the end of those stages might be difficult to fix during the post-placement implementation flow and could be the result of non-optimal XDC constraints or non-optimal design architecture
Related violations: <none>

TIMING-16#566 Warning
Large setup violation  
There is a large setup violation of -2.858 ns between u_detector/c4_bin34_reg[3]/C (clocked by sys_clk_pin) and u_detector/best_h3_reg[10]/CE (clocked by sys_clk_pin). Large setup violations at the end of those stages might be difficult to fix during the post-placement implementation flow and could be the result of non-optimal XDC constraints or non-optimal design architecture
Related violations: <none>

TIMING-16#567 Warning
Large setup violation  
There is a large setup violation of -2.858 ns between u_detector/c4_bin34_reg[3]/C (clocked by sys_clk_pin) and u_detector/best_h3_reg[9]/CE (clocked by sys_clk_pin). Large setup violations at the end of those stages might be difficult to fix during the post-placement implementation flow and could be the result of non-optimal XDC constraints or non-optimal design architecture
Related violations: <none>

TIMING-16#568 Warning
Large setup violation  
There is a large setup violation of -2.862 ns between u_detector/c4_bin34_reg[3]/C (clocked by sys_clk_pin) and u_detector/best_h2_reg[0]/CE (clocked by sys_clk_pin). Large setup violations at the end of those stages might be difficult to fix during the post-placement implementation flow and could be the result of non-optimal XDC constraints or non-optimal design architecture
Related violations: <none>

TIMING-16#569 Warning
Large setup violation  
There is a large setup violation of -2.862 ns between u_detector/c4_bin34_reg[3]/C (clocked by sys_clk_pin) and u_detector/best_h2_reg[15]/CE (clocked by sys_clk_pin). Large setup violations at the end of those stages might be difficult to fix during the post-placement implementation flow and could be the result of non-optimal XDC constraints or non-optimal design architecture
Related violations: <none>

TIMING-16#570 Warning
Large setup violation  
There is a large setup violation of -2.864 ns between u_chord_detector/held_idx1_reg[0]/C (clocked by sys_clk_pin) and u_chord_detector/event_peak_reg[10]/CE (clocked by sys_clk_pin). Large setup violations at the end of those stages might be difficult to fix during the post-placement implementation flow and could be the result of non-optimal XDC constraints or non-optimal design architecture
Related violations: <none>

TIMING-16#571 Warning
Large setup violation  
There is a large setup violation of -2.864 ns between u_chord_detector/held_idx1_reg[0]/C (clocked by sys_clk_pin) and u_chord_detector/event_peak_reg[17]/CE (clocked by sys_clk_pin). Large setup violations at the end of those stages might be difficult to fix during the post-placement implementation flow and could be the result of non-optimal XDC constraints or non-optimal design architecture
Related violations: <none>

TIMING-16#572 Warning
Large setup violation  
There is a large setup violation of -2.864 ns between u_chord_detector/held_idx1_reg[0]/C (clocked by sys_clk_pin) and u_chord_detector/event_peak_reg[1]/CE (clocked by sys_clk_pin). Large setup violations at the end of those stages might be difficult to fix during the post-placement implementation flow and could be the result of non-optimal XDC constraints or non-optimal design architecture
Related violations: <none>

TIMING-16#573 Warning
Large setup violation  
There is a large setup violation of -2.864 ns between u_chord_detector/held_idx1_reg[0]/C (clocked by sys_clk_pin) and u_chord_detector/event_peak_reg[9]/CE (clocked by sys_clk_pin). Large setup violations at the end of those stages might be difficult to fix during the post-placement implementation flow and could be the result of non-optimal XDC constraints or non-optimal design architecture
Related violations: <none>

TIMING-16#574 Warning
Large setup violation  
There is a large setup violation of -2.869 ns between u_detector/c4_bin34_reg[3]/C (clocked by sys_clk_pin) and u_detector/best_score_reg[14]/CE (clocked by sys_clk_pin). Large setup violations at the end of those stages might be difficult to fix during the post-placement implementation flow and could be the result of non-optimal XDC constraints or non-optimal design architecture
Related violations: <none>

TIMING-16#575 Warning
Large setup violation  
There is a large setup violation of -2.869 ns between u_detector/c4_bin34_reg[3]/C (clocked by sys_clk_pin) and u_detector/best_score_reg[15]/CE (clocked by sys_clk_pin). Large setup violations at the end of those stages might be difficult to fix during the post-placement implementation flow and could be the result of non-optimal XDC constraints or non-optimal design architecture
Related violations: <none>

TIMING-16#576 Warning
Large setup violation  
There is a large setup violation of -2.869 ns between u_detector/c4_bin34_reg[3]/C (clocked by sys_clk_pin) and u_detector/best_score_reg[17]/CE (clocked by sys_clk_pin). Large setup violations at the end of those stages might be difficult to fix during the post-placement implementation flow and could be the result of non-optimal XDC constraints or non-optimal design architecture
Related violations: <none>

TIMING-16#577 Warning
Large setup violation  
There is a large setup violation of -2.869 ns between u_detector/c4_bin34_reg[3]/C (clocked by sys_clk_pin) and u_detector/best_score_reg[18]/CE (clocked by sys_clk_pin). Large setup violations at the end of those stages might be difficult to fix during the post-placement implementation flow and could be the result of non-optimal XDC constraints or non-optimal design architecture
Related violations: <none>

TIMING-16#578 Warning
Large setup violation  
There is a large setup violation of -2.869 ns between u_detector/c4_bin34_reg[3]/C (clocked by sys_clk_pin) and u_detector/best_score_reg[19]/CE (clocked by sys_clk_pin). Large setup violations at the end of those stages might be difficult to fix during the post-placement implementation flow and could be the result of non-optimal XDC constraints or non-optimal design architecture
Related violations: <none>

TIMING-16#579 Warning
Large setup violation  
There is a large setup violation of -2.869 ns between u_detector/c4_bin34_reg[3]/C (clocked by sys_clk_pin) and u_detector/best_score_reg[20]/CE (clocked by sys_clk_pin). Large setup violations at the end of those stages might be difficult to fix during the post-placement implementation flow and could be the result of non-optimal XDC constraints or non-optimal design architecture
Related violations: <none>

TIMING-16#580 Warning
Large setup violation  
There is a large setup violation of -2.872 ns between u_detector/c4_bin34_reg[3]/C (clocked by sys_clk_pin) and u_detector/best_score_reg[10]/CE (clocked by sys_clk_pin). Large setup violations at the end of those stages might be difficult to fix during the post-placement implementation flow and could be the result of non-optimal XDC constraints or non-optimal design architecture
Related violations: <none>

TIMING-16#581 Warning
Large setup violation  
There is a large setup violation of -2.877 ns between u_detector/c4_bin34_reg[3]/C (clocked by sys_clk_pin) and u_detector/best_h2_reg[5]/CE (clocked by sys_clk_pin). Large setup violations at the end of those stages might be difficult to fix during the post-placement implementation flow and could be the result of non-optimal XDC constraints or non-optimal design architecture
Related violations: <none>

TIMING-16#582 Warning
Large setup violation  
There is a large setup violation of -2.878 ns between u_detector/c4_bin34_reg[3]/C (clocked by sys_clk_pin) and u_detector/best_score_reg[9]/CE (clocked by sys_clk_pin). Large setup violations at the end of those stages might be difficult to fix during the post-placement implementation flow and could be the result of non-optimal XDC constraints or non-optimal design architecture
Related violations: <none>

TIMING-16#583 Warning
Large setup violation  
There is a large setup violation of -2.894 ns between u_detector/c4_bin34_reg[3]/C (clocked by sys_clk_pin) and u_detector/best_f_reg[4]/CE (clocked by sys_clk_pin). Large setup violations at the end of those stages might be difficult to fix during the post-placement implementation flow and could be the result of non-optimal XDC constraints or non-optimal design architecture
Related violations: <none>

TIMING-16#584 Warning
Large setup violation  
There is a large setup violation of -2.894 ns between u_detector/c4_bin34_reg[3]/C (clocked by sys_clk_pin) and u_detector/best_h3_reg[4]/CE (clocked by sys_clk_pin). Large setup violations at the end of those stages might be difficult to fix during the post-placement implementation flow and could be the result of non-optimal XDC constraints or non-optimal design architecture
Related violations: <none>

TIMING-16#585 Warning
Large setup violation  
There is a large setup violation of -2.903 ns between u_chord_detector/held_idx1_reg[0]/C (clocked by sys_clk_pin) and u_chord_detector/level_pair1_reg[0]/CE (clocked by sys_clk_pin). Large setup violations at the end of those stages might be difficult to fix during the post-placement implementation flow and could be the result of non-optimal XDC constraints or non-optimal design architecture
Related violations: <none>

TIMING-16#586 Warning
Large setup violation  
There is a large setup violation of -2.903 ns between u_chord_detector/held_idx1_reg[0]/C (clocked by sys_clk_pin) and u_chord_detector/level_pair1_reg[2]/CE (clocked by sys_clk_pin). Large setup violations at the end of those stages might be difficult to fix during the post-placement implementation flow and could be the result of non-optimal XDC constraints or non-optimal design architecture
Related violations: <none>

TIMING-16#587 Warning
Large setup violation  
There is a large setup violation of -2.903 ns between u_chord_detector/held_idx1_reg[0]/C (clocked by sys_clk_pin) and u_chord_detector/level_pair1_reg[3]/CE (clocked by sys_clk_pin). Large setup violations at the end of those stages might be difficult to fix during the post-placement implementation flow and could be the result of non-optimal XDC constraints or non-optimal design architecture
Related violations: <none>

TIMING-16#588 Warning
Large setup violation  
There is a large setup violation of -2.903 ns between u_chord_detector/held_idx1_reg[0]/C (clocked by sys_clk_pin) and u_chord_detector/level_pair2_reg[0]/CE (clocked by sys_clk_pin). Large setup violations at the end of those stages might be difficult to fix during the post-placement implementation flow and could be the result of non-optimal XDC constraints or non-optimal design architecture
Related violations: <none>

TIMING-16#589 Warning
Large setup violation  
There is a large setup violation of -2.909 ns between u_chord_detector/held_idx1_reg[0]/C (clocked by sys_clk_pin) and u_chord_detector/event_peak_reg[3]/D (clocked by sys_clk_pin). Large setup violations at the end of those stages might be difficult to fix during the post-placement implementation flow and could be the result of non-optimal XDC constraints or non-optimal design architecture
Related violations: <none>

TIMING-16#590 Warning
Large setup violation  
There is a large setup violation of -2.920 ns between u_chord_detector/held_idx1_reg[0]/C (clocked by sys_clk_pin) and u_chord_detector/event_peak_reg[26]/D (clocked by sys_clk_pin). Large setup violations at the end of those stages might be difficult to fix during the post-placement implementation flow and could be the result of non-optimal XDC constraints or non-optimal design architecture
Related violations: <none>

TIMING-16#591 Warning
Large setup violation  
There is a large setup violation of -2.930 ns between u_chord_detector/held_idx1_reg[0]/C (clocked by sys_clk_pin) and u_chord_detector/event_peak_reg[12]/CE (clocked by sys_clk_pin). Large setup violations at the end of those stages might be difficult to fix during the post-placement implementation flow and could be the result of non-optimal XDC constraints or non-optimal design architecture
Related violations: <none>

TIMING-16#592 Warning
Large setup violation  
There is a large setup violation of -2.930 ns between u_chord_detector/held_idx1_reg[0]/C (clocked by sys_clk_pin) and u_chord_detector/event_peak_reg[25]/CE (clocked by sys_clk_pin). Large setup violations at the end of those stages might be difficult to fix during the post-placement implementation flow and could be the result of non-optimal XDC constraints or non-optimal design architecture
Related violations: <none>

TIMING-16#593 Warning
Large setup violation  
There is a large setup violation of -2.931 ns between u_chord_detector/held_idx1_reg[0]/C (clocked by sys_clk_pin) and u_chord_detector/event_peak_reg[0]/D (clocked by sys_clk_pin). Large setup violations at the end of those stages might be difficult to fix during the post-placement implementation flow and could be the result of non-optimal XDC constraints or non-optimal design architecture
Related violations: <none>

TIMING-16#594 Warning
Large setup violation  
There is a large setup violation of -2.941 ns between u_chord_detector/held_idx1_reg[0]/C (clocked by sys_clk_pin) and u_chord_detector/event_peak_reg[6]/D (clocked by sys_clk_pin). Large setup violations at the end of those stages might be difficult to fix during the post-placement implementation flow and could be the result of non-optimal XDC constraints or non-optimal design architecture
Related violations: <none>

TIMING-16#595 Warning
Large setup violation  
There is a large setup violation of -2.944 ns between u_chord_detector/held_idx1_reg[0]/C (clocked by sys_clk_pin) and u_chord_detector/level_pair1_reg[1]/CE (clocked by sys_clk_pin). Large setup violations at the end of those stages might be difficult to fix during the post-placement implementation flow and could be the result of non-optimal XDC constraints or non-optimal design architecture
Related violations: <none>

TIMING-16#596 Warning
Large setup violation  
There is a large setup violation of -2.944 ns between u_chord_detector/held_idx1_reg[0]/C (clocked by sys_clk_pin) and u_chord_detector/level_pair2_reg[1]/CE (clocked by sys_clk_pin). Large setup violations at the end of those stages might be difficult to fix during the post-placement implementation flow and could be the result of non-optimal XDC constraints or non-optimal design architecture
Related violations: <none>

TIMING-16#597 Warning
Large setup violation  
There is a large setup violation of -2.944 ns between u_chord_detector/held_idx1_reg[0]/C (clocked by sys_clk_pin) and u_chord_detector/level_pair2_reg[2]/CE (clocked by sys_clk_pin). Large setup violations at the end of those stages might be difficult to fix during the post-placement implementation flow and could be the result of non-optimal XDC constraints or non-optimal design architecture
Related violations: <none>

TIMING-16#598 Warning
Large setup violation  
There is a large setup violation of -2.944 ns between u_chord_detector/held_idx1_reg[0]/C (clocked by sys_clk_pin) and u_chord_detector/level_pair2_reg[3]/CE (clocked by sys_clk_pin). Large setup violations at the end of those stages might be difficult to fix during the post-placement implementation flow and could be the result of non-optimal XDC constraints or non-optimal design architecture
Related violations: <none>

TIMING-16#599 Warning
Large setup violation  
There is a large setup violation of -2.965 ns between u_chord_detector/held_idx1_reg[0]/C (clocked by sys_clk_pin) and u_chord_detector/event_peak_reg[4]/CE (clocked by sys_clk_pin). Large setup violations at the end of those stages might be difficult to fix during the post-placement implementation flow and could be the result of non-optimal XDC constraints or non-optimal design architecture
Related violations: <none>

TIMING-16#600 Warning
Large setup violation  
There is a large setup violation of -2.968 ns between u_chord_detector/held_idx1_reg[0]/C (clocked by sys_clk_pin) and u_chord_detector/event_peak_reg[11]/CE (clocked by sys_clk_pin). Large setup violations at the end of those stages might be difficult to fix during the post-placement implementation flow and could be the result of non-optimal XDC constraints or non-optimal design architecture
Related violations: <none>

TIMING-16#601 Warning
Large setup violation  
There is a large setup violation of -2.968 ns between u_chord_detector/held_idx1_reg[0]/C (clocked by sys_clk_pin) and u_chord_detector/event_peak_reg[14]/CE (clocked by sys_clk_pin). Large setup violations at the end of those stages might be difficult to fix during the post-placement implementation flow and could be the result of non-optimal XDC constraints or non-optimal design architecture
Related violations: <none>

TIMING-16#602 Warning
Large setup violation  
There is a large setup violation of -2.968 ns between u_chord_detector/held_idx1_reg[0]/C (clocked by sys_clk_pin) and u_chord_detector/event_peak_reg[15]/CE (clocked by sys_clk_pin). Large setup violations at the end of those stages might be difficult to fix during the post-placement implementation flow and could be the result of non-optimal XDC constraints or non-optimal design architecture
Related violations: <none>

TIMING-16#603 Warning
Large setup violation  
There is a large setup violation of -2.968 ns between u_chord_detector/held_idx1_reg[0]/C (clocked by sys_clk_pin) and u_chord_detector/event_peak_reg[16]/CE (clocked by sys_clk_pin). Large setup violations at the end of those stages might be difficult to fix during the post-placement implementation flow and could be the result of non-optimal XDC constraints or non-optimal design architecture
Related violations: <none>

TIMING-16#604 Warning
Large setup violation  
There is a large setup violation of -3.094 ns between u_chord_detector/held_idx1_reg[0]/C (clocked by sys_clk_pin) and u_chord_detector/event_peak_reg[24]/D (clocked by sys_clk_pin). Large setup violations at the end of those stages might be difficult to fix during the post-placement implementation flow and could be the result of non-optimal XDC constraints or non-optimal design architecture
Related violations: <none>

TIMING-16#605 Warning
Large setup violation  
There is a large setup violation of -3.298 ns between u_detector/c4_bin34_reg[3]/C (clocked by sys_clk_pin) and u_detector/fund_bin_reg[0]/D (clocked by sys_clk_pin). Large setup violations at the end of those stages might be difficult to fix during the post-placement implementation flow and could be the result of non-optimal XDC constraints or non-optimal design architecture
Related violations: <none>

TIMING-16#606 Warning
Large setup violation  
There is a large setup violation of -3.342 ns between u_detector/c4_bin34_reg[3]/C (clocked by sys_clk_pin) and u_detector/fund_bin_reg[4]/D (clocked by sys_clk_pin). Large setup violations at the end of those stages might be difficult to fix during the post-placement implementation flow and could be the result of non-optimal XDC constraints or non-optimal design architecture
Related violations: <none>

TIMING-16#607 Warning
Large setup violation  
There is a large setup violation of -3.344 ns between u_detector/c4_bin34_reg[3]/C (clocked by sys_clk_pin) and u_detector/fund_bin_reg[1]/D (clocked by sys_clk_pin). Large setup violations at the end of those stages might be difficult to fix during the post-placement implementation flow and could be the result of non-optimal XDC constraints or non-optimal design architecture
Related violations: <none>

TIMING-16#608 Warning
Large setup violation  
There is a large setup violation of -3.348 ns between u_detector/c4_bin34_reg[3]/C (clocked by sys_clk_pin) and u_detector/pitch_valid_reg/D (clocked by sys_clk_pin). Large setup violations at the end of those stages might be difficult to fix during the post-placement implementation flow and could be the result of non-optimal XDC constraints or non-optimal design architecture
Related violations: <none>

TIMING-16#609 Warning
Large setup violation  
There is a large setup violation of -3.408 ns between u_detector/c4_bin34_reg[3]/C (clocked by sys_clk_pin) and u_detector/fund_bin_reg[5]/D (clocked by sys_clk_pin). Large setup violations at the end of those stages might be difficult to fix during the post-placement implementation flow and could be the result of non-optimal XDC constraints or non-optimal design architecture
Related violations: <none>

TIMING-16#610 Warning
Large setup violation  
There is a large setup violation of -3.409 ns between u_detector/c4_bin34_reg[3]/C (clocked by sys_clk_pin) and u_detector/fund_bin_reg[3]/D (clocked by sys_clk_pin). Large setup violations at the end of those stages might be difficult to fix during the post-placement implementation flow and could be the result of non-optimal XDC constraints or non-optimal design architecture
Related violations: <none>

TIMING-16#611 Warning
Large setup violation  
There is a large setup violation of -3.439 ns between u_detector/c4_bin34_reg[3]/C (clocked by sys_clk_pin) and u_detector/third_ok_reg/D (clocked by sys_clk_pin). Large setup violations at the end of those stages might be difficult to fix during the post-placement implementation flow and could be the result of non-optimal XDC constraints or non-optimal design architecture
Related violations: <none>

TIMING-16#612 Warning
Large setup violation  
There is a large setup violation of -3.471 ns between u_detector/c4_bin34_reg[3]/C (clocked by sys_clk_pin) and u_detector/fund_bin_reg[6]/D (clocked by sys_clk_pin). Large setup violations at the end of those stages might be difficult to fix during the post-placement implementation flow and could be the result of non-optimal XDC constraints or non-optimal design architecture
Related violations: <none>

TIMING-16#613 Warning
Large setup violation  
There is a large setup violation of -3.474 ns between u_detector/c4_bin34_reg[3]/C (clocked by sys_clk_pin) and u_detector/fund_bin_reg[2]/D (clocked by sys_clk_pin). Large setup violations at the end of those stages might be difficult to fix during the post-placement implementation flow and could be the result of non-optimal XDC constraints or non-optimal design architecture
Related violations: <none>

TIMING-16#614 Warning
Large setup violation  
There is a large setup violation of -3.478 ns between u_detector/c4_bin34_reg[3]/C (clocked by sys_clk_pin) and u_detector/second_ok_reg/D (clocked by sys_clk_pin). Large setup violations at the end of those stages might be difficult to fix during the post-placement implementation flow and could be the result of non-optimal XDC constraints or non-optimal design architecture
Related violations: <none>

TIMING-18#1 Warning
Missing input or output delay  
An input delay is missing on btnC relative to the rising and/or falling clock edge(s) of sys_clk_pin.
Related violations: <none>

TIMING-18#2 Warning
Missing input or output delay  
An input delay is missing on btnU relative to the rising and/or falling clock edge(s) of sys_clk_pin.
Related violations: <none>

TIMING-18#3 Warning
Missing input or output delay  
An input delay is missing on ja_rx relative to the rising and/or falling clock edge(s) of sys_clk_pin.
Related violations: <none>

TIMING-18#4 Warning
Missing input or output delay  
An input delay is missing on mode_chord relative to the rising and/or falling clock edge(s) of sys_clk_pin.
Related violations: <none>

TIMING-18#5 Warning
Missing input or output delay  
An input delay is missing on sw_tgt[0] relative to the rising and/or falling clock edge(s) of sys_clk_pin.
Related violations: <none>

TIMING-18#6 Warning
Missing input or output delay  
An input delay is missing on sw_tgt[1] relative to the rising and/or falling clock edge(s) of sys_clk_pin.
Related violations: <none>

TIMING-18#7 Warning
Missing input or output delay  
An input delay is missing on sw_tgt[2] relative to the rising and/or falling clock edge(s) of sys_clk_pin.
Related violations: <none>

TIMING-18#8 Warning
Missing input or output delay  
An input delay is missing on sw_tgt[3] relative to the rising and/or falling clock edge(s) of sys_clk_pin.
Related violations: <none>

TIMING-18#9 Warning
Missing input or output delay  
An output delay is missing on an[0] relative to the rising and/or falling clock edge(s) of sys_clk_pin.
Related violations: <none>

TIMING-18#10 Warning
Missing input or output delay  
An output delay is missing on an[1] relative to the rising and/or falling clock edge(s) of sys_clk_pin.
Related violations: <none>

TIMING-18#11 Warning
Missing input or output delay  
An output delay is missing on an[2] relative to the rising and/or falling clock edge(s) of sys_clk_pin.
Related violations: <none>

TIMING-18#12 Warning
Missing input or output delay  
An output delay is missing on an[3] relative to the rising and/or falling clock edge(s) of sys_clk_pin.
Related violations: <none>

TIMING-18#13 Warning
Missing input or output delay  
An output delay is missing on dp relative to the rising and/or falling clock edge(s) of sys_clk_pin.
Related violations: <none>

TIMING-18#14 Warning
Missing input or output delay  
An output delay is missing on ja_buz relative to the rising and/or falling clock edge(s) of sys_clk_pin.
Related violations: <none>

TIMING-18#15 Warning
Missing input or output delay  
An output delay is missing on led[0] relative to the rising and/or falling clock edge(s) of sys_clk_pin.
Related violations: <none>

TIMING-18#16 Warning
Missing input or output delay  
An output delay is missing on led[10] relative to the rising and/or falling clock edge(s) of sys_clk_pin.
Related violations: <none>

TIMING-18#17 Warning
Missing input or output delay  
An output delay is missing on led[11] relative to the rising and/or falling clock edge(s) of sys_clk_pin.
Related violations: <none>

TIMING-18#18 Warning
Missing input or output delay  
An output delay is missing on led[12] relative to the rising and/or falling clock edge(s) of sys_clk_pin.
Related violations: <none>

TIMING-18#19 Warning
Missing input or output delay  
An output delay is missing on led[13] relative to the rising and/or falling clock edge(s) of sys_clk_pin.
Related violations: <none>

TIMING-18#20 Warning
Missing input or output delay  
An output delay is missing on led[14] relative to the rising and/or falling clock edge(s) of sys_clk_pin.
Related violations: <none>

TIMING-18#21 Warning
Missing input or output delay  
An output delay is missing on led[15] relative to the rising and/or falling clock edge(s) of sys_clk_pin.
Related violations: <none>

TIMING-18#22 Warning
Missing input or output delay  
An output delay is missing on led[1] relative to the rising and/or falling clock edge(s) of sys_clk_pin.
Related violations: <none>

TIMING-18#23 Warning
Missing input or output delay  
An output delay is missing on led[2] relative to the rising and/or falling clock edge(s) of sys_clk_pin.
Related violations: <none>

TIMING-18#24 Warning
Missing input or output delay  
An output delay is missing on led[3] relative to the rising and/or falling clock edge(s) of sys_clk_pin.
Related violations: <none>

TIMING-18#25 Warning
Missing input or output delay  
An output delay is missing on led[4] relative to the rising and/or falling clock edge(s) of sys_clk_pin.
Related violations: <none>

TIMING-18#26 Warning
Missing input or output delay  
An output delay is missing on led[5] relative to the rising and/or falling clock edge(s) of sys_clk_pin.
Related violations: <none>

TIMING-18#27 Warning
Missing input or output delay  
An output delay is missing on led[6] relative to the rising and/or falling clock edge(s) of sys_clk_pin.
Related violations: <none>

TIMING-18#28 Warning
Missing input or output delay  
An output delay is missing on led[7] relative to the rising and/or falling clock edge(s) of sys_clk_pin.
Related violations: <none>

TIMING-18#29 Warning
Missing input or output delay  
An output delay is missing on led[8] relative to the rising and/or falling clock edge(s) of sys_clk_pin.
Related violations: <none>

TIMING-18#30 Warning
Missing input or output delay  
An output delay is missing on led[9] relative to the rising and/or falling clock edge(s) of sys_clk_pin.
Related violations: <none>

TIMING-18#31 Warning
Missing input or output delay  
An output delay is missing on seg[0] relative to the rising and/or falling clock edge(s) of sys_clk_pin.
Related violations: <none>

TIMING-18#32 Warning
Missing input or output delay  
An output delay is missing on seg[1] relative to the rising and/or falling clock edge(s) of sys_clk_pin.
Related violations: <none>

TIMING-18#33 Warning
Missing input or output delay  
An output delay is missing on seg[2] relative to the rising and/or falling clock edge(s) of sys_clk_pin.
Related violations: <none>

TIMING-18#34 Warning
Missing input or output delay  
An output delay is missing on seg[3] relative to the rising and/or falling clock edge(s) of sys_clk_pin.
Related violations: <none>

TIMING-18#35 Warning
Missing input or output delay  
An output delay is missing on seg[4] relative to the rising and/or falling clock edge(s) of sys_clk_pin.
Related violations: <none>

TIMING-18#36 Warning
Missing input or output delay  
An output delay is missing on seg[5] relative to the rising and/or falling clock edge(s) of sys_clk_pin.
Related violations: <none>

TIMING-18#37 Warning
Missing input or output delay  
An output delay is missing on seg[6] relative to the rising and/or falling clock edge(s) of sys_clk_pin.
Related violations: <none>


