
*** Running vivado
    with args -log pitch_fft_voice_top.vdi -applog -m64 -product Vivado -messageDb vivado.pb -mode batch -source pitch_fft_voice_top.tcl -notrace


****** Vivado v2024.2 (64-bit)
  **** SW Build 5239630 on Fri Nov 08 22:34:34 MST 2024
  **** IP Build 5239520 on Sun Nov 10 16:12:51 MST 2024
  **** SharedData Build 5239561 on Fri Nov 08 14:39:27 MST 2024
  **** Start of session at: Wed Sep 30 11:33:46 2026
    ** Copyright 1986-2022 Xilinx, Inc. All Rights Reserved.
    ** Copyright 2022-2024 Advanced Micro Devices, Inc. All Rights Reserved.

source pitch_fft_voice_top.tcl -notrace
Command: link_design -top pitch_fft_voice_top -part xc7a35tcpg236-1
Design is defaulting to srcset: sources_1
Design is defaulting to constrset: constrs_1
INFO: [Device 21-403] Loading part xc7a35tcpg236-1
INFO: [Project 1-454] Reading design checkpoint '/home/user13/Documents/MoonLab/lab_AMD/pitch_fft_voice/pitch_fft_voice.gen/sources_1/ip/xfft_0_1/xfft_0.dcp' for cell 'u_fft'
Netlist sorting complete. Time (s): cpu = 00:00:00.03 ; elapsed = 00:00:00.04 . Memory (MB): peak = 1468.023 ; gain = 0.000 ; free physical = 2355 ; free virtual = 38152
INFO: [Netlist 29-17] Analyzing 445 Unisim elements for replacement
INFO: [Netlist 29-28] Unisim Transformation completed in 0 CPU seconds
INFO: [Project 1-479] Netlist was created with Vivado 2024.2
INFO: [Project 1-570] Preparing netlist for logic optimization
Parsing XDC File [/home/user13/Documents/MoonLab/lab_AMD/pitch_fft_voice/pitch_fft_voice.srcs/constrs_1/imports/Downloads/pitch_fft_voice.xdc]
Finished Parsing XDC File [/home/user13/Documents/MoonLab/lab_AMD/pitch_fft_voice/pitch_fft_voice.srcs/constrs_1/imports/Downloads/pitch_fft_voice.xdc]
INFO: [Opt 31-138] Pushed 0 inverter(s) to 0 load pin(s).
Netlist sorting complete. Time (s): cpu = 00:00:00 ; elapsed = 00:00:00 . Memory (MB): peak = 1691.582 ; gain = 0.000 ; free physical = 2256 ; free virtual = 38052
INFO: [Project 1-111] Unisim Transformation Summary:
No Unisim elements were transformed.

8 Infos, 0 Warnings, 0 Critical Warnings and 0 Errors encountered.
link_design completed successfully
Command: opt_design
Attempting to get a license for feature 'Implementation' and/or device 'xc7a35t'
INFO: [Common 17-349] Got license for feature 'Implementation' and/or device 'xc7a35t'
Running DRC as a precondition to command opt_design

Starting DRC Task
INFO: [DRC 23-27] Running DRC with 8 threads
INFO: [Project 1-461] DRC finished with 0 Errors
INFO: [Project 1-462] Please refer to the DRC report (report_drc) for more information.

Time (s): cpu = 00:00:01 ; elapsed = 00:00:00.45 . Memory (MB): peak = 1821.871 ; gain = 130.289 ; free physical = 2180 ; free virtual = 37977

Starting Cache Timing Information Task
INFO: [Timing 38-35] Done setting XDC timing constraints.
Ending Cache Timing Information Task | Checksum: 209153297

Time (s): cpu = 00:00:06 ; elapsed = 00:00:06 . Memory (MB): peak = 2185.793 ; gain = 363.922 ; free physical = 1797 ; free virtual = 37594

Starting Logic Optimization Task

Phase 1 Initialization

Phase 1.1 Core Generation And Design Setup
Phase 1.1 Core Generation And Design Setup | Checksum: 209153297

Time (s): cpu = 00:00:00.01 ; elapsed = 00:00:00.01 . Memory (MB): peak = 2529.598 ; gain = 0.000 ; free physical = 1467 ; free virtual = 37263

Phase 1.2 Setup Constraints And Sort Netlist
Phase 1.2 Setup Constraints And Sort Netlist | Checksum: 209153297

Time (s): cpu = 00:00:00.01 ; elapsed = 00:00:00.01 . Memory (MB): peak = 2529.598 ; gain = 0.000 ; free physical = 1467 ; free virtual = 37263
Phase 1 Initialization | Checksum: 209153297

Time (s): cpu = 00:00:00.01 ; elapsed = 00:00:00.01 . Memory (MB): peak = 2529.598 ; gain = 0.000 ; free physical = 1467 ; free virtual = 37263

Phase 2 Timer Update And Timing Data Collection

Phase 2.1 Timer Update
Phase 2.1 Timer Update | Checksum: 209153297

Time (s): cpu = 00:00:00.24 ; elapsed = 00:00:00.07 . Memory (MB): peak = 2529.598 ; gain = 0.000 ; free physical = 1466 ; free virtual = 37262

Phase 2.2 Timing Data Collection
Phase 2.2 Timing Data Collection | Checksum: 209153297

Time (s): cpu = 00:00:00.25 ; elapsed = 00:00:00.08 . Memory (MB): peak = 2529.598 ; gain = 0.000 ; free physical = 1464 ; free virtual = 37260
Phase 2 Timer Update And Timing Data Collection | Checksum: 209153297

Time (s): cpu = 00:00:00.25 ; elapsed = 00:00:00.08 . Memory (MB): peak = 2529.598 ; gain = 0.000 ; free physical = 1464 ; free virtual = 37260

Phase 3 Retarget
INFO: [Opt 31-1851] Number of loadless carry chains removed were: 0
INFO: [Opt 31-1834] Total Chains To Be Transformed Were: 0 AND Number of Transformed insts Created are: 0
INFO: [Opt 31-1566] Pulled 8 inverters resulting in an inversion of 52 pins
INFO: [Opt 31-138] Pushed 3 inverter(s) to 10 load pin(s).
INFO: [Opt 31-49] Retargeted 0 cell(s).
Phase 3 Retarget | Checksum: 281cb61e2

Time (s): cpu = 00:00:00.51 ; elapsed = 00:00:00.26 . Memory (MB): peak = 2529.598 ; gain = 0.000 ; free physical = 1463 ; free virtual = 37259
Retarget | Checksum: 281cb61e2
INFO: [Opt 31-389] Phase Retarget created 164 cells and removed 194 cells

Phase 4 Constant propagation
INFO: [Opt 31-138] Pushed 0 inverter(s) to 0 load pin(s).
Phase 4 Constant propagation | Checksum: 247436cbf

Time (s): cpu = 00:00:00.64 ; elapsed = 00:00:00.39 . Memory (MB): peak = 2529.598 ; gain = 0.000 ; free physical = 1463 ; free virtual = 37259
Constant propagation | Checksum: 247436cbf
INFO: [Opt 31-389] Phase Constant propagation created 106 cells and removed 442 cells

Phase 5 Sweep
INFO: [Constraints 18-11670] Building netlist checker database with flags, 0x8
Done building netlist checker database: Time (s): cpu = 00:00:00 ; elapsed = 00:00:00 . Memory (MB): peak = 2529.598 ; gain = 0.000 ; free physical = 1463 ; free virtual = 37259
INFO: [Constraints 18-11670] Building netlist checker database with flags, 0x8
Done building netlist checker database: Time (s): cpu = 00:00:00.01 ; elapsed = 00:00:00 . Memory (MB): peak = 2529.598 ; gain = 0.000 ; free physical = 1463 ; free virtual = 37259
Phase 5 Sweep | Checksum: 221189b83

Time (s): cpu = 00:00:00.74 ; elapsed = 00:00:00.49 . Memory (MB): peak = 2529.598 ; gain = 0.000 ; free physical = 1463 ; free virtual = 37259
Sweep | Checksum: 221189b83
INFO: [Opt 31-389] Phase Sweep created 0 cells and removed 48 cells

Phase 6 BUFG optimization
Phase 6 BUFG optimization | Checksum: 221189b83

Time (s): cpu = 00:00:00.82 ; elapsed = 00:00:00.54 . Memory (MB): peak = 2561.613 ; gain = 32.016 ; free physical = 1463 ; free virtual = 37259
BUFG optimization | Checksum: 221189b83
INFO: [Opt 31-662] Phase BUFG optimization created 0 cells of which 0 are BUFGs and removed 0 cells.

Phase 7 Shift Register Optimization
INFO: [Opt 31-1064] SRL Remap converted 0 SRLs to 0 registers and converted 0 registers of register chains to 0 SRLs
Phase 7 Shift Register Optimization | Checksum: 221189b83

Time (s): cpu = 00:00:00.84 ; elapsed = 00:00:00.55 . Memory (MB): peak = 2561.613 ; gain = 32.016 ; free physical = 1463 ; free virtual = 37259
Shift Register Optimization | Checksum: 221189b83
INFO: [Opt 31-389] Phase Shift Register Optimization created 0 cells and removed 0 cells

Phase 8 Post Processing Netlist
Phase 8 Post Processing Netlist | Checksum: 221189b83

Time (s): cpu = 00:00:00.85 ; elapsed = 00:00:00.56 . Memory (MB): peak = 2561.613 ; gain = 32.016 ; free physical = 1463 ; free virtual = 37259
Post Processing Netlist | Checksum: 221189b83
INFO: [Opt 31-389] Phase Post Processing Netlist created 0 cells and removed 0 cells

Phase 9 Finalization

Phase 9.1 Finalizing Design Cores and Updating Shapes
Phase 9.1 Finalizing Design Cores and Updating Shapes | Checksum: 286f6f0ee

Time (s): cpu = 00:00:01 ; elapsed = 00:00:00.72 . Memory (MB): peak = 2561.613 ; gain = 32.016 ; free physical = 1463 ; free virtual = 37259

Phase 9.2 Verifying Netlist Connectivity

Starting Connectivity Check Task

Time (s): cpu = 00:00:00.01 ; elapsed = 00:00:00.01 . Memory (MB): peak = 2561.613 ; gain = 0.000 ; free physical = 1463 ; free virtual = 37259
Phase 9.2 Verifying Netlist Connectivity | Checksum: 286f6f0ee

Time (s): cpu = 00:00:01 ; elapsed = 00:00:00.73 . Memory (MB): peak = 2561.613 ; gain = 32.016 ; free physical = 1463 ; free virtual = 37259
Phase 9 Finalization | Checksum: 286f6f0ee

Time (s): cpu = 00:00:01 ; elapsed = 00:00:00.73 . Memory (MB): peak = 2561.613 ; gain = 32.016 ; free physical = 1463 ; free virtual = 37259
Opt_design Change Summary
=========================


-------------------------------------------------------------------------------------------------------------------------
|  Phase                        |  #Cells created  |  #Cells Removed  |  #Constrained objects preventing optimizations  |
-------------------------------------------------------------------------------------------------------------------------
|  Retarget                     |             164  |             194  |                                              0  |
|  Constant propagation         |             106  |             442  |                                              0  |
|  Sweep                        |               0  |              48  |                                              0  |
|  BUFG optimization            |               0  |               0  |                                              0  |
|  Shift Register Optimization  |               0  |               0  |                                              0  |
|  Post Processing Netlist      |               0  |               0  |                                              0  |
-------------------------------------------------------------------------------------------------------------------------


Ending Logic Optimization Task | Checksum: 286f6f0ee

Time (s): cpu = 00:00:01 ; elapsed = 00:00:00.73 . Memory (MB): peak = 2561.613 ; gain = 32.016 ; free physical = 1463 ; free virtual = 37259

Starting Power Optimization Task
INFO: [Pwropt 34-132] Skipping clock gating for clocks with a period < 2.00 ns.
INFO: [Timing 38-35] Done setting XDC timing constraints.
Running Vector-less Activity Propagation...
INFO: [Pwropt 34-9] Applying IDT optimizations ...
INFO: [Pwropt 34-10] Applying ODC optimizations ...

Finished Running Vector-less Activity Propagation


Starting PowerOpt Patch Enables Task
INFO: [Pwropt 34-162] WRITE_MODE attribute of 0 BRAM(s) out of a total of 7 has been updated to save power. Run report_power_opt to get a complete listing of the BRAMs updated.
INFO: [Pwropt 34-201] Structural ODC has moved 0 WE to EN ports
Number of BRAM Ports augmented: 4 newly gated: 0 Total Ports: 14
Ending PowerOpt Patch Enables Task | Checksum: 2ea447c6e

Time (s): cpu = 00:00:00.03 ; elapsed = 00:00:00.03 . Memory (MB): peak = 2830.520 ; gain = 0.000 ; free physical = 1310 ; free virtual = 37106
Ending Power Optimization Task | Checksum: 2ea447c6e

Time (s): cpu = 00:00:02 ; elapsed = 00:00:01 . Memory (MB): peak = 2830.520 ; gain = 268.906 ; free physical = 1310 ; free virtual = 37106

Starting Final Cleanup Task
Ending Final Cleanup Task | Checksum: 2ea447c6e

Time (s): cpu = 00:00:00.01 ; elapsed = 00:00:00 . Memory (MB): peak = 2830.520 ; gain = 0.000 ; free physical = 1310 ; free virtual = 37106

Starting Netlist Obfuscation Task
Netlist sorting complete. Time (s): cpu = 00:00:00 ; elapsed = 00:00:00 . Memory (MB): peak = 2830.520 ; gain = 0.000 ; free physical = 1310 ; free virtual = 37106
Ending Netlist Obfuscation Task | Checksum: 2fd0cad12

Time (s): cpu = 00:00:00 ; elapsed = 00:00:00 . Memory (MB): peak = 2830.520 ; gain = 0.000 ; free physical = 1310 ; free virtual = 37106
INFO: [Common 17-83] Releasing license: Implementation
35 Infos, 0 Warnings, 0 Critical Warnings and 0 Errors encountered.
opt_design completed successfully
opt_design: Time (s): cpu = 00:00:13 ; elapsed = 00:00:10 . Memory (MB): peak = 2830.520 ; gain = 1138.938 ; free physical = 1310 ; free virtual = 37106
INFO: [Vivado 12-24828] Executing command : report_drc -file pitch_fft_voice_top_drc_opted.rpt -pb pitch_fft_voice_top_drc_opted.pb -rpx pitch_fft_voice_top_drc_opted.rpx
Command: report_drc -file pitch_fft_voice_top_drc_opted.rpt -pb pitch_fft_voice_top_drc_opted.pb -rpx pitch_fft_voice_top_drc_opted.rpx
INFO: [IP_Flow 19-1839] IP Catalog is up to date.
INFO: [DRC 23-27] Running DRC with 8 threads
INFO: [Vivado_Tcl 2-168] The results of DRC are in file /home/user13/Documents/MoonLab/lab_AMD/pitch_fft_voice/pitch_fft_voice.runs/impl_1/pitch_fft_voice_top_drc_opted.rpt.
report_drc completed successfully
INFO: [Timing 38-480] Writing timing data to binary archive.
Wrote PlaceDB: Time (s): cpu = 00:00:00.01 ; elapsed = 00:00:00 . Memory (MB): peak = 2830.520 ; gain = 0.000 ; free physical = 1311 ; free virtual = 37108
Wrote PulsedLatchDB: Time (s): cpu = 00:00:00 ; elapsed = 00:00:00 . Memory (MB): peak = 2830.520 ; gain = 0.000 ; free physical = 1311 ; free virtual = 37108
Writing XDEF routing.
Write ShapeDB Complete: Time (s): cpu = 00:00:00.05 ; elapsed = 00:00:00.01 . Memory (MB): peak = 2830.520 ; gain = 0.000 ; free physical = 1311 ; free virtual = 37107
Writing XDEF routing logical nets.
Writing XDEF routing special nets.
Wrote RouteStorage: Time (s): cpu = 00:00:00.07 ; elapsed = 00:00:00.01 . Memory (MB): peak = 2830.520 ; gain = 0.000 ; free physical = 1311 ; free virtual = 37107
Wrote Netlist Cache: Time (s): cpu = 00:00:00 ; elapsed = 00:00:00 . Memory (MB): peak = 2830.520 ; gain = 0.000 ; free physical = 1311 ; free virtual = 37107
Wrote Device Cache: Time (s): cpu = 00:00:00.01 ; elapsed = 00:00:00.01 . Memory (MB): peak = 2830.520 ; gain = 0.000 ; free physical = 1311 ; free virtual = 37108
Write Physdb Complete: Time (s): cpu = 00:00:00.1 ; elapsed = 00:00:00.02 . Memory (MB): peak = 2830.520 ; gain = 0.000 ; free physical = 1311 ; free virtual = 37108
INFO: [Common 17-1381] The checkpoint '/home/user13/Documents/MoonLab/lab_AMD/pitch_fft_voice/pitch_fft_voice.runs/impl_1/pitch_fft_voice_top_opt.dcp' has been generated.
Command: place_design
Attempting to get a license for feature 'Implementation' and/or device 'xc7a35t'
INFO: [Common 17-349] Got license for feature 'Implementation' and/or device 'xc7a35t'
INFO: [Common 17-83] Releasing license: Implementation
INFO: [DRC 23-27] Running DRC with 8 threads
INFO: [Vivado_Tcl 4-198] DRC finished with 0 Errors
INFO: [Vivado_Tcl 4-199] Please refer to the DRC report (report_drc) for more information.
Running DRC as a precondition to command place_design
INFO: [DRC 23-27] Running DRC with 8 threads
INFO: [Vivado_Tcl 4-198] DRC finished with 0 Errors
INFO: [Vivado_Tcl 4-199] Please refer to the DRC report (report_drc) for more information.
INFO: [Place 30-611] Multithreading enabled for place_design using a maximum of 8 CPUs

Starting Placer Task

Phase 1 Placer Initialization

Phase 1.1 Placer Initialization Netlist Sorting
Netlist sorting complete. Time (s): cpu = 00:00:00 ; elapsed = 00:00:00 . Memory (MB): peak = 2830.520 ; gain = 0.000 ; free physical = 1294 ; free virtual = 37092
Phase 1.1 Placer Initialization Netlist Sorting | Checksum: 209b55279

Time (s): cpu = 00:00:00 ; elapsed = 00:00:00 . Memory (MB): peak = 2830.520 ; gain = 0.000 ; free physical = 1294 ; free virtual = 37092
Netlist sorting complete. Time (s): cpu = 00:00:00 ; elapsed = 00:00:00 . Memory (MB): peak = 2830.520 ; gain = 0.000 ; free physical = 1294 ; free virtual = 37092

Phase 1.2 IO Placement/ Clock Placement/ Build Placer Device
INFO: [Timing 38-35] Done setting XDC timing constraints.
Phase 1.2 IO Placement/ Clock Placement/ Build Placer Device | Checksum: 241b7e850

Time (s): cpu = 00:00:01 ; elapsed = 00:00:00.39 . Memory (MB): peak = 2830.520 ; gain = 0.000 ; free physical = 1294 ; free virtual = 37092

Phase 1.3 Build Placer Netlist Model
Phase 1.3 Build Placer Netlist Model | Checksum: 2c8e37e96

Time (s): cpu = 00:00:03 ; elapsed = 00:00:01 . Memory (MB): peak = 2830.520 ; gain = 0.000 ; free physical = 1294 ; free virtual = 37092

Phase 1.4 Constrain Clocks/Macros
Phase 1.4 Constrain Clocks/Macros | Checksum: 2c8e37e96

Time (s): cpu = 00:00:03 ; elapsed = 00:00:01 . Memory (MB): peak = 2830.520 ; gain = 0.000 ; free physical = 1294 ; free virtual = 37092
Phase 1 Placer Initialization | Checksum: 2c8e37e96

Time (s): cpu = 00:00:03 ; elapsed = 00:00:01 . Memory (MB): peak = 2830.520 ; gain = 0.000 ; free physical = 1294 ; free virtual = 37092

Phase 2 Global Placement

Phase 2.1 Floorplanning
Phase 2.1 Floorplanning | Checksum: 2f80737e7

Time (s): cpu = 00:00:04 ; elapsed = 00:00:01 . Memory (MB): peak = 2830.520 ; gain = 0.000 ; free physical = 1311 ; free virtual = 37109

Phase 2.2 Update Timing before SLR Path Opt
Phase 2.2 Update Timing before SLR Path Opt | Checksum: 27f05eeab

Time (s): cpu = 00:00:05 ; elapsed = 00:00:02 . Memory (MB): peak = 2830.520 ; gain = 0.000 ; free physical = 1309 ; free virtual = 37107

Phase 2.3 Post-Processing in Floorplanning
Phase 2.3 Post-Processing in Floorplanning | Checksum: 27f05eeab

Time (s): cpu = 00:00:05 ; elapsed = 00:00:02 . Memory (MB): peak = 2830.520 ; gain = 0.000 ; free physical = 1309 ; free virtual = 37107

Phase 2.4 Global Place Phase1
Phase 2.4 Global Place Phase1 | Checksum: 1a4a34bc0

Time (s): cpu = 00:00:18 ; elapsed = 00:00:05 . Memory (MB): peak = 2830.520 ; gain = 0.000 ; free physical = 1234 ; free virtual = 37032

Phase 2.5 Global Place Phase2

Phase 2.5.1 UpdateTiming Before Physical Synthesis
Phase 2.5.1 UpdateTiming Before Physical Synthesis | Checksum: 28043e410

Time (s): cpu = 00:00:19 ; elapsed = 00:00:05 . Memory (MB): peak = 2830.520 ; gain = 0.000 ; free physical = 1233 ; free virtual = 37031

Phase 2.5.2 Physical Synthesis In Placer
INFO: [Physopt 32-1035] Found 36 LUTNM shape to break, 93 LUT instances to create LUTNM shape
INFO: [Physopt 32-1044] Break lutnm for timing: one critical 9, two critical 27, total 36, new lutff created 1
INFO: [Physopt 32-1138] End 1 Pass. Optimized 78 nets or LUTs. Breaked 36 LUTs, combined 42 existing LUTs and moved 0 existing LUT
INFO: [Physopt 32-65] No nets found for high-fanout optimization.
INFO: [Physopt 32-232] Optimized 0 net. Created 0 new instance.
INFO: [Physopt 32-775] End 1 Pass. Optimized 0 net or cell. Created 0 new cell, deleted 0 existing cell and moved 0 existing cell
INFO: [Physopt 32-456] No candidate cells for DSP register optimization found in the design.
INFO: [Physopt 32-775] End 2 Pass. Optimized 0 net or cell. Created 0 new cell, deleted 0 existing cell and moved 0 existing cell
INFO: [Physopt 32-1123] No candidate cells found for Shift Register to Pipeline optimization
INFO: [Physopt 32-775] End 2 Pass. Optimized 0 net or cell. Created 0 new cell, deleted 0 existing cell and moved 0 existing cell
INFO: [Physopt 32-1401] No candidate cells found for Shift Register optimization.
INFO: [Physopt 32-677] No candidate cells for Shift Register optimization found in the design
INFO: [Physopt 32-775] End 1 Pass. Optimized 0 net or cell. Created 0 new cell, deleted 0 existing cell and moved 0 existing cell
INFO: [Physopt 32-526] No candidate cells for BRAM register optimization found in the design
INFO: [Physopt 32-775] End 1 Pass. Optimized 0 net or cell. Created 0 new cell, deleted 0 existing cell and moved 0 existing cell
INFO: [Physopt 32-846] No candidate cells for URAM register optimization found in the design
INFO: [Physopt 32-775] End 1 Pass. Optimized 0 net or cell. Created 0 new cell, deleted 0 existing cell and moved 0 existing cell
INFO: [Physopt 32-846] No candidate cells for URAM register optimization found in the design
INFO: [Physopt 32-775] End 1 Pass. Optimized 0 net or cell. Created 0 new cell, deleted 0 existing cell and moved 0 existing cell
INFO: [Physopt 32-949] No candidate nets found for dynamic/static region interface net replication
INFO: [Physopt 32-775] End 1 Pass. Optimized 0 net or cell. Created 0 new cell, deleted 0 existing cell and moved 0 existing cell
Netlist sorting complete. Time (s): cpu = 00:00:00 ; elapsed = 00:00:00 . Memory (MB): peak = 2830.520 ; gain = 0.000 ; free physical = 1233 ; free virtual = 37031

Summary of Physical Synthesis Optimizations
============================================


-----------------------------------------------------------------------------------------------------------------------------------------------------------
|  Optimization                                     |  Added Cells  |  Removed Cells  |  Optimized Cells/Nets  |  Dont Touch  |  Iterations  |  Elapsed   |
-----------------------------------------------------------------------------------------------------------------------------------------------------------
|  LUT Combining                                    |           36  |             42  |                    78  |           0  |           1  |  00:00:00  |
|  Retime                                           |            0  |              0  |                     0  |           0  |           1  |  00:00:00  |
|  Very High Fanout                                 |            0  |              0  |                     0  |           0  |           1  |  00:00:00  |
|  DSP Register                                     |            0  |              0  |                     0  |           0  |           1  |  00:00:00  |
|  Shift Register to Pipeline                       |            0  |              0  |                     0  |           0  |           1  |  00:00:00  |
|  Shift Register                                   |            0  |              0  |                     0  |           0  |           1  |  00:00:00  |
|  BRAM Register                                    |            0  |              0  |                     0  |           0  |           1  |  00:00:00  |
|  URAM Register                                    |            0  |              0  |                     0  |           0  |           1  |  00:00:00  |
|  Dynamic/Static Region Interface Net Replication  |            0  |              0  |                     0  |           0  |           1  |  00:00:00  |
|  Total                                            |           36  |             42  |                    78  |           0  |           9  |  00:00:00  |
-----------------------------------------------------------------------------------------------------------------------------------------------------------


Phase 2.5.2 Physical Synthesis In Placer | Checksum: 261006b8a

Time (s): cpu = 00:00:20 ; elapsed = 00:00:05 . Memory (MB): peak = 2830.520 ; gain = 0.000 ; free physical = 1233 ; free virtual = 37031
Phase 2.5 Global Place Phase2 | Checksum: 1d38d8af8

Time (s): cpu = 00:00:21 ; elapsed = 00:00:06 . Memory (MB): peak = 2830.520 ; gain = 0.000 ; free physical = 1234 ; free virtual = 37032
Phase 2 Global Placement | Checksum: 1d38d8af8

Time (s): cpu = 00:00:21 ; elapsed = 00:00:06 . Memory (MB): peak = 2830.520 ; gain = 0.000 ; free physical = 1234 ; free virtual = 37032

Phase 3 Detail Placement

Phase 3.1 Commit Multi Column Macros
Phase 3.1 Commit Multi Column Macros | Checksum: 1c28516d1

Time (s): cpu = 00:00:22 ; elapsed = 00:00:06 . Memory (MB): peak = 2830.520 ; gain = 0.000 ; free physical = 1235 ; free virtual = 37033

Phase 3.2 Commit Most Macros & LUTRAMs
Phase 3.2 Commit Most Macros & LUTRAMs | Checksum: 1e111950d

Time (s): cpu = 00:00:23 ; elapsed = 00:00:06 . Memory (MB): peak = 2830.520 ; gain = 0.000 ; free physical = 1234 ; free virtual = 37032

Phase 3.3 Area Swap Optimization
Phase 3.3 Area Swap Optimization | Checksum: 1e0a3bf42

Time (s): cpu = 00:00:23 ; elapsed = 00:00:06 . Memory (MB): peak = 2830.520 ; gain = 0.000 ; free physical = 1234 ; free virtual = 37032

Phase 3.4 Pipeline Register Optimization
Phase 3.4 Pipeline Register Optimization | Checksum: 25021e063

Time (s): cpu = 00:00:23 ; elapsed = 00:00:06 . Memory (MB): peak = 2830.520 ; gain = 0.000 ; free physical = 1234 ; free virtual = 37032

Phase 3.5 Fast Optimization
Phase 3.5 Fast Optimization | Checksum: 275731487

Time (s): cpu = 00:00:27 ; elapsed = 00:00:08 . Memory (MB): peak = 2830.520 ; gain = 0.000 ; free physical = 1231 ; free virtual = 37029

Phase 3.6 Small Shape Detail Placement
Phase 3.6 Small Shape Detail Placement | Checksum: 2d2e817b8

Time (s): cpu = 00:00:28 ; elapsed = 00:00:09 . Memory (MB): peak = 2830.520 ; gain = 0.000 ; free physical = 1234 ; free virtual = 37032

Phase 3.7 Re-assign LUT pins
Phase 3.7 Re-assign LUT pins | Checksum: 28a645ce9

Time (s): cpu = 00:00:29 ; elapsed = 00:00:10 . Memory (MB): peak = 2830.520 ; gain = 0.000 ; free physical = 1239 ; free virtual = 37037

Phase 3.8 Pipeline Register Optimization
Phase 3.8 Pipeline Register Optimization | Checksum: 29de1fbc6

Time (s): cpu = 00:00:29 ; elapsed = 00:00:10 . Memory (MB): peak = 2830.520 ; gain = 0.000 ; free physical = 1239 ; free virtual = 37037

Phase 3.9 Fast Optimization
Phase 3.9 Fast Optimization | Checksum: 1bc7cbd62

Time (s): cpu = 00:00:37 ; elapsed = 00:00:16 . Memory (MB): peak = 2830.520 ; gain = 0.000 ; free physical = 1261 ; free virtual = 37059
Phase 3 Detail Placement | Checksum: 1bc7cbd62

Time (s): cpu = 00:00:37 ; elapsed = 00:00:16 . Memory (MB): peak = 2830.520 ; gain = 0.000 ; free physical = 1261 ; free virtual = 37059

Phase 4 Post Placement Optimization and Clean-Up

Phase 4.1 Post Commit Optimization
INFO: [Timing 38-35] Done setting XDC timing constraints.

Phase 4.1.1 Post Placement Optimization
Post Placement Optimization Initialization | Checksum: 16f69cf1d

Phase 4.1.1.1 BUFG Insertion

Starting Physical Synthesis Task

Phase 1 Physical Synthesis Initialization
INFO: [Physopt 32-721] Multithreading enabled for phys_opt_design using a maximum of 8 CPUs
INFO: [Physopt 32-619] Estimated Timing Summary | WNS=-5.012 | TNS=-1522.391 |
Phase 1 Physical Synthesis Initialization | Checksum: 1b1b94f6b

Time (s): cpu = 00:00:00.3 ; elapsed = 00:00:00.1 . Memory (MB): peak = 2830.520 ; gain = 0.000 ; free physical = 1276 ; free virtual = 37074
INFO: [Place 46-33] Processed net u_fft/U0/i_synth/axi_wrapper/ce_w2c, BUFG insertion was skipped due to placement/routing conflicts.
INFO: [Place 46-56] BUFG insertion identified 1 candidate nets. Inserted BUFG: 0, Replicated BUFG Driver: 0, Skipped due to Placement/Routing Conflicts: 1, Skipped due to Timing Degradation: 0, Skipped due to netlist editing failed: 0.
Ending Physical Synthesis Task | Checksum: 1e625c86a

Time (s): cpu = 00:00:00.46 ; elapsed = 00:00:00.17 . Memory (MB): peak = 2830.520 ; gain = 0.000 ; free physical = 1276 ; free virtual = 37074
Phase 4.1.1.1 BUFG Insertion | Checksum: 16f69cf1d

Time (s): cpu = 00:00:40 ; elapsed = 00:00:17 . Memory (MB): peak = 2830.520 ; gain = 0.000 ; free physical = 1276 ; free virtual = 37074

Phase 4.1.1.2 Post Placement Timing Optimization
INFO: [Place 30-746] Post Placement Timing Summary WNS=-3.999. For the most accurate timing information please run report_timing.
Phase 4.1.1.2 Post Placement Timing Optimization | Checksum: 20a3b7064

Time (s): cpu = 00:00:47 ; elapsed = 00:00:23 . Memory (MB): peak = 2830.520 ; gain = 0.000 ; free physical = 1313 ; free virtual = 37111

Time (s): cpu = 00:00:47 ; elapsed = 00:00:23 . Memory (MB): peak = 2830.520 ; gain = 0.000 ; free physical = 1313 ; free virtual = 37111
Phase 4.1 Post Commit Optimization | Checksum: 20a3b7064

Time (s): cpu = 00:00:47 ; elapsed = 00:00:23 . Memory (MB): peak = 2830.520 ; gain = 0.000 ; free physical = 1313 ; free virtual = 37111

Phase 4.2 Post Placement Cleanup
Phase 4.2 Post Placement Cleanup | Checksum: 20a3b7064

Time (s): cpu = 00:00:48 ; elapsed = 00:00:23 . Memory (MB): peak = 2830.520 ; gain = 0.000 ; free physical = 1313 ; free virtual = 37111

Phase 4.3 Placer Reporting

Phase 4.3.1 Print Estimated Congestion
INFO: [Place 30-612] Post-Placement Estimated Congestion 
 ____________________________________________________
|           | Global Congestion | Short Congestion  |
| Direction | Region Size       | Region Size       |
|___________|___________________|___________________|
|      North|                1x1|                4x4|
|___________|___________________|___________________|
|      South|                1x1|                1x1|
|___________|___________________|___________________|
|       East|                1x1|                2x2|
|___________|___________________|___________________|
|       West|                2x2|                1x1|
|___________|___________________|___________________|

Phase 4.3.1 Print Estimated Congestion | Checksum: 20a3b7064

Time (s): cpu = 00:00:48 ; elapsed = 00:00:23 . Memory (MB): peak = 2830.520 ; gain = 0.000 ; free physical = 1313 ; free virtual = 37111
Phase 4.3 Placer Reporting | Checksum: 20a3b7064

Time (s): cpu = 00:00:48 ; elapsed = 00:00:23 . Memory (MB): peak = 2830.520 ; gain = 0.000 ; free physical = 1313 ; free virtual = 37111

Phase 4.4 Final Placement Cleanup
Netlist sorting complete. Time (s): cpu = 00:00:00 ; elapsed = 00:00:00 . Memory (MB): peak = 2830.520 ; gain = 0.000 ; free physical = 1313 ; free virtual = 37111

Time (s): cpu = 00:00:48 ; elapsed = 00:00:23 . Memory (MB): peak = 2830.520 ; gain = 0.000 ; free physical = 1313 ; free virtual = 37111
Phase 4 Post Placement Optimization and Clean-Up | Checksum: 26a914a37

Time (s): cpu = 00:00:48 ; elapsed = 00:00:23 . Memory (MB): peak = 2830.520 ; gain = 0.000 ; free physical = 1313 ; free virtual = 37111
Ending Placer Task | Checksum: 21cb69642

Time (s): cpu = 00:00:48 ; elapsed = 00:00:23 . Memory (MB): peak = 2830.520 ; gain = 0.000 ; free physical = 1313 ; free virtual = 37111
79 Infos, 0 Warnings, 0 Critical Warnings and 0 Errors encountered.
place_design completed successfully
place_design: Time (s): cpu = 00:00:50 ; elapsed = 00:00:24 . Memory (MB): peak = 2830.520 ; gain = 0.000 ; free physical = 1313 ; free virtual = 37111
INFO: [Vivado 12-24838] Running report commands "report_control_sets, report_io, report_utilization" in parallel.
Running report generation with 3 threads.
INFO: [Vivado 12-24828] Executing command : report_control_sets -verbose -file pitch_fft_voice_top_control_sets_placed.rpt
report_control_sets: Time (s): cpu = 00:00:00.09 ; elapsed = 00:00:00.08 . Memory (MB): peak = 2830.520 ; gain = 0.000 ; free physical = 1308 ; free virtual = 37106
INFO: [Vivado 12-24828] Executing command : report_io -file pitch_fft_voice_top_io_placed.rpt
report_io: Time (s): cpu = 00:00:00.14 ; elapsed = 00:00:00.14 . Memory (MB): peak = 2830.520 ; gain = 0.000 ; free physical = 1299 ; free virtual = 37097
INFO: [Vivado 12-24828] Executing command : report_utilization -file pitch_fft_voice_top_utilization_placed.rpt -pb pitch_fft_voice_top_utilization_placed.pb
INFO: [Timing 38-480] Writing timing data to binary archive.
Write ShapeDB Complete: Time (s): cpu = 00:00:00.05 ; elapsed = 00:00:00.01 . Memory (MB): peak = 2830.520 ; gain = 0.000 ; free physical = 1302 ; free virtual = 37101
Wrote PlaceDB: Time (s): cpu = 00:00:00.71 ; elapsed = 00:00:00.29 . Memory (MB): peak = 2830.520 ; gain = 0.000 ; free physical = 1292 ; free virtual = 37097
Wrote PulsedLatchDB: Time (s): cpu = 00:00:00 ; elapsed = 00:00:00 . Memory (MB): peak = 2830.520 ; gain = 0.000 ; free physical = 1292 ; free virtual = 37097
Writing XDEF routing.
Writing XDEF routing logical nets.
Writing XDEF routing special nets.
Wrote RouteStorage: Time (s): cpu = 00:00:00.01 ; elapsed = 00:00:00.01 . Memory (MB): peak = 2830.520 ; gain = 0.000 ; free physical = 1292 ; free virtual = 37097
Wrote Netlist Cache: Time (s): cpu = 00:00:00.01 ; elapsed = 00:00:00 . Memory (MB): peak = 2830.520 ; gain = 0.000 ; free physical = 1284 ; free virtual = 37090
Wrote Device Cache: Time (s): cpu = 00:00:00 ; elapsed = 00:00:00.01 . Memory (MB): peak = 2830.520 ; gain = 0.000 ; free physical = 1284 ; free virtual = 37090
Write Physdb Complete: Time (s): cpu = 00:00:00.73 ; elapsed = 00:00:00.31 . Memory (MB): peak = 2830.520 ; gain = 0.000 ; free physical = 1284 ; free virtual = 37090
INFO: [Common 17-1381] The checkpoint '/home/user13/Documents/MoonLab/lab_AMD/pitch_fft_voice/pitch_fft_voice.runs/impl_1/pitch_fft_voice_top_placed.dcp' has been generated.
Command: phys_opt_design
Attempting to get a license for feature 'Implementation' and/or device 'xc7a35t'
INFO: [Common 17-349] Got license for feature 'Implementation' and/or device 'xc7a35t'

Starting Initial Update Timing Task

Time (s): cpu = 00:00:02 ; elapsed = 00:00:00.38 . Memory (MB): peak = 2830.520 ; gain = 0.000 ; free physical = 1287 ; free virtual = 37087
INFO: [Vivado_Tcl 4-1435] PhysOpt_Tcl_Interface Runtime Before Starting Physical Synthesis Task | CPU: 1.59s |  WALL: 0.41s
Netlist sorting complete. Time (s): cpu = 00:00:00 ; elapsed = 00:00:00 . Memory (MB): peak = 2830.520 ; gain = 0.000 ; free physical = 1287 ; free virtual = 37087

Starting Physical Synthesis Task

Phase 1 Physical Synthesis Initialization
INFO: [Physopt 32-721] Multithreading enabled for phys_opt_design using a maximum of 8 CPUs
INFO: [Physopt 32-619] Estimated Timing Summary | WNS=-3.999 | TNS=-1484.643 |
Phase 1 Physical Synthesis Initialization | Checksum: 2a282b472

Time (s): cpu = 00:00:01 ; elapsed = 00:00:00.48 . Memory (MB): peak = 2830.520 ; gain = 0.000 ; free physical = 1288 ; free virtual = 37088
INFO: [Physopt 32-619] Estimated Timing Summary | WNS=-3.999 | TNS=-1484.643 |

Phase 2 DSP Register Optimization
INFO: [Physopt 32-456] No candidate cells for DSP register optimization found in the design.
INFO: [Physopt 32-775] End 2 Pass. Optimized 0 net or cell. Created 0 new cell, deleted 0 existing cell and moved 0 existing cell
Phase 2 DSP Register Optimization | Checksum: 2a282b472

Time (s): cpu = 00:00:01 ; elapsed = 00:00:00.52 . Memory (MB): peak = 2830.520 ; gain = 0.000 ; free physical = 1288 ; free virtual = 37088

Phase 3 Critical Path Optimization
INFO: [Physopt 32-619] Estimated Timing Summary | WNS=-3.999 | TNS=-1484.643 |
INFO: [Physopt 32-702] Processed net u_detector/fund_bin[3]. Optimizations did not improve timing on the net.
INFO: [Physopt 32-81] Processed net u_detector/c4_bin33_reg_n_0_[3]. Replicated 1 times.
INFO: [Physopt 32-735] Processed net u_detector/c4_bin33_reg_n_0_[3]. Optimization improves timing on the net.
INFO: [Physopt 32-619] Estimated Timing Summary | WNS=-3.987 | TNS=-1483.047 |
INFO: [Physopt 32-702] Processed net u_detector/c4_bin33_reg_n_0_[3]. Optimizations did not improve timing on the net.
INFO: [Physopt 32-702] Processed net u_detector/fund_bin[6]_i_6_n_0. Optimizations did not improve timing on the net.
INFO: [Physopt 32-702] Processed net u_detector/fund_bin[6]_i_22_n_0. Optimizations did not improve timing on the net.
INFO: [Physopt 32-702] Processed net u_detector/fund_bin[6]_i_71_n_0. Optimizations did not improve timing on the net.
INFO: [Physopt 32-710] Processed net u_detector/fund_bin[6]_i_71_n_0. Critical path length was reduced through logic transformation on cell u_detector/fund_bin[6]_i_71_comp.
INFO: [Physopt 32-735] Processed net u_detector/fund_bin[6]_i_17_n_0. Optimization improves timing on the net.
INFO: [Physopt 32-619] Estimated Timing Summary | WNS=-3.879 | TNS=-1481.967 |
INFO: [Physopt 32-702] Processed net u_detector/fund_bin[6]_i_72_n_0. Optimizations did not improve timing on the net.
INFO: [Physopt 32-710] Processed net u_detector/fund_bin[6]_i_72_n_0. Critical path length was reduced through logic transformation on cell u_detector/fund_bin[6]_i_72_comp.
INFO: [Physopt 32-735] Processed net u_detector/fund_bin[6]_i_17_n_0. Optimization improves timing on the net.
INFO: [Physopt 32-619] Estimated Timing Summary | WNS=-3.721 | TNS=-1480.387 |
INFO: [Physopt 32-702] Processed net u_detector/report_h2_ok. Optimizations did not improve timing on the net.
INFO: [Physopt 32-702] Processed net u_detector/second_ok_reg_i_3_n_0. Optimizations did not improve timing on the net.
INFO: [Physopt 32-702] Processed net u_detector/second_ok_reg_i_8_n_0. Optimizations did not improve timing on the net.
INFO: [Physopt 32-702] Processed net u_detector/second_ok_reg_i_17_n_0. Optimizations did not improve timing on the net.
INFO: [Physopt 32-702] Processed net u_detector/second_ok_i_39_n_0. Optimizations did not improve timing on the net.
INFO: [Physopt 32-608] Optimized 1 net.  Swapped 18 pins.
INFO: [Physopt 32-735] Processed net u_detector/second_ok_i_50_n_0. Optimization improves timing on the net.
INFO: [Physopt 32-619] Estimated Timing Summary | WNS=-3.596 | TNS=-1479.137 |
INFO: [Physopt 32-702] Processed net u_detector/second_ok_i_50_n_0. Optimizations did not improve timing on the net.
INFO: [Physopt 32-81] Processed net u_detector/fund_bin[6]_i_13_n_0. Replicated 1 times.
INFO: [Physopt 32-735] Processed net u_detector/fund_bin[6]_i_13_n_0. Optimization improves timing on the net.
INFO: [Physopt 32-619] Estimated Timing Summary | WNS=-3.580 | TNS=-1478.977 |
INFO: [Physopt 32-702] Processed net u_detector/fund_bin[6]_i_13_n_0. Optimizations did not improve timing on the net.
INFO: [Physopt 32-702] Processed net u_detector/fund_bin[6]_i_53_n_0. Optimizations did not improve timing on the net.
INFO: [Physopt 32-710] Processed net u_detector/fund_bin[6]_i_53_n_0. Critical path length was reduced through logic transformation on cell u_detector/fund_bin[6]_i_53_comp.
INFO: [Physopt 32-735] Processed net u_detector/fund_bin[6]_i_8_n_0. Optimization improves timing on the net.
INFO: [Physopt 32-619] Estimated Timing Summary | WNS=-3.572 | TNS=-1478.897 |
INFO: [Physopt 32-702] Processed net u_detector/fund_bin[6]_i_52_n_0. Optimizations did not improve timing on the net.
INFO: [Physopt 32-710] Processed net u_detector/fund_bin[6]_i_52_n_0. Critical path length was reduced through logic transformation on cell u_detector/fund_bin[6]_i_52_comp.
INFO: [Physopt 32-735] Processed net u_detector/fund_bin[6]_i_8_n_0. Optimization improves timing on the net.
INFO: [Physopt 32-619] Estimated Timing Summary | WNS=-3.561 | TNS=-1478.787 |
INFO: [Physopt 32-702] Processed net u_detector/pitch_valid_i_6_n_0. Optimizations did not improve timing on the net.
INFO: [Physopt 32-710] Processed net u_detector/pitch_valid_i_6_n_0. Critical path length was reduced through logic transformation on cell u_detector/pitch_valid_i_6_comp.
INFO: [Physopt 32-735] Processed net u_detector/fund_bin[6]_i_49_n_0. Optimization improves timing on the net.
INFO: [Physopt 32-619] Estimated Timing Summary | WNS=-3.550 | TNS=-1478.677 |
INFO: [Physopt 32-702] Processed net u_detector/fund_bin[6]_i_54_n_0. Optimizations did not improve timing on the net.
INFO: [Physopt 32-710] Processed net u_detector/fund_bin[6]_i_54_n_0. Critical path length was reduced through logic transformation on cell u_detector/fund_bin[6]_i_54_comp.
INFO: [Physopt 32-735] Processed net u_detector/fund_bin[6]_i_8_n_0. Optimization improves timing on the net.
INFO: [Physopt 32-619] Estimated Timing Summary | WNS=-3.550 | TNS=-1478.677 |
INFO: [Physopt 32-663] Processed net u_detector/fund_bin[6]_i_47_n_0.  Re-placed instance u_detector/fund_bin[6]_i_47
INFO: [Physopt 32-735] Processed net u_detector/fund_bin[6]_i_47_n_0. Optimization improves timing on the net.
INFO: [Physopt 32-619] Estimated Timing Summary | WNS=-3.545 | TNS=-1478.627 |
INFO: [Physopt 32-710] Processed net u_detector/pitch_valid_i_6_n_0. Critical path length was reduced through logic transformation on cell u_detector/pitch_valid_i_6_comp_1.
INFO: [Physopt 32-735] Processed net u_detector/fund_bin[6]_i_47_n_0. Optimization improves timing on the net.
INFO: [Physopt 32-619] Estimated Timing Summary | WNS=-3.446 | TNS=-1477.637 |
INFO: [Physopt 32-710] Processed net u_detector/pitch_valid_i_6_n_0. Critical path length was reduced through logic transformation on cell u_detector/pitch_valid_i_6_comp.
INFO: [Physopt 32-735] Processed net u_detector/fund_bin[6]_i_46_n_0. Optimization improves timing on the net.
INFO: [Physopt 32-619] Estimated Timing Summary | WNS=-3.446 | TNS=-1477.637 |
INFO: [Physopt 32-702] Processed net u_detector/second_ok_i_63_n_0. Optimizations did not improve timing on the net.
INFO: [Physopt 32-702] Processed net u_detector/fund_bin[6]_i_76_n_0. Optimizations did not improve timing on the net.
INFO: [Physopt 32-710] Processed net u_detector/fund_bin[6]_i_76_n_0. Critical path length was reduced through logic transformation on cell u_detector/fund_bin[6]_i_76_comp.
INFO: [Physopt 32-735] Processed net u_detector/fund_bin[6]_i_8_n_0. Optimization improves timing on the net.
INFO: [Physopt 32-619] Estimated Timing Summary | WNS=-3.420 | TNS=-1477.377 |
INFO: [Physopt 32-663] Processed net u_detector/fund_bin[6]_i_75_n_0.  Re-placed instance u_detector/fund_bin[6]_i_75
INFO: [Physopt 32-735] Processed net u_detector/fund_bin[6]_i_75_n_0. Optimization improves timing on the net.
INFO: [Physopt 32-619] Estimated Timing Summary | WNS=-3.418 | TNS=-1477.357 |
INFO: [Physopt 32-702] Processed net u_detector/fund_bin[6]_i_56_n_0. Optimizations did not improve timing on the net.
INFO: [Physopt 32-710] Processed net u_detector/fund_bin[6]_i_56_n_0. Critical path length was reduced through logic transformation on cell u_detector/fund_bin[6]_i_56_comp.
INFO: [Physopt 32-735] Processed net u_detector/fund_bin[6]_i_8_n_0. Optimization improves timing on the net.
INFO: [Physopt 32-619] Estimated Timing Summary | WNS=-3.418 | TNS=-1477.357 |
INFO: [Physopt 32-702] Processed net u_detector/fund_bin[6]_i_75_n_0. Optimizations did not improve timing on the net.
INFO: [Physopt 32-710] Processed net u_detector/fund_bin[6]_i_75_n_0. Critical path length was reduced through logic transformation on cell u_detector/fund_bin[6]_i_75_comp.
INFO: [Physopt 32-735] Processed net u_detector/fund_bin[6]_i_8_n_0. Optimization improves timing on the net.
INFO: [Physopt 32-619] Estimated Timing Summary | WNS=-3.406 | TNS=-1476.857 |
INFO: [Physopt 32-663] Processed net u_chord_detector/score_mem_reg[5]_5[15].  Re-placed instance u_chord_detector/score_mem_reg[5][15]
INFO: [Physopt 32-735] Processed net u_chord_detector/score_mem_reg[5]_5[15]. Optimization improves timing on the net.
INFO: [Physopt 32-619] Estimated Timing Summary | WNS=-3.403 | TNS=-1476.360 |
INFO: [Physopt 32-663] Processed net u_chord_detector/score_mem_reg[9]_9[15].  Re-placed instance u_chord_detector/score_mem_reg[9][15]
INFO: [Physopt 32-735] Processed net u_chord_detector/score_mem_reg[9]_9[15]. Optimization improves timing on the net.
INFO: [Physopt 32-619] Estimated Timing Summary | WNS=-3.368 | TNS=-1476.029 |
INFO: [Physopt 32-702] Processed net u_detector/fund_bin[6]_i_55_n_0. Optimizations did not improve timing on the net.
INFO: [Physopt 32-710] Processed net u_detector/fund_bin[6]_i_55_n_0. Critical path length was reduced through logic transformation on cell u_detector/fund_bin[6]_i_55_comp.
INFO: [Physopt 32-735] Processed net u_detector/fund_bin[6]_i_8_n_0. Optimization improves timing on the net.
INFO: [Physopt 32-619] Estimated Timing Summary | WNS=-3.307 | TNS=-1475.179 |
INFO: [Physopt 32-663] Processed net u_chord_detector/score_mem_reg[12]_12[15].  Re-placed instance u_chord_detector/score_mem_reg[12][15]
INFO: [Physopt 32-735] Processed net u_chord_detector/score_mem_reg[12]_12[15]. Optimization improves timing on the net.
INFO: [Physopt 32-619] Estimated Timing Summary | WNS=-3.283 | TNS=-1474.642 |
INFO: [Physopt 32-663] Processed net u_detector/fund_bin[6]_i_41_n_0.  Re-placed instance u_detector/fund_bin[6]_i_41
INFO: [Physopt 32-735] Processed net u_detector/fund_bin[6]_i_41_n_0. Optimization improves timing on the net.
INFO: [Physopt 32-619] Estimated Timing Summary | WNS=-3.282 | TNS=-1474.562 |
INFO: [Physopt 32-663] Processed net u_chord_detector/level_pair1[2].  Re-placed instance u_chord_detector/level_pair1_reg[2]
INFO: [Physopt 32-735] Processed net u_chord_detector/level_pair1[2]. Optimization improves timing on the net.
INFO: [Physopt 32-619] Estimated Timing Summary | WNS=-3.282 | TNS=-1474.330 |
INFO: [Physopt 32-663] Processed net u_chord_detector/level_pair1[3].  Re-placed instance u_chord_detector/level_pair1_reg[3]
INFO: [Physopt 32-735] Processed net u_chord_detector/level_pair1[3]. Optimization improves timing on the net.
INFO: [Physopt 32-619] Estimated Timing Summary | WNS=-3.282 | TNS=-1474.084 |
INFO: [Physopt 32-663] Processed net u_chord_detector/level_pair2[2].  Re-placed instance u_chord_detector/level_pair2_reg[2]
INFO: [Physopt 32-735] Processed net u_chord_detector/level_pair2[2]. Optimization improves timing on the net.
INFO: [Physopt 32-619] Estimated Timing Summary | WNS=-3.282 | TNS=-1473.625 |
INFO: [Physopt 32-663] Processed net u_chord_detector/level_pair2[3].  Re-placed instance u_chord_detector/level_pair2_reg[3]
INFO: [Physopt 32-735] Processed net u_chord_detector/level_pair2[3]. Optimization improves timing on the net.
INFO: [Physopt 32-619] Estimated Timing Summary | WNS=-3.275 | TNS=-1473.562 |
INFO: [Physopt 32-81] Processed net u_detector/fund_bin[6]_i_31_n_0. Replicated 1 times.
INFO: [Physopt 32-735] Processed net u_detector/fund_bin[6]_i_31_n_0. Optimization improves timing on the net.
INFO: [Physopt 32-619] Estimated Timing Summary | WNS=-3.270 | TNS=-1473.192 |
INFO: [Physopt 32-663] Processed net u_chord_detector/score_mem_reg[10]_10[11].  Re-placed instance u_chord_detector/score_mem_reg[10][11]
INFO: [Physopt 32-735] Processed net u_chord_detector/score_mem_reg[10]_10[11]. Optimization improves timing on the net.
INFO: [Physopt 32-619] Estimated Timing Summary | WNS=-3.266 | TNS=-1472.313 |
INFO: [Physopt 32-663] Processed net u_chord_detector/event_peak_reg_n_0_[22].  Re-placed instance u_chord_detector/event_peak_reg[22]
INFO: [Physopt 32-735] Processed net u_chord_detector/event_peak_reg_n_0_[22]. Optimization improves timing on the net.
INFO: [Physopt 32-619] Estimated Timing Summary | WNS=-3.265 | TNS=-1472.391 |
INFO: [Physopt 32-663] Processed net u_chord_detector/score_mem_reg[8]_8[15].  Re-placed instance u_chord_detector/score_mem_reg[8][15]
INFO: [Physopt 32-735] Processed net u_chord_detector/score_mem_reg[8]_8[15]. Optimization improves timing on the net.
INFO: [Physopt 32-619] Estimated Timing Summary | WNS=-3.256 | TNS=-1472.061 |
INFO: [Physopt 32-663] Processed net u_chord_detector/score_mem_reg[6]_6[28].  Re-placed instance u_chord_detector/score_mem_reg[6][28]
INFO: [Physopt 32-735] Processed net u_chord_detector/score_mem_reg[6]_6[28]. Optimization improves timing on the net.
INFO: [Physopt 32-619] Estimated Timing Summary | WNS=-3.247 | TNS=-1471.084 |
INFO: [Physopt 32-663] Processed net u_chord_detector/score_mem_reg[2]_2[15].  Re-placed instance u_chord_detector/score_mem_reg[2][15]
INFO: [Physopt 32-735] Processed net u_chord_detector/score_mem_reg[2]_2[15]. Optimization improves timing on the net.
INFO: [Physopt 32-619] Estimated Timing Summary | WNS=-3.242 | TNS=-1470.808 |
INFO: [Physopt 32-663] Processed net u_chord_detector/event_peak_reg_n_0_[24].  Re-placed instance u_chord_detector/event_peak_reg[24]
INFO: [Physopt 32-735] Processed net u_chord_detector/event_peak_reg_n_0_[24]. Optimization improves timing on the net.
INFO: [Physopt 32-619] Estimated Timing Summary | WNS=-3.242 | TNS=-1471.185 |
INFO: [Physopt 32-663] Processed net u_chord_detector/event_peak_reg_n_0_[26].  Re-placed instance u_chord_detector/event_peak_reg[26]
INFO: [Physopt 32-735] Processed net u_chord_detector/event_peak_reg_n_0_[26]. Optimization improves timing on the net.
INFO: [Physopt 32-619] Estimated Timing Summary | WNS=-3.242 | TNS=-1471.308 |
INFO: [Physopt 32-663] Processed net u_chord_detector/event_peak_reg_n_0_[3].  Re-placed instance u_chord_detector/event_peak_reg[3]
INFO: [Physopt 32-735] Processed net u_chord_detector/event_peak_reg_n_0_[3]. Optimization improves timing on the net.
INFO: [Physopt 32-619] Estimated Timing Summary | WNS=-3.238 | TNS=-1471.693 |
INFO: [Physopt 32-608] Optimized 1 net.  Swapped 21 pins.
INFO: [Physopt 32-735] Processed net u_detector/fund_bin[6]_i_31_n_0. Optimization improves timing on the net.
INFO: [Physopt 32-619] Estimated Timing Summary | WNS=-3.234 | TNS=-1471.563 |
INFO: [Physopt 32-663] Processed net u_chord_detector/event_peak_reg_n_0_[0].  Re-placed instance u_chord_detector/event_peak_reg[0]
INFO: [Physopt 32-735] Processed net u_chord_detector/event_peak_reg_n_0_[0]. Optimization improves timing on the net.
INFO: [Physopt 32-619] Estimated Timing Summary | WNS=-3.234 | TNS=-1471.829 |
INFO: [Physopt 32-663] Processed net u_chord_detector/event_peak_reg_n_0_[19].  Re-placed instance u_chord_detector/event_peak_reg[19]
INFO: [Physopt 32-735] Processed net u_chord_detector/event_peak_reg_n_0_[19]. Optimization improves timing on the net.
INFO: [Physopt 32-619] Estimated Timing Summary | WNS=-3.234 | TNS=-1472.084 |
INFO: [Physopt 32-663] Processed net u_chord_detector/event_peak_reg_n_0_[2].  Re-placed instance u_chord_detector/event_peak_reg[2]
INFO: [Physopt 32-735] Processed net u_chord_detector/event_peak_reg_n_0_[2]. Optimization improves timing on the net.
INFO: [Physopt 32-619] Estimated Timing Summary | WNS=-3.234 | TNS=-1472.365 |
INFO: [Physopt 32-663] Processed net u_chord_detector/event_peak_reg_n_0_[6].  Re-placed instance u_chord_detector/event_peak_reg[6]
INFO: [Physopt 32-735] Processed net u_chord_detector/event_peak_reg_n_0_[6]. Optimization improves timing on the net.
INFO: [Physopt 32-619] Estimated Timing Summary | WNS=-3.225 | TNS=-1472.643 |
INFO: [Physopt 32-702] Processed net u_detector/fund_bin[6]_i_31_n_0. Optimizations did not improve timing on the net.
INFO: [Physopt 32-663] Processed net u_detector/fund_bin[6]_i_101_n_0.  Re-placed instance u_detector/fund_bin[6]_i_101
INFO: [Physopt 32-735] Processed net u_detector/fund_bin[6]_i_101_n_0. Optimization improves timing on the net.
INFO: [Physopt 32-619] Estimated Timing Summary | WNS=-3.222 | TNS=-1472.473 |
INFO: [Physopt 32-663] Processed net u_chord_detector/event_peak_reg_n_0_[11].  Re-placed instance u_chord_detector/event_peak_reg[11]
INFO: [Physopt 32-735] Processed net u_chord_detector/event_peak_reg_n_0_[11]. Optimization improves timing on the net.
INFO: [Physopt 32-619] Estimated Timing Summary | WNS=-3.222 | TNS=-1472.871 |
INFO: [Physopt 32-702] Processed net u_chord_detector/event_peak_reg_n_0_[14]. Optimizations did not improve timing on the net.
INFO: [Physopt 32-663] Processed net u_chord_detector/score_mem_reg[1]_1[5].  Re-placed instance u_chord_detector/score_mem_reg[1][5]
INFO: [Physopt 32-735] Processed net u_chord_detector/score_mem_reg[1]_1[5]. Optimization improves timing on the net.
INFO: [Physopt 32-619] Estimated Timing Summary | WNS=-3.218 | TNS=-1469.560 |
INFO: [Physopt 32-663] Processed net u_chord_detector/score_mem_reg[0]_0[28].  Re-placed instance u_chord_detector/score_mem_reg[0][28]
INFO: [Physopt 32-735] Processed net u_chord_detector/score_mem_reg[0]_0[28]. Optimization improves timing on the net.
INFO: [Physopt 32-619] Estimated Timing Summary | WNS=-3.208 | TNS=-1468.649 |
INFO: [Physopt 32-81] Processed net u_detector/fund_bin[6]_i_98_n_0. Replicated 1 times.
INFO: [Physopt 32-735] Processed net u_detector/fund_bin[6]_i_98_n_0. Optimization improves timing on the net.
INFO: [Physopt 32-619] Estimated Timing Summary | WNS=-3.207 | TNS=-1469.377 |
INFO: [Physopt 32-702] Processed net u_detector/fund_bin[6]_i_98_n_0. Optimizations did not improve timing on the net.
INFO: [Physopt 32-702] Processed net u_detector/c4_f_eff[8]. Optimizations did not improve timing on the net.
INFO: [Physopt 32-702] Processed net u_detector/best_score_reg[11]_i_11_n_0. Optimizations did not improve timing on the net.
INFO: [Physopt 32-702] Processed net u_detector/best_score_reg[7]_i_11_n_0. Optimizations did not improve timing on the net.
INFO: [Physopt 32-663] Processed net u_detector/p_0_in0_in[0].  Re-placed instance u_detector/best_score[7]_i_15
INFO: [Physopt 32-735] Processed net u_detector/p_0_in0_in[0]. Optimization improves timing on the net.
INFO: [Physopt 32-619] Estimated Timing Summary | WNS=-3.180 | TNS=-1465.672 |
INFO: [Physopt 32-81] Processed net u_chord_detector/held_idx1[1]. Replicated 7 times.
INFO: [Physopt 32-735] Processed net u_chord_detector/held_idx1[1]. Optimization improves timing on the net.
INFO: [Physopt 32-619] Estimated Timing Summary | WNS=-3.179 | TNS=-1470.156 |
INFO: [Physopt 32-702] Processed net u_detector/p_0_in0_in[0]. Optimizations did not improve timing on the net.
INFO: [Physopt 32-702] Processed net u_detector/c4_pair_max1. Optimizations did not improve timing on the net.
INFO: [Physopt 32-702] Processed net u_detector/best_score_reg[28]_i_13_n_0. Optimizations did not improve timing on the net.
INFO: [Physopt 32-702] Processed net u_detector/best_score_reg[28]_i_23_n_0. Optimizations did not improve timing on the net.
INFO: [Physopt 32-702] Processed net u_detector/best_score_reg[28]_i_41_n_0. Optimizations did not improve timing on the net.
INFO: [Physopt 32-608] Optimized 1 net.  Swapped 34 pins.
INFO: [Physopt 32-735] Processed net u_detector/best_score[28]_i_65_n_0. Optimization improves timing on the net.
INFO: [Physopt 32-619] Estimated Timing Summary | WNS=-3.166 | TNS=-1463.518 |
INFO: [Physopt 32-663] Processed net u_chord_detector/score_mem_reg[0]_0[5].  Re-placed instance u_chord_detector/score_mem_reg[0][5]
INFO: [Physopt 32-735] Processed net u_chord_detector/score_mem_reg[0]_0[5]. Optimization improves timing on the net.
INFO: [Physopt 32-619] Estimated Timing Summary | WNS=-3.128 | TNS=-1459.707 |
INFO: [Physopt 32-81] Processed net u_detector/c4_bin34_reg_n_0_[3]. Replicated 1 times.
INFO: [Physopt 32-735] Processed net u_detector/c4_bin34_reg_n_0_[3]. Optimization improves timing on the net.
INFO: [Physopt 32-619] Estimated Timing Summary | WNS=-3.121 | TNS=-1458.407 |
INFO: [Physopt 32-663] Processed net u_chord_detector/score_mem_reg[4]_4[4].  Re-placed instance u_chord_detector/score_mem_reg[4][4]
INFO: [Physopt 32-735] Processed net u_chord_detector/score_mem_reg[4]_4[4]. Optimization improves timing on the net.
INFO: [Physopt 32-619] Estimated Timing Summary | WNS=-3.118 | TNS=-1456.654 |
INFO: [Physopt 32-702] Processed net u_detector/c4_bin34_reg_n_0_[3]. Optimizations did not improve timing on the net.
INFO: [Physopt 32-702] Processed net u_detector/best_score[28]_i_65_n_0. Optimizations did not improve timing on the net.
INFO: [Physopt 32-702] Processed net u_detector/fund_bin[3]_i_1_n_0. Optimizations did not improve timing on the net.
INFO: [Physopt 32-702] Processed net clk_IBUF. Optimizations did not improve timing on the net.
INFO: [Physopt 32-702] Processed net clk. Optimizations did not improve timing on the net.
INFO: [Physopt 32-702] Processed net u_detector/fund_bin[3]. Optimizations did not improve timing on the net.
INFO: [Physopt 32-702] Processed net u_detector/c4_bin34_reg_n_0_[3]. Optimizations did not improve timing on the net.
INFO: [Physopt 32-702] Processed net u_detector/fund_bin[6]_i_6_n_0. Optimizations did not improve timing on the net.
INFO: [Physopt 32-702] Processed net u_detector/fund_bin[6]_i_22_n_0. Optimizations did not improve timing on the net.
INFO: [Physopt 32-663] Processed net u_detector/fund_bin[6]_i_72_n_0.  Re-placed instance u_detector/fund_bin[6]_i_72_comp
INFO: [Physopt 32-735] Processed net u_detector/fund_bin[6]_i_72_n_0. Optimization improves timing on the net.
INFO: [Physopt 32-619] Estimated Timing Summary | WNS=-3.105 | TNS=-1456.314 |
INFO: [Physopt 32-663] Processed net u_chord_detector/score_mem_reg[11]_11[15].  Re-placed instance u_chord_detector/score_mem_reg[11][15]
INFO: [Physopt 32-735] Processed net u_chord_detector/score_mem_reg[11]_11[15]. Optimization improves timing on the net.
INFO: [Physopt 32-619] Estimated Timing Summary | WNS=-3.102 | TNS=-1456.047 |
INFO: [Physopt 32-663] Processed net u_chord_detector/score_mem_reg[4]_4[15].  Re-placed instance u_chord_detector/score_mem_reg[4][15]
INFO: [Physopt 32-735] Processed net u_chord_detector/score_mem_reg[4]_4[15]. Optimization improves timing on the net.
INFO: [Physopt 32-619] Estimated Timing Summary | WNS=-3.101 | TNS=-1455.848 |
INFO: [Physopt 32-702] Processed net u_chord_detector/event_peak_reg_n_0_[14]. Optimizations did not improve timing on the net.
INFO: [Physopt 32-663] Processed net u_chord_detector/score_mem_reg[10]_10[1].  Re-placed instance u_chord_detector/score_mem_reg[10][1]
INFO: [Physopt 32-735] Processed net u_chord_detector/score_mem_reg[10]_10[1]. Optimization improves timing on the net.
INFO: [Physopt 32-619] Estimated Timing Summary | WNS=-3.084 | TNS=-1453.300 |
INFO: [Physopt 32-608] Optimized 1 net.  Swapped 18 pins.
INFO: [Physopt 32-735] Processed net u_detector/fund_bin[6]_i_71_n_0. Optimization improves timing on the net.
INFO: [Physopt 32-619] Estimated Timing Summary | WNS=-3.079 | TNS=-1452.360 |
INFO: [Physopt 32-663] Processed net u_chord_detector/score_mem_reg[4]_4[16].  Re-placed instance u_chord_detector/score_mem_reg[4][16]
INFO: [Physopt 32-735] Processed net u_chord_detector/score_mem_reg[4]_4[16]. Optimization improves timing on the net.
INFO: [Physopt 32-619] Estimated Timing Summary | WNS=-3.072 | TNS=-1451.702 |
INFO: [Physopt 32-702] Processed net u_chord_detector/score_mem_reg[9]_9[15]. Optimizations did not improve timing on the net.
INFO: [Physopt 32-663] Processed net u_chord_detector/c4_bin34[3].  Re-placed instance u_chord_detector/c4_bin34_reg[3]
INFO: [Physopt 32-735] Processed net u_chord_detector/c4_bin34[3]. Optimization improves timing on the net.
INFO: [Physopt 32-619] Estimated Timing Summary | WNS=-3.071 | TNS=-1405.054 |
INFO: [Physopt 32-663] Processed net u_chord_detector/score_mem_reg[11]_11[15].  Re-placed instance u_chord_detector/score_mem_reg[11][15]
INFO: [Physopt 32-735] Processed net u_chord_detector/score_mem_reg[11]_11[15]. Optimization improves timing on the net.
INFO: [Physopt 32-619] Estimated Timing Summary | WNS=-3.055 | TNS=-1403.779 |
INFO: [Physopt 32-663] Processed net u_chord_detector/held_idx2[1].  Re-placed instance u_chord_detector/held_idx2_reg[1]
INFO: [Physopt 32-735] Processed net u_chord_detector/held_idx2[1]. Optimization improves timing on the net.
INFO: [Physopt 32-619] Estimated Timing Summary | WNS=-3.040 | TNS=-1402.467 |
INFO: [Physopt 32-663] Processed net u_chord_detector/score_mem_reg[5]_5[4].  Re-placed instance u_chord_detector/score_mem_reg[5][4]
INFO: [Physopt 32-735] Processed net u_chord_detector/score_mem_reg[5]_5[4]. Optimization improves timing on the net.
INFO: [Physopt 32-619] Estimated Timing Summary | WNS=-3.029 | TNS=-1401.292 |
INFO: [Physopt 32-663] Processed net u_chord_detector/score_mem_reg[10]_10[2].  Re-placed instance u_chord_detector/score_mem_reg[10][2]
INFO: [Physopt 32-735] Processed net u_chord_detector/score_mem_reg[10]_10[2]. Optimization improves timing on the net.
INFO: [Physopt 32-619] Estimated Timing Summary | WNS=-3.022 | TNS=-1400.373 |
INFO: [Physopt 32-702] Processed net u_chord_detector/held_idx2[1]. Optimizations did not improve timing on the net.
INFO: [Physopt 32-702] Processed net u_chord_detector/event_peak[26]_i_4_n_0. Optimizations did not improve timing on the net.
INFO: [Physopt 32-702] Processed net u_chord_detector/level_pair1[3]_i_12_n_0. Optimizations did not improve timing on the net.
INFO: [Physopt 32-702] Processed net u_chord_detector/output_note2[1]. Optimizations did not improve timing on the net.
INFO: [Physopt 32-702] Processed net u_chord_detector/level_pair1[1]_i_3_n_0. Optimizations did not improve timing on the net.
INFO: [Physopt 32-663] Processed net u_chord_detector/level_pair1[1]_i_6_n_0.  Re-placed instance u_chord_detector/level_pair1[1]_i_6
INFO: [Physopt 32-735] Processed net u_chord_detector/level_pair1[1]_i_6_n_0. Optimization improves timing on the net.
INFO: [Physopt 32-619] Estimated Timing Summary | WNS=-2.990 | TNS=-1391.955 |
INFO: [Physopt 32-702] Processed net u_detector/fund_bin[6]_i_71_n_0. Optimizations did not improve timing on the net.
INFO: [Physopt 32-702] Processed net u_detector/report_h3_ok. Optimizations did not improve timing on the net.
INFO: [Physopt 32-702] Processed net u_detector/third_ok_i_38_n_0. Optimizations did not improve timing on the net.
INFO: [Physopt 32-702] Processed net u_detector/second_ok_i_50_n_0. Optimizations did not improve timing on the net.
INFO: [Physopt 32-608] Optimized 1 net.  Swapped 24 pins.
INFO: [Physopt 32-735] Processed net u_detector/fund_bin[6]_i_13_n_0. Optimization improves timing on the net.
INFO: [Physopt 32-619] Estimated Timing Summary | WNS=-2.986 | TNS=-1391.915 |
INFO: [Physopt 32-702] Processed net u_detector/second_ok_i_63_n_0. Optimizations did not improve timing on the net.
INFO: [Physopt 32-702] Processed net u_detector/fund_bin[6]_i_41_n_0. Optimizations did not improve timing on the net.
INFO: [Physopt 32-702] Processed net u_detector/fund_bin[6]_i_8_n_0. Optimizations did not improve timing on the net.
INFO: [Physopt 32-702] Processed net u_detector/fund_bin[6]_i_31_n_0. Optimizations did not improve timing on the net.
INFO: [Physopt 32-702] Processed net u_detector/fund_bin[6]_i_98_n_0. Optimizations did not improve timing on the net.
INFO: [Physopt 32-702] Processed net u_detector/c4_f_eff[8]. Optimizations did not improve timing on the net.
INFO: [Physopt 32-702] Processed net u_detector/p_0_in0_in[0]. Optimizations did not improve timing on the net.
INFO: [Physopt 32-702] Processed net u_detector/c4_pair_max1. Optimizations did not improve timing on the net.
INFO: [Physopt 32-702] Processed net u_detector/best_score[28]_i_65_n_0. Optimizations did not improve timing on the net.
INFO: [Physopt 32-702] Processed net u_detector/fund_bin[3]_i_1_n_0. Optimizations did not improve timing on the net.
INFO: [Physopt 32-702] Processed net clk_IBUF. Optimizations did not improve timing on the net.
INFO: [Physopt 32-702] Processed net clk. Optimizations did not improve timing on the net.
INFO: [Physopt 32-619] Estimated Timing Summary | WNS=-2.986 | TNS=-1391.915 |
Netlist sorting complete. Time (s): cpu = 00:00:00.01 ; elapsed = 00:00:00.02 . Memory (MB): peak = 2830.520 ; gain = 0.000 ; free physical = 1205 ; free virtual = 37010
Phase 3 Critical Path Optimization | Checksum: 2a9bafd4f

Time (s): cpu = 00:00:58 ; elapsed = 00:00:12 . Memory (MB): peak = 2830.520 ; gain = 0.000 ; free physical = 1205 ; free virtual = 37010

Phase 4 Critical Path Optimization
INFO: [Physopt 32-619] Estimated Timing Summary | WNS=-2.986 | TNS=-1391.915 |
INFO: [Physopt 32-702] Processed net u_detector/fund_bin[3]. Optimizations did not improve timing on the net.
INFO: [Physopt 32-702] Processed net u_detector/c4_bin34_reg_n_0_[3]. Optimizations did not improve timing on the net.
INFO: [Physopt 32-702] Processed net u_detector/fund_bin[6]_i_6_n_0. Optimizations did not improve timing on the net.
INFO: [Physopt 32-702] Processed net u_detector/fund_bin[6]_i_22_n_0. Optimizations did not improve timing on the net.
INFO: [Physopt 32-710] Processed net u_detector/fund_bin[6]_i_22_n_0. Critical path length was reduced through logic transformation on cell u_detector/fund_bin[6]_i_22_comp.
INFO: [Physopt 32-735] Processed net u_detector/fund_bin[6]_i_71_n_0. Optimization improves timing on the net.
INFO: [Physopt 32-619] Estimated Timing Summary | WNS=-2.981 | TNS=-1391.865 |
INFO: [Physopt 32-710] Processed net u_detector/fund_bin[6]_i_22_n_0. Critical path length was reduced through logic transformation on cell u_detector/fund_bin[6]_i_22_comp_1.
INFO: [Physopt 32-735] Processed net u_detector/fund_bin[6]_i_72_n_0. Optimization improves timing on the net.
INFO: [Physopt 32-619] Estimated Timing Summary | WNS=-2.960 | TNS=-1390.161 |
INFO: [Physopt 32-663] Processed net u_chord_detector/score_mem_reg[11]_11[15].  Re-placed instance u_chord_detector/score_mem_reg[11][15]
INFO: [Physopt 32-735] Processed net u_chord_detector/score_mem_reg[11]_11[15]. Optimization improves timing on the net.
INFO: [Physopt 32-619] Estimated Timing Summary | WNS=-2.953 | TNS=-1394.527 |
INFO: [Physopt 32-702] Processed net u_chord_detector/score_mem_reg[9]_9[15]. Optimizations did not improve timing on the net.
INFO: [Physopt 32-663] Processed net u_chord_detector/c4_bin34[5].  Re-placed instance u_chord_detector/c4_bin34_reg[5]
INFO: [Physopt 32-735] Processed net u_chord_detector/c4_bin34[5]. Optimization improves timing on the net.
INFO: [Physopt 32-619] Estimated Timing Summary | WNS=-2.949 | TNS=-1377.671 |
INFO: [Physopt 32-702] Processed net u_chord_detector/event_peak_reg_n_0_[14]. Optimizations did not improve timing on the net.
INFO: [Physopt 32-81] Processed net u_chord_detector/score_mem_reg[11]_11[15]. Replicated 1 times.
INFO: [Physopt 32-735] Processed net u_chord_detector/score_mem_reg[11]_11[15]. Optimization improves timing on the net.
INFO: [Physopt 32-619] Estimated Timing Summary | WNS=-2.905 | TNS=-1371.516 |
INFO: [Physopt 32-663] Processed net u_chord_detector/score_mem_reg[3]_3[25].  Re-placed instance u_chord_detector/score_mem_reg[3][25]
INFO: [Physopt 32-735] Processed net u_chord_detector/score_mem_reg[3]_3[25]. Optimization improves timing on the net.
INFO: [Physopt 32-619] Estimated Timing Summary | WNS=-2.902 | TNS=-1370.759 |
INFO: [Physopt 32-663] Processed net u_chord_detector/score_mem_reg[12]_12[14].  Re-placed instance u_chord_detector/score_mem_reg[12][14]
INFO: [Physopt 32-735] Processed net u_chord_detector/score_mem_reg[12]_12[14]. Optimization improves timing on the net.
INFO: [Physopt 32-619] Estimated Timing Summary | WNS=-2.900 | TNS=-1369.950 |
INFO: [Physopt 32-81] Processed net u_chord_detector/held_idx2[1]. Replicated 5 times.
INFO: [Physopt 32-735] Processed net u_chord_detector/held_idx2[1]. Optimization improves timing on the net.
INFO: [Physopt 32-619] Estimated Timing Summary | WNS=-2.898 | TNS=-1373.639 |
INFO: [Physopt 32-663] Processed net u_chord_detector/score_mem_reg[11]_11[2].  Re-placed instance u_chord_detector/score_mem_reg[11][2]
INFO: [Physopt 32-735] Processed net u_chord_detector/score_mem_reg[11]_11[2]. Optimization improves timing on the net.
INFO: [Physopt 32-619] Estimated Timing Summary | WNS=-2.897 | TNS=-1372.762 |
INFO: [Physopt 32-663] Processed net u_chord_detector/score_mem_reg[5]_5[25].  Re-placed instance u_chord_detector/score_mem_reg[5][25]
INFO: [Physopt 32-735] Processed net u_chord_detector/score_mem_reg[5]_5[25]. Optimization improves timing on the net.
INFO: [Physopt 32-619] Estimated Timing Summary | WNS=-2.894 | TNS=-1371.971 |
INFO: [Physopt 32-663] Processed net u_chord_detector/score_mem_reg[11]_11[15]_repN.  Re-placed instance u_chord_detector/score_mem_reg[11][15]_replica
INFO: [Physopt 32-735] Processed net u_chord_detector/score_mem_reg[11]_11[15]_repN. Optimization improves timing on the net.
INFO: [Physopt 32-619] Estimated Timing Summary | WNS=-2.893 | TNS=-1371.687 |
INFO: [Physopt 32-663] Processed net u_chord_detector/score_mem_reg[4]_4[28].  Re-placed instance u_chord_detector/score_mem_reg[4][28]
INFO: [Physopt 32-735] Processed net u_chord_detector/score_mem_reg[4]_4[28]. Optimization improves timing on the net.
INFO: [Physopt 32-619] Estimated Timing Summary | WNS=-2.887 | TNS=-1370.940 |
INFO: [Physopt 32-663] Processed net u_chord_detector/score_mem_reg[4]_4[5].  Re-placed instance u_chord_detector/score_mem_reg[4][5]
INFO: [Physopt 32-735] Processed net u_chord_detector/score_mem_reg[4]_4[5]. Optimization improves timing on the net.
INFO: [Physopt 32-619] Estimated Timing Summary | WNS=-2.885 | TNS=-1370.754 |
INFO: [Physopt 32-663] Processed net u_chord_detector/score_mem_reg[4]_4[1].  Re-placed instance u_chord_detector/score_mem_reg[4][1]
INFO: [Physopt 32-735] Processed net u_chord_detector/score_mem_reg[4]_4[1]. Optimization improves timing on the net.
INFO: [Physopt 32-619] Estimated Timing Summary | WNS=-2.884 | TNS=-1370.840 |
INFO: [Physopt 32-81] Processed net u_chord_detector/score_mem_reg[4]_4[5]. Replicated 1 times.
INFO: [Physopt 32-735] Processed net u_chord_detector/score_mem_reg[4]_4[5]. Optimization improves timing on the net.
INFO: [Physopt 32-619] Estimated Timing Summary | WNS=-2.883 | TNS=-1372.895 |
INFO: [Physopt 32-663] Processed net u_chord_detector/score_mem_reg[11]_11[21].  Re-placed instance u_chord_detector/score_mem_reg[11][21]
INFO: [Physopt 32-735] Processed net u_chord_detector/score_mem_reg[11]_11[21]. Optimization improves timing on the net.
INFO: [Physopt 32-619] Estimated Timing Summary | WNS=-2.880 | TNS=-1372.485 |
INFO: [Physopt 32-702] Processed net u_chord_detector/score_mem_reg[4]_4[5]_repN. Optimizations did not improve timing on the net.
INFO: [Physopt 32-702] Processed net u_chord_detector/event_peak[26]_i_4_n_0. Optimizations did not improve timing on the net.
INFO: [Physopt 32-702] Processed net u_chord_detector/level_pair1[3]_i_12_n_0. Optimizations did not improve timing on the net.
INFO: [Physopt 32-702] Processed net u_chord_detector/output_note2[1]. Optimizations did not improve timing on the net.
INFO: [Physopt 32-601] Processed net u_chord_detector/level_pair1[1]_i_3_n_0. Net driver u_chord_detector/level_pair1[1]_i_3 was replaced.
INFO: [Physopt 32-735] Processed net u_chord_detector/level_pair1[1]_i_3_n_0. Optimization improves timing on the net.
INFO: [Physopt 32-619] Estimated Timing Summary | WNS=-2.870 | TNS=-1368.384 |
INFO: [Physopt 32-702] Processed net u_chord_detector/event_peak[26]_i_7_n_0. Optimizations did not improve timing on the net.
INFO: [Physopt 32-710] Processed net u_chord_detector/event_peak[26]_i_7_n_0. Critical path length was reduced through logic transformation on cell u_chord_detector/event_peak[26]_i_7_comp.
INFO: [Physopt 32-735] Processed net u_chord_detector/level_pair1[3]_i_13_n_0. Optimization improves timing on the net.
INFO: [Physopt 32-619] Estimated Timing Summary | WNS=-2.856 | TNS=-1364.582 |
INFO: [Physopt 32-702] Processed net u_detector/fund_bin[6]. Optimizations did not improve timing on the net.
INFO: [Physopt 32-702] Processed net u_detector/fund_bin[6]_i_5_n_0. Optimizations did not improve timing on the net.
INFO: [Physopt 32-663] Processed net u_detector/fund_bin[6]_i_17_n_0.  Re-placed instance u_detector/fund_bin[6]_i_17
INFO: [Physopt 32-735] Processed net u_detector/fund_bin[6]_i_17_n_0. Optimization improves timing on the net.
INFO: [Physopt 32-619] Estimated Timing Summary | WNS=-2.849 | TNS=-1364.086 |
INFO: [Physopt 32-663] Processed net u_chord_detector/score_mem_reg[7]_7[27].  Re-placed instance u_chord_detector/score_mem_reg[7][27]
INFO: [Physopt 32-735] Processed net u_chord_detector/score_mem_reg[7]_7[27]. Optimization improves timing on the net.
INFO: [Physopt 32-619] Estimated Timing Summary | WNS=-2.844 | TNS=-1363.793 |
INFO: [Physopt 32-663] Processed net u_chord_detector/score_mem_reg[10]_10[10].  Re-placed instance u_chord_detector/score_mem_reg[10][10]
INFO: [Physopt 32-735] Processed net u_chord_detector/score_mem_reg[10]_10[10]. Optimization improves timing on the net.
INFO: [Physopt 32-619] Estimated Timing Summary | WNS=-2.843 | TNS=-1363.063 |
INFO: [Physopt 32-702] Processed net u_chord_detector/score_mem_reg[3]_3[28]. Optimizations did not improve timing on the net.
INFO: [Physopt 32-663] Processed net u_chord_detector/c4_bin34[7].  Re-placed instance u_chord_detector/c4_bin34_reg[7]
INFO: [Physopt 32-735] Processed net u_chord_detector/c4_bin34[7]. Optimization improves timing on the net.
INFO: [Physopt 32-619] Estimated Timing Summary | WNS=-2.838 | TNS=-1361.092 |
INFO: [Physopt 32-663] Processed net u_chord_detector/c4_bin33[3].  Re-placed instance u_chord_detector/c4_bin33_reg[3]
INFO: [Physopt 32-735] Processed net u_chord_detector/c4_bin33[3]. Optimization improves timing on the net.
INFO: [Physopt 32-619] Estimated Timing Summary | WNS=-2.795 | TNS=-1344.150 |
INFO: [Physopt 32-81] Processed net u_chord_detector/c4_bin34[3]. Replicated 2 times.
INFO: [Physopt 32-735] Processed net u_chord_detector/c4_bin34[3]. Optimization improves timing on the net.
INFO: [Physopt 32-619] Estimated Timing Summary | WNS=-2.777 | TNS=-1337.240 |
INFO: [Physopt 32-702] Processed net u_chord_detector/c4_bin34[3]_repN. Optimizations did not improve timing on the net.
INFO: [Physopt 32-702] Processed net u_chord_detector/stored_valid. Optimizations did not improve timing on the net.
INFO: [Physopt 32-710] Processed net u_chord_detector/stored_valid. Critical path length was reduced through logic transformation on cell u_chord_detector/valid_mem[0]_i_1_comp.
INFO: [Physopt 32-735] Processed net u_chord_detector/valid_mem[0]_i_3_n_0. Optimization improves timing on the net.
INFO: [Physopt 32-619] Estimated Timing Summary | WNS=-2.767 | TNS=-1272.560 |
INFO: [Physopt 32-710] Processed net u_detector/fund_bin[6]_i_5_n_0. Critical path length was reduced through logic transformation on cell u_detector/fund_bin[6]_i_5_comp.
INFO: [Physopt 32-735] Processed net u_detector/fund_bin[6]_i_17_n_0. Optimization improves timing on the net.
INFO: [Physopt 32-619] Estimated Timing Summary | WNS=-2.745 | TNS=-1272.400 |
INFO: [Physopt 32-702] Processed net u_detector/report_h2_ok. Optimizations did not improve timing on the net.
INFO: [Physopt 32-702] Processed net u_detector/second_ok_reg_i_3_n_0. Optimizations did not improve timing on the net.
INFO: [Physopt 32-702] Processed net u_detector/second_ok_reg_i_8_n_0. Optimizations did not improve timing on the net.
INFO: [Physopt 32-702] Processed net u_detector/second_ok_reg_i_17_n_0. Optimizations did not improve timing on the net.
INFO: [Physopt 32-702] Processed net u_detector/second_ok_i_39_n_0. Optimizations did not improve timing on the net.
INFO: [Physopt 32-702] Processed net u_detector/second_ok_i_50_n_0. Optimizations did not improve timing on the net.
INFO: [Physopt 32-702] Processed net u_detector/second_ok_i_63_n_0. Optimizations did not improve timing on the net.
INFO: [Physopt 32-702] Processed net u_detector/fund_bin[6]_i_41_n_0. Optimizations did not improve timing on the net.
INFO: [Physopt 32-710] Processed net u_detector/fund_bin[6]_i_41_n_0. Critical path length was reduced through logic transformation on cell u_detector/fund_bin[6]_i_41_comp.
INFO: [Physopt 32-735] Processed net u_detector/fund_bin[6]_i_8_n_0. Optimization improves timing on the net.
INFO: [Physopt 32-619] Estimated Timing Summary | WNS=-2.737 | TNS=-1271.930 |
INFO: [Physopt 32-663] Processed net u_chord_detector/event_peak_reg_n_0_[11].  Re-placed instance u_chord_detector/event_peak_reg[11]
INFO: [Physopt 32-735] Processed net u_chord_detector/event_peak_reg_n_0_[11]. Optimization improves timing on the net.
INFO: [Physopt 32-619] Estimated Timing Summary | WNS=-2.732 | TNS=-1271.532 |
INFO: [Physopt 32-702] Processed net u_chord_detector/event_peak_reg_n_0_[11]. Optimizations did not improve timing on the net.
INFO: [Physopt 32-710] Processed net u_chord_detector/output_note2[1]. Critical path length was reduced through logic transformation on cell u_chord_detector/level_pair2[1]_i_1_comp.
INFO: [Physopt 32-735] Processed net u_chord_detector/level_pair1[1]_i_3_n_0. Optimization improves timing on the net.
INFO: [Physopt 32-619] Estimated Timing Summary | WNS=-2.714 | TNS=-1270.990 |
INFO: [Physopt 32-702] Processed net u_chord_detector/event_peak[26]_i_8_n_0. Optimizations did not improve timing on the net.
INFO: [Physopt 32-702] Processed net u_chord_detector/level_pair1[3]_i_13_n_0. Optimizations did not improve timing on the net.
INFO: [Physopt 32-710] Processed net u_chord_detector/level_pair1[3]_i_13_n_0. Critical path length was reduced through logic transformation on cell u_chord_detector/level_pair1[3]_i_13_comp_2.
INFO: [Physopt 32-735] Processed net u_chord_detector/level_pair1[1]_i_3_n_0. Optimization improves timing on the net.
INFO: [Physopt 32-619] Estimated Timing Summary | WNS=-2.698 | TNS=-1269.693 |
INFO: [Physopt 32-702] Processed net u_detector/fund_bin[6]_i_13_n_0. Optimizations did not improve timing on the net.
INFO: [Physopt 32-702] Processed net u_detector/fund_bin[6]_i_55_n_0. Optimizations did not improve timing on the net.
INFO: [Physopt 32-702] Processed net u_detector/fund_bin[6]_i_31_n_0. Optimizations did not improve timing on the net.
INFO: [Physopt 32-702] Processed net u_detector/fund_bin[6]_i_98_n_0. Optimizations did not improve timing on the net.
INFO: [Physopt 32-702] Processed net u_detector/c4_f_eff[8]. Optimizations did not improve timing on the net.
INFO: [Physopt 32-702] Processed net u_detector/best_score_reg[11]_i_11_n_0. Optimizations did not improve timing on the net.
INFO: [Physopt 32-702] Processed net u_detector/best_score_reg[7]_i_11_n_0. Optimizations did not improve timing on the net.
INFO: [Physopt 32-702] Processed net u_detector/p_0_in0_in[0]. Optimizations did not improve timing on the net.
INFO: [Physopt 32-702] Processed net u_detector/c4_pair_max1. Optimizations did not improve timing on the net.
INFO: [Physopt 32-702] Processed net u_detector/best_score_reg[28]_i_13_n_0. Optimizations did not improve timing on the net.
INFO: [Physopt 32-702] Processed net u_detector/best_score_reg[28]_i_23_n_0. Optimizations did not improve timing on the net.
INFO: [Physopt 32-702] Processed net u_detector/best_score_reg[28]_i_41_n_0. Optimizations did not improve timing on the net.
INFO: [Physopt 32-702] Processed net u_detector/best_score[28]_i_65_n_0. Optimizations did not improve timing on the net.
INFO: [Physopt 32-702] Processed net u_detector/fund_bin[3]_i_1_n_0. Optimizations did not improve timing on the net.
INFO: [Physopt 32-702] Processed net clk_IBUF. Optimizations did not improve timing on the net.
INFO: [Physopt 32-702] Processed net clk. Optimizations did not improve timing on the net.
INFO: [Physopt 32-702] Processed net u_detector/fund_bin[3]. Optimizations did not improve timing on the net.
INFO: [Physopt 32-702] Processed net u_detector/c4_bin34_reg_n_0_[3]. Optimizations did not improve timing on the net.
INFO: [Physopt 32-702] Processed net u_detector/fund_bin[6]_i_6_n_0. Optimizations did not improve timing on the net.
INFO: [Physopt 32-663] Processed net u_detector/fund_bin[6]_i_22_n_0.  Re-placed instance u_detector/fund_bin[6]_i_22_comp_1
INFO: [Physopt 32-735] Processed net u_detector/fund_bin[6]_i_22_n_0. Optimization improves timing on the net.
INFO: [Physopt 32-619] Estimated Timing Summary | WNS=-2.684 | TNS=-1268.137 |
INFO: [Physopt 32-702] Processed net u_chord_detector/level_pair1[1]. Optimizations did not improve timing on the net.
INFO: [Physopt 32-702] Processed net u_chord_detector/score_mem_reg[4]_4[5]_repN. Optimizations did not improve timing on the net.
INFO: [Physopt 32-702] Processed net u_chord_detector/level_pair1[3]_i_6_n_0. Optimizations did not improve timing on the net.
INFO: [Physopt 32-702] Processed net u_chord_detector/level_pair2[3]_i_1_n_0. Optimizations did not improve timing on the net.
INFO: [Physopt 32-663] Processed net u_chord_detector/level_pair2[3]_i_3_n_0.  Re-placed instance u_chord_detector/level_pair2[3]_i_3
INFO: [Physopt 32-735] Processed net u_chord_detector/level_pair2[3]_i_3_n_0. Optimization improves timing on the net.
INFO: [Physopt 32-619] Estimated Timing Summary | WNS=-2.674 | TNS=-1267.693 |
INFO: [Common 17-14] Message 'Physopt 32-619' appears 100 times and further instances of the messages will be disabled. Use the Tcl command set_msg_config to change the current settings.
INFO: [Physopt 32-702] Processed net u_chord_detector/level_pair2[3]_i_3_n_0. Optimizations did not improve timing on the net.
INFO: [Physopt 32-702] Processed net u_chord_detector/level_pair1[1]_i_3_n_0. Optimizations did not improve timing on the net.
INFO: [Physopt 32-608] Optimized 1 net.  Swapped 13 pins.
INFO: [Physopt 32-735] Processed net u_chord_detector/level_pair1[1]_i_6_n_0. Optimization improves timing on the net.
INFO: [Physopt 32-702] Processed net u_chord_detector/event_peak_reg_n_0_[11]. Optimizations did not improve timing on the net.
INFO: [Physopt 32-702] Processed net u_chord_detector/event_peak[26]_i_4_n_0. Optimizations did not improve timing on the net.
INFO: [Physopt 32-608] Optimized 1 net.  Swapped 23 pins.
INFO: [Physopt 32-735] Processed net u_chord_detector/event_peak[26]_i_7_n_0. Optimization improves timing on the net.
INFO: [Physopt 32-702] Processed net u_chord_detector/event_peak[26]_i_8_n_0. Optimizations did not improve timing on the net.
INFO: [Physopt 32-663] Processed net u_chord_detector/held_idx2[3]_i_3_n_0.  Re-placed instance u_chord_detector/held_idx2[3]_i_3
INFO: [Physopt 32-735] Processed net u_chord_detector/held_idx2[3]_i_3_n_0. Optimization improves timing on the net.
INFO: [Physopt 32-702] Processed net u_chord_detector/level_pair1[3]_i_5_n_0. Optimizations did not improve timing on the net.
INFO: [Physopt 32-702] Processed net u_chord_detector/level_pair1[3]_i_11_n_0. Optimizations did not improve timing on the net.
INFO: [Physopt 32-702] Processed net u_chord_detector/output_note2[0]. Optimizations did not improve timing on the net.
INFO: [Physopt 32-702] Processed net u_chord_detector/held_idx1[0]_i_2_n_0. Optimizations did not improve timing on the net.
INFO: [Physopt 32-702] Processed net u_chord_detector/challenger_clearly_better. Optimizations did not improve timing on the net.
INFO: [Physopt 32-608] Optimized 1 net.  Swapped 26 pins.
INFO: [Physopt 32-735] Processed net u_chord_detector/held_idx2[3]_i_15_n_0. Optimization improves timing on the net.
INFO: [Physopt 32-702] Processed net u_chord_detector/score_mem_reg[3]_3[28]. Optimizations did not improve timing on the net.
INFO: [Physopt 32-702] Processed net u_chord_detector/c4_bin34[3]_repN. Optimizations did not improve timing on the net.
INFO: [Physopt 32-608] Optimized 1 net.  Swapped 23 pins.
INFO: [Physopt 32-735] Processed net u_chord_detector/stored_valid. Optimization improves timing on the net.
INFO: [Common 17-14] Message 'Physopt 32-735' appears 100 times and further instances of the messages will be disabled. Use the Tcl command set_msg_config to change the current settings.
INFO: [Physopt 32-608] Optimized 1 net.  Swapped 24 pins.
INFO: [Physopt 32-608] Optimized 1 net.  Swapped 34 pins.
INFO: [Physopt 32-608] Optimized 1 net.  Swapped 34 pins.
INFO: [Physopt 32-608] Optimized 1 net.  Swapped 34 pins.
INFO: [Physopt 32-702] Processed net u_detector/fund_bin[6]. Optimizations did not improve timing on the net.
INFO: [Physopt 32-663] Processed net u_detector/fund_bin[6]_i_5_n_0.  Re-placed instance u_detector/fund_bin[6]_i_5_comp
INFO: [Physopt 32-702] Processed net u_detector/pitch_valid. Optimizations did not improve timing on the net.
INFO: [Physopt 32-608] Optimized 1 net.  Swapped 24 pins.
INFO: [Physopt 32-702] Processed net u_chord_detector/stored_valid. Optimizations did not improve timing on the net.
INFO: [Physopt 32-702] Processed net u_chord_detector/c4_rescue_seen_i_6_n_0. Optimizations did not improve timing on the net.
INFO: [Physopt 32-702] Processed net u_chord_detector/c4_rescue_seen_i_23_n_0. Optimizations did not improve timing on the net.
INFO: [Physopt 32-663] Processed net u_chord_detector/c4_rescue_seen_i_79_n_0.  Re-placed instance u_chord_detector/c4_rescue_seen_i_79
INFO: [Physopt 32-608] Optimized 1 net.  Swapped 26 pins.
INFO: [Physopt 32-702] Processed net u_chord_detector/held_idx2[3]_i_14_n_0. Optimizations did not improve timing on the net.
INFO: [Physopt 32-702] Processed net u_chord_detector/held_switch_floor[27]. Optimizations did not improve timing on the net.
INFO: [Physopt 32-663] Processed net u_chord_detector/held_idx2[3]_i_92_n_0.  Re-placed instance u_chord_detector/held_idx2[3]_i_92
INFO: [Physopt 32-608] Optimized 1 net.  Swapped 6 pins.
INFO: [Physopt 32-663] Processed net u_chord_detector/held_idx2[3]_i_136_n_0.  Re-placed instance u_chord_detector/held_idx2[3]_i_136
INFO: [Physopt 32-702] Processed net u_detector/fund_bin[6]_i_22_n_0. Optimizations did not improve timing on the net.
INFO: [Physopt 32-702] Processed net u_detector/report_h3_ok. Optimizations did not improve timing on the net.
INFO: [Physopt 32-702] Processed net u_detector/third_ok_i_38_n_0. Optimizations did not improve timing on the net.
INFO: [Physopt 32-702] Processed net u_detector/second_ok_i_50_n_0. Optimizations did not improve timing on the net.
INFO: [Physopt 32-702] Processed net u_detector/fund_bin[6]_i_13_n_0. Optimizations did not improve timing on the net.
INFO: [Physopt 32-663] Processed net u_detector/fund_bin[6]_i_55_n_0.  Re-placed instance u_detector/fund_bin[6]_i_55_comp
INFO: [Physopt 32-663] Processed net u_detector/c4_bin33_reg_n_0_[3].  Re-placed instance u_detector/c4_bin33_reg[3]
INFO: [Physopt 32-663] Processed net u_detector/fund_bin[6]_i_54_n_0.  Re-placed instance u_detector/fund_bin[6]_i_54_comp
INFO: [Physopt 32-702] Processed net u_detector/fund_bin[6]_i_56_n_0. Optimizations did not improve timing on the net.
INFO: [Physopt 32-663] Processed net u_detector/fund_bin[6]_i_8_n_0_repN_4.  Re-placed instance u_detector/fund_bin[6]_i_8_comp_4
INFO: [Physopt 32-608] Optimized 1 net.  Swapped 21 pins.
INFO: [Physopt 32-702] Processed net u_detector/fund_bin[6]_i_57_n_0. Optimizations did not improve timing on the net.
INFO: [Physopt 32-702] Processed net u_detector/fund_bin[6]_i_8_n_0. Optimizations did not improve timing on the net.
INFO: [Physopt 32-702] Processed net u_detector/fund_bin[6]_i_31_n_0. Optimizations did not improve timing on the net.
INFO: [Physopt 32-702] Processed net u_detector/fund_bin[6]_i_98_n_0. Optimizations did not improve timing on the net.
INFO: [Physopt 32-702] Processed net u_detector/c4_f_eff[8]. Optimizations did not improve timing on the net.
INFO: [Physopt 32-702] Processed net u_detector/p_0_in0_in[0]. Optimizations did not improve timing on the net.
INFO: [Physopt 32-702] Processed net u_detector/c4_pair_max1. Optimizations did not improve timing on the net.
INFO: [Physopt 32-702] Processed net u_detector/best_score[28]_i_65_n_0. Optimizations did not improve timing on the net.
INFO: [Physopt 32-702] Processed net u_detector/fund_bin[3]_i_1_n_0. Optimizations did not improve timing on the net.
INFO: [Physopt 32-702] Processed net clk_IBUF. Optimizations did not improve timing on the net.
INFO: [Physopt 32-702] Processed net clk. Optimizations did not improve timing on the net.
Netlist sorting complete. Time (s): cpu = 00:00:00.01 ; elapsed = 00:00:00.01 . Memory (MB): peak = 2830.520 ; gain = 0.000 ; free physical = 1197 ; free virtual = 36999
Phase 4 Critical Path Optimization | Checksum: 1d568d1f8

Time (s): cpu = 00:01:36 ; elapsed = 00:00:20 . Memory (MB): peak = 2830.520 ; gain = 0.000 ; free physical = 1197 ; free virtual = 36999
Netlist sorting complete. Time (s): cpu = 00:00:00 ; elapsed = 00:00:00 . Memory (MB): peak = 2830.520 ; gain = 0.000 ; free physical = 1197 ; free virtual = 36999
INFO: [Physopt 32-603] Post Physical Optimization Timing Summary | WNS=-2.342 | TNS=-1107.535 |

Summary of Physical Synthesis Optimizations
============================================


-------------------------------------------------------------------------------------------------------------------------------------------------------------
|  Optimization   |  WNS Gain (ns)  |  TNS Gain (ns)  |  Added Cells  |  Removed Cells  |  Optimized Cells/Nets  |  Dont Touch  |  Iterations  |  Elapsed   |
-------------------------------------------------------------------------------------------------------------------------------------------------------------
|  DSP Register   |          0.000  |          0.000  |            0  |              0  |                     0  |           0  |           1  |  00:00:00  |
|  Critical Path  |          1.657  |        377.108  |           21  |              0  |                   116  |           0  |           2  |  00:00:20  |
|  Total          |          1.657  |        377.108  |           21  |              0  |                   116  |           0  |           3  |  00:00:20  |
-------------------------------------------------------------------------------------------------------------------------------------------------------------


Netlist sorting complete. Time (s): cpu = 00:00:00 ; elapsed = 00:00:00 . Memory (MB): peak = 2830.520 ; gain = 0.000 ; free physical = 1197 ; free virtual = 36999
Ending Physical Synthesis Task | Checksum: 2de348a5e

Time (s): cpu = 00:01:36 ; elapsed = 00:00:20 . Memory (MB): peak = 2830.520 ; gain = 0.000 ; free physical = 1197 ; free virtual = 36999
INFO: [Common 17-83] Releasing license: Implementation
561 Infos, 0 Warnings, 0 Critical Warnings and 0 Errors encountered.
phys_opt_design completed successfully
phys_opt_design: Time (s): cpu = 00:01:37 ; elapsed = 00:00:21 . Memory (MB): peak = 2830.520 ; gain = 0.000 ; free physical = 1197 ; free virtual = 36999
INFO: [Timing 38-480] Writing timing data to binary archive.
Write ShapeDB Complete: Time (s): cpu = 00:00:00.04 ; elapsed = 00:00:00 . Memory (MB): peak = 2830.520 ; gain = 0.000 ; free physical = 1196 ; free virtual = 36999
Wrote PlaceDB: Time (s): cpu = 00:00:00.66 ; elapsed = 00:00:00.22 . Memory (MB): peak = 2830.520 ; gain = 0.000 ; free physical = 1189 ; free virtual = 36997
Wrote PulsedLatchDB: Time (s): cpu = 00:00:00 ; elapsed = 00:00:00 . Memory (MB): peak = 2830.520 ; gain = 0.000 ; free physical = 1189 ; free virtual = 36997
Writing XDEF routing.
Writing XDEF routing logical nets.
Writing XDEF routing special nets.
Wrote RouteStorage: Time (s): cpu = 00:00:00.02 ; elapsed = 00:00:00.02 . Memory (MB): peak = 2830.520 ; gain = 0.000 ; free physical = 1189 ; free virtual = 36997
Wrote Netlist Cache: Time (s): cpu = 00:00:00.01 ; elapsed = 00:00:00 . Memory (MB): peak = 2830.520 ; gain = 0.000 ; free physical = 1188 ; free virtual = 36997
Wrote Device Cache: Time (s): cpu = 00:00:00 ; elapsed = 00:00:00.01 . Memory (MB): peak = 2830.520 ; gain = 0.000 ; free physical = 1187 ; free virtual = 36996
Write Physdb Complete: Time (s): cpu = 00:00:00.69 ; elapsed = 00:00:00.25 . Memory (MB): peak = 2830.520 ; gain = 0.000 ; free physical = 1187 ; free virtual = 36996
INFO: [Common 17-1381] The checkpoint '/home/user13/Documents/MoonLab/lab_AMD/pitch_fft_voice/pitch_fft_voice.runs/impl_1/pitch_fft_voice_top_physopt.dcp' has been generated.
Command: route_design
Attempting to get a license for feature 'Implementation' and/or device 'xc7a35t'
INFO: [Common 17-349] Got license for feature 'Implementation' and/or device 'xc7a35t'
INFO: [DRC 23-27] Running DRC with 8 threads
INFO: [Vivado_Tcl 4-198] DRC finished with 0 Errors
INFO: [Vivado_Tcl 4-199] Please refer to the DRC report (report_drc) for more information.


Starting Routing Task
INFO: [Route 35-254] Multithreading enabled for route_design using a maximum of 8 CPUs

Phase 1 Build RT Design
Checksum: PlaceDB: dbf40749 ConstDB: 0 ShapeSum: e654ccdc RouteDB: a0815c57
Post Restoration Checksum: NetGraph: 9cf0a515 | NumContArr: 501d0e38 | Constraints: c2a8fa9d | Timing: c2a8fa9d
Phase 1 Build RT Design | Checksum: 2725fa887

Time (s): cpu = 00:00:16 ; elapsed = 00:00:13 . Memory (MB): peak = 2830.520 ; gain = 0.000 ; free physical = 1143 ; free virtual = 36947

Phase 2 Router Initialization

Phase 2.1 Fix Topology Constraints
Phase 2.1 Fix Topology Constraints | Checksum: 2725fa887

Time (s): cpu = 00:00:16 ; elapsed = 00:00:13 . Memory (MB): peak = 2830.520 ; gain = 0.000 ; free physical = 1143 ; free virtual = 36947

Phase 2.2 Pre Route Cleanup
Phase 2.2 Pre Route Cleanup | Checksum: 2725fa887

Time (s): cpu = 00:00:16 ; elapsed = 00:00:13 . Memory (MB): peak = 2830.520 ; gain = 0.000 ; free physical = 1143 ; free virtual = 36947
 Number of Nodes with overlaps = 0

Phase 2.3 Update Timing
Phase 2.3 Update Timing | Checksum: 289e965b3

Time (s): cpu = 00:00:19 ; elapsed = 00:00:14 . Memory (MB): peak = 2830.520 ; gain = 0.000 ; free physical = 1127 ; free virtual = 36931
INFO: [Route 35-416] Intermediate Timing Summary | WNS=-2.179 | TNS=-973.603| WHS=-0.216 | THS=-51.100|


Router Utilization Summary
  Global Vertical Routing Utilization    = 0 %
  Global Horizontal Routing Utilization  = 0 %
  Routable Net Status*
  *Does not include unroutable nets such as driverless and loadless.
  Run report_route_status for detailed report.
  Number of Failed Nets               = 5631
    (Failed Nets is the sum of unrouted and partially routed nets)
  Number of Unrouted Nets             = 5631
  Number of Partially Routed Nets     = 0
  Number of Node Overlaps             = 0

Phase 2 Router Initialization | Checksum: 28690714d

Time (s): cpu = 00:00:20 ; elapsed = 00:00:14 . Memory (MB): peak = 2830.520 ; gain = 0.000 ; free physical = 1120 ; free virtual = 36924

Phase 3 Global Routing
Phase 3 Global Routing | Checksum: 28690714d

Time (s): cpu = 00:00:20 ; elapsed = 00:00:14 . Memory (MB): peak = 2830.520 ; gain = 0.000 ; free physical = 1120 ; free virtual = 36924

Phase 4 Initial Routing

Phase 4.1 Initial Net Routing Pass
Phase 4.1 Initial Net Routing Pass | Checksum: 23d0f282e

Time (s): cpu = 00:00:22 ; elapsed = 00:00:14 . Memory (MB): peak = 2830.520 ; gain = 0.000 ; free physical = 1120 ; free virtual = 36924
Phase 4 Initial Routing | Checksum: 23d0f282e

Time (s): cpu = 00:00:22 ; elapsed = 00:00:14 . Memory (MB): peak = 2830.520 ; gain = 0.000 ; free physical = 1120 ; free virtual = 36924
INFO: [Route 35-580] Design has 2 pins with tight setup and hold constraints.

The top 5 pins with tight setup and hold constraints:

+====================+===================+========================================+
| Launch Setup Clock | Launch Hold Clock | Pin                                    |
+====================+===================+========================================+
| sys_clk_pin        | sys_clk_pin       | u_chord_detector/level_pair_seen_reg/D |
| sys_clk_pin        | sys_clk_pin       | u_detector/best_found_reg/D            |
+--------------------+-------------------+----------------------------------------+

File with complete list of pins: tight_setup_hold_pins.txt


Phase 5 Rip-up And Reroute

Phase 5.1 Global Iteration 0
 Number of Nodes with overlaps = 1763
 Number of Nodes with overlaps = 746
 Number of Nodes with overlaps = 344
 Number of Nodes with overlaps = 219
 Number of Nodes with overlaps = 127
 Number of Nodes with overlaps = 67
 Number of Nodes with overlaps = 30
 Number of Nodes with overlaps = 20
 Number of Nodes with overlaps = 8
 Number of Nodes with overlaps = 6
 Number of Nodes with overlaps = 9
 Number of Nodes with overlaps = 2
 Number of Nodes with overlaps = 1
 Number of Nodes with overlaps = 0
INFO: [Route 35-416] Intermediate Timing Summary | WNS=-3.789 | TNS=-1536.058| WHS=N/A    | THS=N/A    |

Phase 5.1 Global Iteration 0 | Checksum: 2290be791

Time (s): cpu = 00:00:46 ; elapsed = 00:00:23 . Memory (MB): peak = 2830.520 ; gain = 0.000 ; free physical = 1104 ; free virtual = 36908

Phase 5.2 Global Iteration 1
 Number of Nodes with overlaps = 415
 Number of Nodes with overlaps = 128
 Number of Nodes with overlaps = 105
 Number of Nodes with overlaps = 42
 Number of Nodes with overlaps = 34
 Number of Nodes with overlaps = 26
 Number of Nodes with overlaps = 14
 Number of Nodes with overlaps = 8
 Number of Nodes with overlaps = 7
 Number of Nodes with overlaps = 4
 Number of Nodes with overlaps = 3
 Number of Nodes with overlaps = 3
 Number of Nodes with overlaps = 4
 Number of Nodes with overlaps = 0
INFO: [Route 35-416] Intermediate Timing Summary | WNS=-3.746 | TNS=-1723.013| WHS=N/A    | THS=N/A    |

Phase 5.2 Global Iteration 1 | Checksum: 317964c73

Time (s): cpu = 00:00:54 ; elapsed = 00:00:27 . Memory (MB): peak = 2830.520 ; gain = 0.000 ; free physical = 1111 ; free virtual = 36916

Phase 5.3 Global Iteration 2
 Number of Nodes with overlaps = 474
 Number of Nodes with overlaps = 275
 Number of Nodes with overlaps = 88
 Number of Nodes with overlaps = 79
 Number of Nodes with overlaps = 80
 Number of Nodes with overlaps = 29
 Number of Nodes with overlaps = 17
 Number of Nodes with overlaps = 13
 Number of Nodes with overlaps = 7
 Number of Nodes with overlaps = 6
 Number of Nodes with overlaps = 3
 Number of Nodes with overlaps = 1
 Number of Nodes with overlaps = 0
INFO: [Route 35-416] Intermediate Timing Summary | WNS=-3.612 | TNS=-1499.018| WHS=N/A    | THS=N/A    |

Phase 5.3 Global Iteration 2 | Checksum: 284e66093

Time (s): cpu = 00:01:03 ; elapsed = 00:00:32 . Memory (MB): peak = 2830.520 ; gain = 0.000 ; free physical = 1113 ; free virtual = 36917

Phase 5.4 Global Iteration 3
 Number of Nodes with overlaps = 674
 Number of Nodes with overlaps = 407
 Number of Nodes with overlaps = 191
 Number of Nodes with overlaps = 156
 Number of Nodes with overlaps = 120
 Number of Nodes with overlaps = 66
 Number of Nodes with overlaps = 61
 Number of Nodes with overlaps = 31
 Number of Nodes with overlaps = 21
 Number of Nodes with overlaps = 16
 Number of Nodes with overlaps = 10
 Number of Nodes with overlaps = 6
 Number of Nodes with overlaps = 4
 Number of Nodes with overlaps = 2
 Number of Nodes with overlaps = 0
INFO: [Route 35-416] Intermediate Timing Summary | WNS=-3.573 | TNS=-1524.546| WHS=N/A    | THS=N/A    |

Phase 5.4 Global Iteration 3 | Checksum: 23531176c

Time (s): cpu = 00:01:21 ; elapsed = 00:00:40 . Memory (MB): peak = 2830.520 ; gain = 0.000 ; free physical = 1127 ; free virtual = 36932
Phase 5 Rip-up And Reroute | Checksum: 23531176c

Time (s): cpu = 00:01:21 ; elapsed = 00:00:40 . Memory (MB): peak = 2830.520 ; gain = 0.000 ; free physical = 1127 ; free virtual = 36932

Phase 6 Delay and Skew Optimization

Phase 6.1 Delay CleanUp

Phase 6.1.1 Update Timing
Phase 6.1.1 Update Timing | Checksum: 2a2561d21

Time (s): cpu = 00:01:21 ; elapsed = 00:00:40 . Memory (MB): peak = 2830.520 ; gain = 0.000 ; free physical = 1128 ; free virtual = 36932
INFO: [Route 35-416] Intermediate Timing Summary | WNS=-3.565 | TNS=-1479.694| WHS=N/A    | THS=N/A    |

 Number of Nodes with overlaps = 0
Phase 6.1 Delay CleanUp | Checksum: 203ae89ea

Time (s): cpu = 00:01:22 ; elapsed = 00:00:40 . Memory (MB): peak = 2830.520 ; gain = 0.000 ; free physical = 1127 ; free virtual = 36932

Phase 6.2 Clock Skew Optimization
Phase 6.2 Clock Skew Optimization | Checksum: 203ae89ea

Time (s): cpu = 00:01:22 ; elapsed = 00:00:40 . Memory (MB): peak = 2830.520 ; gain = 0.000 ; free physical = 1127 ; free virtual = 36932
Phase 6 Delay and Skew Optimization | Checksum: 203ae89ea

Time (s): cpu = 00:01:22 ; elapsed = 00:00:40 . Memory (MB): peak = 2830.520 ; gain = 0.000 ; free physical = 1127 ; free virtual = 36932

Phase 7 Post Hold Fix

Phase 7.1 Hold Fix Iter
INFO: [Route 35-416] Intermediate Timing Summary | WNS=-3.483 | TNS=-1447.717| WHS=0.014  | THS=0.000  |

Phase 7.1 Hold Fix Iter | Checksum: 25ceb701e

Time (s): cpu = 00:01:22 ; elapsed = 00:00:40 . Memory (MB): peak = 2830.520 ; gain = 0.000 ; free physical = 1127 ; free virtual = 36932
Phase 7 Post Hold Fix | Checksum: 25ceb701e

Time (s): cpu = 00:01:22 ; elapsed = 00:00:40 . Memory (MB): peak = 2830.520 ; gain = 0.000 ; free physical = 1127 ; free virtual = 36932

Phase 8 Route finalize

Router Utilization Summary
  Global Vertical Routing Utilization    = 2.15865 %
  Global Horizontal Routing Utilization  = 2.68792 %
  Routable Net Status*
  *Does not include unroutable nets such as driverless and loadless.
  Run report_route_status for detailed report.
  Number of Failed Nets               = 0
    (Failed Nets is the sum of unrouted and partially routed nets)
  Number of Unrouted Nets             = 0
  Number of Partially Routed Nets     = 0
  Number of Node Overlaps             = 0


--GLOBAL Congestion:
Utilization threshold used for congestion level computation: 0.85
Congestion Report
North Dir 1x1 Area, Max Cong = 49.5495%, No Congested Regions.
South Dir 1x1 Area, Max Cong = 77.4775%, No Congested Regions.
East Dir 1x1 Area, Max Cong = 57.3529%, No Congested Regions.
West Dir 1x1 Area, Max Cong = 95.5882%, Congestion bounded by tiles (Lower Left Tile -> Upper Right Tile):
   INT_R_X25Y67 -> INT_R_X25Y67

------------------------------
Reporting congestion hotspots
------------------------------
Direction: North
----------------
Congested clusters found at Level 0
Effective congestion level: 0 Aspect Ratio: 1 Sparse Ratio: 0
Direction: South
----------------
Congested clusters found at Level 0
Effective congestion level: 0 Aspect Ratio: 1 Sparse Ratio: 0
Direction: East
----------------
Congested clusters found at Level 0
Effective congestion level: 0 Aspect Ratio: 1 Sparse Ratio: 0
Direction: West
----------------
Congested clusters found at Level 0
Effective congestion level: 0 Aspect Ratio: 1 Sparse Ratio: 1

Phase 8 Route finalize | Checksum: 25ceb701e

Time (s): cpu = 00:01:22 ; elapsed = 00:00:40 . Memory (MB): peak = 2830.520 ; gain = 0.000 ; free physical = 1127 ; free virtual = 36932

Phase 9 Verifying routed nets

 Verification completed successfully
Phase 9 Verifying routed nets | Checksum: 25ceb701e

Time (s): cpu = 00:01:22 ; elapsed = 00:00:40 . Memory (MB): peak = 2830.520 ; gain = 0.000 ; free physical = 1127 ; free virtual = 36932

Phase 10 Depositing Routes
Phase 10 Depositing Routes | Checksum: 1f3cf6d8a

Time (s): cpu = 00:01:23 ; elapsed = 00:00:41 . Memory (MB): peak = 2830.520 ; gain = 0.000 ; free physical = 1124 ; free virtual = 36929

Phase 11 Post Process Routing
Phase 11 Post Process Routing | Checksum: 1f3cf6d8a

Time (s): cpu = 00:01:23 ; elapsed = 00:00:41 . Memory (MB): peak = 2830.520 ; gain = 0.000 ; free physical = 1124 ; free virtual = 36929

Phase 12 Post Router Timing
INFO: [Route 35-57] Estimated Timing Summary | WNS=-3.483 | TNS=-1447.717| WHS=0.014  | THS=0.000  |

WARNING: [Route 35-328] Router estimated timing not met.
Resolution: For a complete and accurate timing signoff, report_timing_summary must be run after route_design. Alternatively, route_design can be run with the -timing_summary option to enable a complete timing signoff at the end of route_design.
Phase 12 Post Router Timing | Checksum: 1f3cf6d8a

Time (s): cpu = 00:01:23 ; elapsed = 00:00:41 . Memory (MB): peak = 2830.520 ; gain = 0.000 ; free physical = 1124 ; free virtual = 36929
Total Elapsed time in route_design: 40.56 secs

Phase 13 Post-Route Event Processing
Phase 13 Post-Route Event Processing | Checksum: 2a9371735

Time (s): cpu = 00:01:23 ; elapsed = 00:00:41 . Memory (MB): peak = 2830.520 ; gain = 0.000 ; free physical = 1125 ; free virtual = 36930
INFO: [Route 35-16] Router Completed Successfully
Ending Routing Task | Checksum: 2a9371735

Time (s): cpu = 00:01:23 ; elapsed = 00:00:41 . Memory (MB): peak = 2830.520 ; gain = 0.000 ; free physical = 1125 ; free virtual = 36930

Routing Is Done.
INFO: [Common 17-83] Releasing license: Implementation
579 Infos, 1 Warnings, 0 Critical Warnings and 0 Errors encountered.
route_design completed successfully
route_design: Time (s): cpu = 00:01:24 ; elapsed = 00:00:41 . Memory (MB): peak = 2830.520 ; gain = 0.000 ; free physical = 1125 ; free virtual = 36930
INFO: [Vivado 12-24828] Executing command : report_drc -file pitch_fft_voice_top_drc_routed.rpt -pb pitch_fft_voice_top_drc_routed.pb -rpx pitch_fft_voice_top_drc_routed.rpx
Command: report_drc -file pitch_fft_voice_top_drc_routed.rpt -pb pitch_fft_voice_top_drc_routed.pb -rpx pitch_fft_voice_top_drc_routed.rpx
INFO: [IP_Flow 19-1839] IP Catalog is up to date.
INFO: [DRC 23-27] Running DRC with 8 threads
INFO: [Vivado_Tcl 2-168] The results of DRC are in file /home/user13/Documents/MoonLab/lab_AMD/pitch_fft_voice/pitch_fft_voice.runs/impl_1/pitch_fft_voice_top_drc_routed.rpt.
report_drc completed successfully
INFO: [Vivado 12-24828] Executing command : report_methodology -file pitch_fft_voice_top_methodology_drc_routed.rpt -pb pitch_fft_voice_top_methodology_drc_routed.pb -rpx pitch_fft_voice_top_methodology_drc_routed.rpx
Command: report_methodology -file pitch_fft_voice_top_methodology_drc_routed.rpt -pb pitch_fft_voice_top_methodology_drc_routed.pb -rpx pitch_fft_voice_top_methodology_drc_routed.rpx
INFO: [Timing 38-35] Done setting XDC timing constraints.
INFO: [DRC 23-133] Running Methodology with 8 threads
INFO: [Vivado_Tcl 2-1520] The results of Report Methodology are in file /home/user13/Documents/MoonLab/lab_AMD/pitch_fft_voice/pitch_fft_voice.runs/impl_1/pitch_fft_voice_top_methodology_drc_routed.rpt.
report_methodology completed successfully
INFO: [Vivado 12-24828] Executing command : report_timing_summary -max_paths 10 -report_unconstrained -file pitch_fft_voice_top_timing_summary_routed.rpt -pb pitch_fft_voice_top_timing_summary_routed.pb -rpx pitch_fft_voice_top_timing_summary_routed.rpx -warn_on_violation 
INFO: [Timing 38-35] Done setting XDC timing constraints.
INFO: [Timing 38-91] UpdateTimingParams: Speed grade: -1, Delay Type: min_max.
INFO: [Timing 38-191] Multithreading enabled for timing update using a maximum of 8 CPUs
CRITICAL WARNING: [Timing 38-282] The design failed to meet the timing requirements. Please see the timing summary report for details on the timing violations.
INFO: [Vivado 12-24838] Running report commands "report_bus_skew, report_incremental_reuse, report_route_status" in parallel.
Running report generation with 3 threads.
INFO: [Vivado 12-24828] Executing command : report_incremental_reuse -file pitch_fft_voice_top_incremental_reuse_routed.rpt
INFO: [Vivado_Tcl 4-1062] Incremental flow is disabled. No incremental reuse Info to report.
INFO: [Vivado 12-24828] Executing command : report_route_status -file pitch_fft_voice_top_route_status.rpt -pb pitch_fft_voice_top_route_status.pb
INFO: [Vivado 12-24828] Executing command : report_bus_skew -warn_on_violation -file pitch_fft_voice_top_bus_skew_routed.rpt -pb pitch_fft_voice_top_bus_skew_routed.pb -rpx pitch_fft_voice_top_bus_skew_routed.rpx
INFO: [Timing 38-91] UpdateTimingParams: Speed grade: -1, Delay Type: min_max.
INFO: [Timing 38-191] Multithreading enabled for timing update using a maximum of 8 CPUs
INFO: [Vivado 12-24828] Executing command : report_power -file pitch_fft_voice_top_power_routed.rpt -pb pitch_fft_voice_top_power_summary_routed.pb -rpx pitch_fft_voice_top_power_routed.rpx
Command: report_power -file pitch_fft_voice_top_power_routed.rpt -pb pitch_fft_voice_top_power_summary_routed.pb -rpx pitch_fft_voice_top_power_routed.rpx
Running Vector-less Activity Propagation...

Finished Running Vector-less Activity Propagation
599 Infos, 1 Warnings, 1 Critical Warnings and 0 Errors encountered.
report_power completed successfully
INFO: [Vivado 12-24828] Executing command : report_clock_utilization -file pitch_fft_voice_top_clock_utilization_routed.rpt
generate_parallel_reports: Time (s): cpu = 00:00:20 ; elapsed = 00:00:05 . Memory (MB): peak = 2930.004 ; gain = 99.484 ; free physical = 1006 ; free virtual = 36814
INFO: [Timing 38-480] Writing timing data to binary archive.
Write ShapeDB Complete: Time (s): cpu = 00:00:00.03 ; elapsed = 00:00:00 . Memory (MB): peak = 2930.004 ; gain = 0.000 ; free physical = 1005 ; free virtual = 36814
Wrote PlaceDB: Time (s): cpu = 00:00:00.66 ; elapsed = 00:00:00.23 . Memory (MB): peak = 2930.004 ; gain = 0.000 ; free physical = 997 ; free virtual = 36812
Wrote PulsedLatchDB: Time (s): cpu = 00:00:00 ; elapsed = 00:00:00 . Memory (MB): peak = 2930.004 ; gain = 0.000 ; free physical = 997 ; free virtual = 36812
Writing XDEF routing.
Writing XDEF routing logical nets.
Writing XDEF routing special nets.
Wrote RouteStorage: Time (s): cpu = 00:00:00.08 ; elapsed = 00:00:00.05 . Memory (MB): peak = 2930.004 ; gain = 0.000 ; free physical = 997 ; free virtual = 36812
Wrote Netlist Cache: Time (s): cpu = 00:00:00 ; elapsed = 00:00:00 . Memory (MB): peak = 2930.004 ; gain = 0.000 ; free physical = 997 ; free virtual = 36813
Wrote Device Cache: Time (s): cpu = 00:00:00.01 ; elapsed = 00:00:00.01 . Memory (MB): peak = 2930.004 ; gain = 0.000 ; free physical = 997 ; free virtual = 36814
Write Physdb Complete: Time (s): cpu = 00:00:00.75 ; elapsed = 00:00:00.29 . Memory (MB): peak = 2930.004 ; gain = 0.000 ; free physical = 997 ; free virtual = 36814
INFO: [Common 17-1381] The checkpoint '/home/user13/Documents/MoonLab/lab_AMD/pitch_fft_voice/pitch_fft_voice.runs/impl_1/pitch_fft_voice_top_routed.dcp' has been generated.
Command: write_bitstream -force pitch_fft_voice_top.bit
Attempting to get a license for feature 'Implementation' and/or device 'xc7a35t'
INFO: [Common 17-349] Got license for feature 'Implementation' and/or device 'xc7a35t'
Running DRC as a precondition to command write_bitstream
INFO: [IP_Flow 19-1839] IP Catalog is up to date.
INFO: [DRC 23-27] Running DRC with 8 threads
INFO: [Vivado 12-3199] DRC finished with 0 Errors
INFO: [Vivado 12-3200] Please refer to the DRC report (report_drc) for more information.
INFO: [Designutils 20-2272] Running write_bitstream with 8 threads.
Loading data files...
Loading site data...
Loading route data...
Processing options...
Creating bitmap...
Creating bitstream...
Writing bitstream ./pitch_fft_voice_top.bit...
INFO: [Vivado 12-1842] Bitgen Completed Successfully.
INFO: [Project 1-1876] WebTalk data collection is mandatory when using a ULT device. To see the specific WebTalk data collected for your design, open the usage_statistics_webtalk.html or usage_statistics_webtalk.xml file in the implementation directory.
INFO: [Common 17-83] Releasing license: Implementation
611 Infos, 1 Warnings, 1 Critical Warnings and 0 Errors encountered.
write_bitstream completed successfully
write_bitstream: Time (s): cpu = 00:00:18 ; elapsed = 00:00:17 . Memory (MB): peak = 3185.930 ; gain = 255.926 ; free physical = 717 ; free virtual = 36527
INFO: [Common 17-206] Exiting Vivado at Wed Sep 30 11:35:56 2026...

*** Running vivado
    with args -log pitch_fft_voice_top.vdi -applog -m64 -product Vivado -messageDb vivado.pb -mode batch -source pitch_fft_voice_top.tcl -notrace


****** Vivado v2024.2 (64-bit)
  **** SW Build 5239630 on Fri Nov 08 22:34:34 MST 2024
  **** IP Build 5239520 on Sun Nov 10 16:12:51 MST 2024
  **** SharedData Build 5239561 on Fri Nov 08 14:39:27 MST 2024
  **** Start of session at: Wed Sep 30 12:04:38 2026
    ** Copyright 1986-2022 Xilinx, Inc. All Rights Reserved.
    ** Copyright 2022-2024 Advanced Micro Devices, Inc. All Rights Reserved.

source pitch_fft_voice_top.tcl -notrace
Command: open_checkpoint pitch_fft_voice_top_routed.dcp
INFO: [Device 21-403] Loading part xc7a35tcpg236-1
Netlist sorting complete. Time (s): cpu = 00:00:00.04 ; elapsed = 00:00:00.04 . Memory (MB): peak = 1446.176 ; gain = 0.000 ; free physical = 970 ; free virtual = 37072
INFO: [Netlist 29-17] Analyzing 436 Unisim elements for replacement
INFO: [Netlist 29-28] Unisim Transformation completed in 0 CPU seconds
INFO: [Project 1-479] Netlist was created with Vivado 2024.2
INFO: [Project 1-570] Preparing netlist for logic optimization
Read ShapeDB Complete: Time (s): cpu = 00:00:00.01 ; elapsed = 00:00:00.01 . Memory (MB): peak = 1514.988 ; gain = 1.000 ; free physical = 890 ; free virtual = 36991
INFO: [Timing 38-478] Restoring timing data from binary archive.
INFO: [Timing 38-479] Binary timing data restore complete.
INFO: [Project 1-856] Restoring constraints from binary archive.
INFO: [Project 1-853] Binary constraint restore complete.
INFO: [Designutils 20-5722] Start Reading Physical Databases.
Reading placement.
Read Netlist Cache: Time (s): cpu = 00:00:00 ; elapsed = 00:00:00 . Memory (MB): peak = 2090.441 ; gain = 0.000 ; free physical = 382 ; free virtual = 36484
Reading placer database...
Read Device Cache: Time (s): cpu = 00:00:00.01 ; elapsed = 00:00:00.01 . Memory (MB): peak = 2090.441 ; gain = 0.000 ; free physical = 382 ; free virtual = 36484
Read PlaceDB: Time (s): cpu = 00:00:00.17 ; elapsed = 00:00:00.18 . Memory (MB): peak = 2090.441 ; gain = 0.000 ; free physical = 378 ; free virtual = 36480
Read PulsedLatchDB: Time (s): cpu = 00:00:00 ; elapsed = 00:00:00 . Memory (MB): peak = 2090.441 ; gain = 0.000 ; free physical = 378 ; free virtual = 36480
Reading routing.
Read RouteStorage: Time (s): cpu = 00:00:00.12 ; elapsed = 00:00:00.04 . Memory (MB): peak = 2090.441 ; gain = 0.000 ; free physical = 378 ; free virtual = 36480
Read Physdb Files: Time (s): cpu = 00:00:00.31 ; elapsed = 00:00:00.23 . Memory (MB): peak = 2090.441 ; gain = 0.000 ; free physical = 378 ; free virtual = 36480
Restored from archive | CPU: 0.360000 secs | Memory: 8.187454 MB |
Finished XDEF File Restore: Time (s): cpu = 00:00:00.35 ; elapsed = 00:00:00.27 . Memory (MB): peak = 2090.441 ; gain = 5.938 ; free physical = 378 ; free virtual = 36480
Netlist sorting complete. Time (s): cpu = 00:00:00 ; elapsed = 00:00:00 . Memory (MB): peak = 2090.441 ; gain = 0.000 ; free physical = 378 ; free virtual = 36480
INFO: [Project 1-111] Unisim Transformation Summary:
No Unisim elements were transformed.

INFO: [Project 1-604] Checkpoint was created with Vivado v2024.2 (64-bit) build 5239630
open_checkpoint: Time (s): cpu = 00:00:12 ; elapsed = 00:00:12 . Memory (MB): peak = 2090.441 ; gain = 658.168 ; free physical = 378 ; free virtual = 36480
Command: write_bitstream -force pitch_fft_voice_top.bit
Attempting to get a license for feature 'Implementation' and/or device 'xc7a35t'
INFO: [Common 17-349] Got license for feature 'Implementation' and/or device 'xc7a35t'
Running DRC as a precondition to command write_bitstream
INFO: [IP_Flow 19-234] Refreshing IP repositories
INFO: [IP_Flow 19-1704] No user IP repositories specified
INFO: [IP_Flow 19-2313] Loaded Vivado IP repository '/home/user13/tools/Xilinx/Vivado/2024.2/data/ip'.
INFO: [DRC 23-27] Running DRC with 8 threads
INFO: [Vivado 12-3199] DRC finished with 0 Errors
INFO: [Vivado 12-3200] Please refer to the DRC report (report_drc) for more information.
INFO: [Designutils 20-2272] Running write_bitstream with 8 threads.
Loading data files...
Loading site data...
Loading route data...
Processing options...
Creating bitmap...
Creating bitstream...
Writing bitstream ./pitch_fft_voice_top.bit...
INFO: [Vivado 12-1842] Bitgen Completed Successfully.
INFO: [Project 1-1876] WebTalk data collection is mandatory when using a ULT device. To see the specific WebTalk data collected for your design, open the usage_statistics_webtalk.html or usage_statistics_webtalk.xml file in the implementation directory.
INFO: [Common 17-83] Releasing license: Implementation
23 Infos, 0 Warnings, 0 Critical Warnings and 0 Errors encountered.
write_bitstream completed successfully
write_bitstream: Time (s): cpu = 00:00:20 ; elapsed = 00:00:18 . Memory (MB): peak = 2637.297 ; gain = 546.855 ; free physical = 282 ; free virtual = 36053
INFO: [Common 17-206] Exiting Vivado at Wed Sep 30 12:05:10 2026...
